Date,mean_corr_eq14,mean_corr_all20,mean_corr_eq12_ex_lev_inv
2019-01-03,,,
2019-01-04,,,
2019-01-07,,,
2019-01-08,,,
2019-01-09,,,
2019-01-10,,,
2019-01-11,,,
2019-01-14,,,
2019-01-15,,,
2019-01-16,,,
2019-01-17,,,
2019-01-18,,,
2019-01-21,,,
2019-01-22,,,
2019-01-23,,,
2019-01-24,,,
2019-01-25,,,
2019-01-28,,,
2019-01-29,,,
2019-01-30,,,
2019-01-31,,,
2019-02-01,,,
2019-02-07,,,
2019-02-08,,,
2019-02-11,,,
2019-02-12,,,
2019-02-13,,,
2019-02-14,,,
2019-02-15,,,
2019-02-18,,,
2019-02-19,,,
2019-02-20,,,
2019-02-21,,,
2019-02-22,,,
2019-02-25,,,
2019-02-26,,,
2019-02-27,,,
2019-02-28,,,
2019-03-04,,,
2019-03-05,,,
2019-03-06,,,
2019-03-07,,,
2019-03-08,,,
2019-03-11,,,
2019-03-12,,,
2019-03-13,,,
2019-03-14,,,
2019-03-15,,,
2019-03-18,,,
2019-03-19,,,
2019-03-20,,,
2019-03-21,,,
2019-03-22,,,
2019-03-25,,,
2019-03-26,,,
2019-03-27,,,
2019-03-28,,,
2019-03-29,,,
2019-04-01,,,
2019-04-02,,,
2019-04-03,,,
2019-04-04,,,
2019-04-05,,,
2019-04-08,,,
2019-04-09,,,
2019-04-10,,,
2019-04-11,,,
2019-04-12,,,
2019-04-15,,,
2019-04-16,,,
2019-04-17,,,
2019-04-18,,,
2019-04-19,,,
2019-04-22,,,
2019-04-23,,,
2019-04-24,,,
2019-04-25,,,
2019-04-26,,,
2019-04-29,,,
2019-04-30,,,
2019-05-02,,,
2019-05-03,,,
2019-05-07,,,
2019-05-08,,,
2019-05-09,,,
2019-05-10,,,
2019-05-13,,,
2019-05-14,,,
2019-05-15,,,
2019-05-16,,,
2019-05-17,,,
2019-05-20,,,
2019-05-21,,,
2019-05-22,,,
2019-05-23,,,
2019-05-24,,,
2019-05-27,,,
2019-05-28,,,
2019-05-29,,,
2019-05-30,,,
2019-05-31,,,
2019-06-03,,,
2019-06-04,,,
2019-06-05,,,
2019-06-07,,,
2019-06-10,,,
2019-06-11,,,
2019-06-12,,,
2019-06-13,,,
2019-06-14,,,
2019-06-17,,,
2019-06-18,,,
2019-06-19,,,
2019-06-20,,,
2019-06-21,,,
2019-06-24,,,
2019-06-25,,,
2019-06-26,,,
2019-06-27,,,
2019-06-28,0.31613891522407017,0.15196736214963136,0.451237843880185
2019-07-01,0.31471346275961937,0.1537551142414162,0.4490898859698264
2019-07-02,0.31674695821268256,0.15445075067640485,0.45189807265800197
2019-07-03,0.31736747238962265,0.15401156676408978,0.4527680417130303
2019-07-04,0.31709989240764913,0.15328549816123116,0.4523716502620466
2019-07-05,0.3075146592969348,0.14689474996197113,0.43918960022905656
2019-07-08,0.31996415240915826,0.1522728498310475,0.4563493825567285
2019-07-09,0.32106775324391346,0.15462074453658162,0.45789457441344705
2019-07-10,0.3195951257765766,0.1530075742027079,0.4558742301194976
2019-07-11,0.3171408214349892,0.1518402155948004,0.45247121166165194
2019-07-12,0.31695419327737817,0.1520168026250789,0.45224460621540663
2019-07-15,0.31813051931202946,0.15251805438804394,0.453814952411988
2019-07-16,0.31570367048360415,0.15120033892797877,0.450432151483733
2019-07-17,0.31787950268230436,0.15183663970715705,0.4534785643203442
2019-07-18,0.3177929108173715,0.1506697324507766,0.4534130198285711
2019-07-19,0.3230656027543473,0.15481162598968543,0.46074981364264117
2019-07-22,0.32291382432501414,0.15449270847827157,0.4605658037630516
2019-07-23,0.3219983010194973,0.15465906154879674,0.4593547734995728
2019-07-24,0.32203337470627197,0.15438685922158452,0.4593625522417126
2019-07-25,0.3220557893574667,0.15360913905112483,0.4592848073141264
2019-07-26,0.32121267839660195,0.15254790338212482,0.45813558227466766
2019-07-29,0.3265331312360466,0.15607433355058903,0.4654889959476564
2019-07-30,0.32712595648703274,0.156290116749691,0.46636008199238066
2019-07-31,0.32624587187267323,0.15550854352204993,0.465036326970349
2019-08-01,0.325012077897822,0.15527316686412498,0.46336194501605094
2019-08-02,0.32918086407731256,0.1569999272002314,0.4692747166063735
2019-08-05,0.3418329343353426,0.15307989424758237,0.48648322802630356
2019-08-06,0.3485839903288726,0.15508563463410435,0.495755841927902
2019-08-07,0.3454180359281039,0.15351108743012257,0.491485016576128
2019-08-08,0.3474341947871223,0.15404248809105542,0.49412004115397207
2019-08-09,0.34695063672938065,0.1524929450697281,0.49343742010740166
2019-08-12,0.34729776762671744,0.15261435577840649,0.49389331816571436
2019-08-13,0.3504242458500819,0.15194471270004292,0.4981650949254874
2019-08-14,0.3516070982939801,0.15250429817217775,0.4997925708967537
2019-08-16,0.35149393801876044,0.15139836019229808,0.4995919605585632
2019-08-19,0.35162753394595475,0.15291312152075057,0.4997730947346595
2019-08-20,0.35302547657737526,0.1524441402626709,0.5017287953114273
2019-08-21,0.3525810519084476,0.15263992249116579,0.5011122573124246
2019-08-22,0.3535593312479917,0.1530413319048638,0.5024498308067618
2019-08-23,0.3579617823704892,0.1555581558525269,0.5084827194918098
2019-08-26,0.3693575717956075,0.15838689948469678,0.5240709947109455
2019-08-27,0.36868311394372527,0.15793098275260742,0.5231430991760764
2019-08-28,0.36994977423657616,0.15948034887331544,0.5249169871055367
2019-08-29,0.3682402998857055,0.15929211633063944,0.5225745210513799
2019-08-30,0.37275798134128885,0.15997582755043588,0.5287391990597884
2019-09-02,0.36750268408997716,0.15793270523284564,0.521490904296422
2019-09-03,0.3684166935057645,0.15835876465230544,0.5227007762188987
2019-09-04,0.37135497060583683,0.1589071484510309,0.5267764230341806
2019-09-05,0.37332113319000654,0.15966343031564403,0.5294953544311577
2019-09-06,0.37331098216383324,0.16002877637804158,0.529469902500977
2019-09-09,0.3720500842015313,0.15931300437345142,0.527634345492343
2019-09-10,0.3689510297132274,0.15782830764616332,0.5233485087069806
2019-09-11,0.3725546560598139,0.1578352089610628,0.528460593965051
2019-09-16,0.3736433778683463,0.1590508180896141,0.5298288664456815
2019-09-17,0.3636178288148617,0.1533650987510053,0.515957600792737
2019-09-18,0.36328351838160045,0.15289705622694824,0.5155375944923185
2019-09-19,0.3629701328949783,0.1523335534348551,0.5151118124395146
2019-09-20,0.361548782683185,0.1514179481816711,0.513101919791792
2019-09-23,0.35879288931355974,0.15022522703828958,0.509180250947747
2019-09-24,0.35365415521211596,0.14729828921024066,0.5022766536566706
2019-09-25,0.35636310437814034,0.14963574778858602,0.5060427312926918
2019-09-26,0.3524050231695284,0.1477930936140645,0.5005872018603673
2019-09-27,0.35199777313808894,0.14813370331283723,0.500026454919758
2019-09-30,0.3508379996422195,0.14745521316482638,0.4983954813592581
2019-10-01,0.3493971000999121,0.1456762692929538,0.49641896757927784
2019-10-02,0.3548358911745226,0.14735475237064197,0.5039397406933896
2019-10-04,0.35563637203198395,0.14851150029323415,0.5049525763104746
2019-10-07,0.35287852925195395,0.14798097733123292,0.5011181996598013
2019-10-08,0.3533261054035808,0.14735242725222403,0.5017260982706739
2019-10-10,0.35467575405262286,0.147439057073589,0.5036093025175075
2019-10-11,0.3546313884188707,0.14692933444399012,0.503526117656672
2019-10-14,0.3549421201990754,0.14650405535249292,0.5039259625967422
2019-10-15,0.3546602070357929,0.1461129440963563,0.5034857802439918
2019-10-16,0.35575790881520747,0.14615252143154644,0.5049787723122173
2019-10-17,0.3556339152615697,0.14624563456678763,0.5048042352976746
2019-10-18,0.35535583059217235,0.14703027992441026,0.5044435687928327
2019-10-21,0.3555285697478873,0.147406891193313,0.5047682482606933
2019-10-22,0.3583066567912126,0.146606275361131,0.5085773610976134
2019-10-23,0.35321555894980894,0.14295161681499086,0.5015600866782943
2019-10-24,0.3498720148175733,0.1416234888125573,0.4969127609220387
2019-10-25,0.34839269459881544,0.14078739458411918,0.4948480170038534
2019-10-28,0.34746424254467295,0.14099670707345555,0.4935539883200598
2019-10-29,0.34776010106771815,0.14085196489896623,0.4939407969738534
2019-10-30,0.348106126445075,0.14169665625407718,0.4944203040916702
2019-10-31,0.3475374326235553,0.14140176737716859,0.4936891163606484
2019-11-01,0.3399100485333621,0.13816374094914152,0.48308516882302793
2019-11-04,0.34249259093934303,0.13931194450927614,0.4866603326058235
2019-11-05,0.3399552252994234,0.13663502272548847,0.4831471393342302
2019-11-06,0.3413783651801947,0.13809429727454745,0.48508722469470855
2019-11-07,0.33796914647727305,0.13550761318881563,0.480388922693276
2019-11-08,0.3366328954701346,0.13594189577655658,0.4784357394266903
2019-11-11,0.33687034386305936,0.13651889398337677,0.47889622272507604
2019-11-12,0.3385808488670633,0.13627635517709855,0.4813142051610747
2019-11-13,0.3418480809983454,0.1380397523498226,0.485768685824356
2019-11-14,0.34211464869469316,0.13903392353082733,0.4861444069738289
2019-11-15,0.3437944182556469,0.13829509780527188,0.48840073663625394
2019-11-18,0.34515621405760344,0.1390651195362243,0.4902063103656571
2019-11-19,0.3453176797270875,0.13881115855832366,0.4904486252490875
2019-11-20,0.34536326769207637,0.1390719322502184,0.4905460272219172
2019-11-21,0.34371647973662917,0.138112145224435,0.48830768307278993
2019-11-22,0.34399411950539693,0.13846519020641287,0.48867143713753425
2019-11-25,0.34870358249407746,0.13968823039639056,0.4951443802765605
2019-11-26,0.3520910949818094,0.1423583040554779,0.49993088277591974
2019-11-27,0.3538421630074974,0.14330357071845945,0.5023624912240425
2019-11-28,0.35743004738640277,0.14431663406623416,0.5072757664782028
2019-11-29,0.3604142240056044,0.14623485177862766,0.5115022065197598
2019-12-02,0.3570590000344622,0.1415279629243393,0.506787118687724
2019-12-03,0.3569816265233103,0.14252102846975237,0.5066868275445777
2019-12-04,0.3574801129364869,0.1421823090256202,0.5073627273408825
2019-12-05,0.3576021094837972,0.14267243757608208,0.5074691992013328
2019-12-06,0.3581967140409966,0.14255812807827023,0.508303254803044
2019-12-09,0.3586863131717331,0.14254557389886316,0.5089776627285084
2019-12-10,0.35851064509155084,0.14285776447491355,0.5087482247934618
2019-12-11,0.35768911080304744,0.1416931937214347,0.5075868563484899
2019-12-12,0.36070786180256115,0.1411898387936487,0.5117503190304966
2019-12-13,0.3615267531501993,0.14149576568779076,0.5128086775992969
2019-12-16,0.3615233301144032,0.1412237137152438,0.5127783627137354
2019-12-17,0.36147733962880674,0.14108327384459554,0.5127179624178135
2019-12-18,0.3614810967416585,0.14078209591912128,0.5126961585829547
2019-12-19,0.36424575726121283,0.14157619693705642,0.5164542368609343
2019-12-20,0.3646862265421256,0.14139214875113498,0.5170500229006257
2019-12-23,0.3648140846501414,0.14093956897959464,0.517331775478899
2019-12-24,0.36550703548684144,0.14114066622534965,0.5182460599273158
2019-12-26,0.367798089814374,0.14317730661361786,0.5214079143800131
2019-12-27,0.37173228321999346,0.14650072389136498,0.5268314763644619
2019-12-30,0.3717329010096091,0.1463574693569019,0.5267821388595744
2020-01-02,0.3626856368739118,0.13919354790135252,0.5142986281906792
2020-01-03,0.3615719687496621,0.13870647930109165,0.5127598858252556
2020-01-06,0.36402561173226144,0.137644770495206,0.5161044259800128
2020-01-07,0.36259939067929947,0.1343052136393344,0.5141182984429342
2020-01-08,0.36758087244566345,0.13644610681800567,0.5212040221758939
2020-01-09,0.37071339882604654,0.13459788770928888,0.5255827840840736
2020-01-10,0.3709355506857996,0.13456467615074066,0.5258906406452346
2020-01-13,0.37094755369923166,0.13465029809236473,0.5259045582751835
2020-01-14,0.37066470065478113,0.13446290754809465,0.525405517303816
2020-01-15,0.3668592743932008,0.1307023864460562,0.520190638377971
2020-01-16,0.36749434914633694,0.131677817498315,0.5210745424268227
2020-01-17,0.36808159338750734,0.13204922828801494,0.5218909483230568
2020-01-20,0.3684754224573237,0.13292745697032785,0.5225268740775598
2020-01-21,0.37091880563809887,0.1351362917123233,0.5259082745746604
2020-01-22,0.3719961488472261,0.13613767168093138,0.5273938869018738
2020-01-23,0.36677096753417016,0.13194295572946788,0.5201294802977008
2020-01-28,0.3805467157498459,0.14115698204410868,0.5392016045743149
2020-01-29,0.38014846936835944,0.14193066665082069,0.5386878604297131
2020-01-30,0.38167759048421895,0.14095947870847614,0.540766300940456
2020-01-31,0.37717776197795305,0.13744205215494554,0.5344603555335979
2020-02-03,0.36577590532613696,0.13836773064157537,0.5188459580989419
2020-02-04,0.3573550322489077,0.13452450560426843,0.507193392792788
2020-02-05,0.3605676144713169,0.13534924398337936,0.5115018153013701
2020-02-06,0.36628268991675644,0.14134312288792658,0.5195959957695784
2020-02-07,0.36559297382572964,0.14138711225954453,0.5186245215518794
2020-02-10,0.3657345508093954,0.14163676646460946,0.5188280959720437
2020-02-11,0.36377931705192845,0.14232645434038116,0.5161428843481576
2020-02-12,0.36303432507112865,0.14149634122512986,0.5151447202643638
2020-02-13,0.3624451685651925,0.14149118006537492,0.5143727514264945
2020-02-14,0.3616746188795052,0.14030604605369842,0.5133109120897996
2020-02-17,0.36086777179708057,0.13931783549867205,0.5122022515209
2020-02-18,0.3654203499068924,0.14015276891167358,0.5184927450350665
2020-02-19,0.3654004623365412,0.14040851110812863,0.5184577565825312
2020-02-20,0.36464399567432176,0.1399304293480589,0.5174406563083567
2020-02-21,0.35828985664404417,0.13517548258248946,0.5088983582189703
2020-02-24,0.3904770725619296,0.143980704939806,0.5531630366160483
2020-02-25,0.3867531915094988,0.14035711538434792,0.5480386068204026
2020-02-26,0.38072789268070895,0.13830150457158322,0.5397320570643969
2020-02-27,0.377302481784428,0.13792583761011365,0.5349342750065288
2020-02-28,0.3997225094850345,0.1664335326053857,0.5658366825922126
2020-03-02,0.3956107019078532,0.1649752253589968,0.5602363940467805
2020-03-03,0.38913857508742405,0.1621294729398346,0.5513323982789718
2020-03-04,0.3868475833175712,0.16460793719752942,0.5481638096110777
2020-03-05,0.38785000714872714,0.16503492047966237,0.5495482627891879
2020-03-06,0.3959039138937879,0.16973116309600533,0.560724574886646
2020-03-09,0.42504833336734565,0.18797270550391926,0.6012751250721287
2020-03-10,0.4236893993356378,0.18826700142091518,0.5993703220857635
2020-03-11,0.4273438090451214,0.19099123547213095,0.6045607846958154
2020-03-12,0.45015563328989555,0.21297237919157963,0.635266568230453
2020-03-13,0.465713660201201,0.22877038198370633,0.6562674116907071
2020-03-16,0.45991114134438027,0.23022503676636924,0.6483552547702135
2020-03-17,0.4488273939348446,0.2236612827456397,0.6330981151220856
2020-03-18,0.4742411528448894,0.2324741913003021,0.6682177956567784
2020-03-19,0.4812457020035024,0.24663291119764805,0.6774236003924303
2020-03-20,0.5030689812150981,0.2550663054505327,0.7079741855845594
2020-03-23,0.5111074678488926,0.2648387439128017,0.7188773025106339
2020-03-24,0.5326190129592581,0.28425777777785627,0.7482854532853314
2020-03-25,0.5321812210260973,0.2878063872990015,0.7478369948785395
2020-03-26,0.5317291103846428,0.28732073793509727,0.7474295086117824
2020-03-27,0.5299694874864515,0.28629768611730577,0.7449762255985611
2020-03-30,0.5276533744348743,0.28573745055777733,0.7417796955479034
2020-03-31,0.5265880423501423,0.28337751281209356,0.7403883539246534
2020-04-01,0.5292057569071448,0.28452621720223087,0.7440285192410082
2020-04-02,0.5282309794013419,0.2850650560677876,0.7426681623136976
2020-04-03,0.5282595039178118,0.28524370189706094,0.7426965381447953
2020-04-06,0.5330158371555157,0.2924086886563556,0.7492739686841922
2020-04-07,0.5334284971272263,0.2927428680789614,0.7498355406591531
2020-04-08,0.5331132058660264,0.29236315467287827,0.749383318603289
2020-04-09,0.5323296649581373,0.29289008498491176,0.7483089934380363
2020-04-10,0.5307989421641519,0.2910341777890418,0.7461813850886423
2020-04-13,0.53163941257049,0.292550049550033,0.7473451121419348
2020-04-14,0.5321288172084894,0.2934070590100367,0.7480178577500465
2020-04-16,0.5324268902706973,0.29281717079153224,0.7484275964157456
2020-04-17,0.5330267459485218,0.2914510182774542,0.7492741556805961
2020-04-20,0.5336627282595574,0.29183169586885077,0.7501257145420175
2020-04-21,0.5339860026809274,0.29218581595653803,0.7505721463185169
2020-04-22,0.533100827598833,0.2873204727541769,0.7494160925047111
2020-04-23,0.5331358324288945,0.2874105110239719,0.7494643430749867
2020-04-24,0.5333127235154248,0.2869741592623808,0.7497032082834504
2020-04-27,0.53215860495375,0.28469574346767723,0.7481139387037854
2020-04-28,0.5316635954661352,0.2840336005534174,0.7474287023579593
2020-04-29,0.5308221650508773,0.2840673528961158,0.7462775483562112
2020-05-04,0.5313712559840847,0.283126596459045,0.7470141397154016
2020-05-06,0.5320790677969445,0.28357815492100497,0.7479957542570567
2020-05-07,0.5320867825558602,0.28346926627249763,0.7480076678534816
2020-05-08,0.5323921864719675,0.2847040068792143,0.7484007759865005
2020-05-11,0.532203661414433,0.2849814181188047,0.7481182003047753
2020-05-12,0.5317660708250316,0.2846790024259637,0.7475106837024971
2020-05-13,0.5300173156986097,0.28348001064955775,0.7451085967740643
2020-05-14,0.530076777103493,0.2833448572679656,0.7451825579428628
2020-05-15,0.529808235687827,0.2835437369125166,0.7448026105044937
2020-05-18,0.529423869041711,0.28350200440806383,0.7442798693402164
2020-05-19,0.5279430412808707,0.28229465743009785,0.7422512277020953
2020-05-20,0.5269544447039808,0.2818199631092255,0.7408786802763432
2020-05-21,0.5271844495782756,0.28162658500500115,0.7411658477977267
2020-05-22,0.5275001287189491,0.28276840305139,0.7416117158277691
2020-05-25,0.5279547236803354,0.28343919804171386,0.7422502409662656
2020-05-26,0.5283463173223171,0.2835304237286338,0.7427857130700529
2020-05-27,0.5265772510382206,0.2824846711747906,0.7403511006718961
2020-05-28,0.5245372542433603,0.28132886325266937,0.7375362736308425
2020-05-29,0.5237273282184792,0.2810448622273191,0.7364218045214157
2020-06-01,0.5241436382856202,0.2812636708175498,0.7369817660853643
2020-06-02,0.5234989142099471,0.2809422957409816,0.7360857345777864
2020-06-03,0.5196710157234896,0.27746920152495197,0.7308450757663247
2020-06-04,0.5191459075425717,0.27754255141824324,0.7301229547016838
2020-06-05,0.5190545620088974,0.2775093169958234,0.7300162025825014
2020-06-08,0.5190617234623056,0.2772995649916939,0.7299865221819102
2020-06-09,0.518680242823544,0.27713428268001455,0.7294527207731659
2020-06-10,0.5180544826852798,0.2764651521914054,0.7285868500188791
2020-06-11,0.5167650688772144,0.27548281209888426,0.7268407605603647
2020-06-12,0.5171040764836451,0.2768445658878929,0.7273089713088821
2020-06-15,0.522801999233961,0.2818211823411817,0.7351219742460674
2020-06-16,0.5305576882055616,0.2857189801361925,0.74586802334928
2020-06-17,0.5297446848952652,0.28540449399766976,0.744747014091437
2020-06-18,0.5297395598491002,0.28540076954716026,0.7447556688091677
2020-06-19,0.5299435301479108,0.2854566284419552,0.7450374613686759
2020-06-22,0.5292299587726165,0.2850433933966811,0.7440591946730284
2020-06-23,0.5292078422269327,0.2849613624648959,0.7440354175772244
2020-06-24,0.5283964298504725,0.2844742427683928,0.7429245069516007
2020-06-25,0.5291498639090576,0.2851686360100744,0.7439965180136716
2020-06-26,0.5291695778172476,0.28568405482071274,0.7440223668740015
2020-06-29,0.5304360031822486,0.28697357290805064,0.745782590289502
2020-06-30,0.5303283181393373,0.28782878700696535,0.7456323909653333
2020-07-01,0.5291523050286033,0.28727691404000083,0.7440043514370691
2020-07-02,0.5294938107697271,0.2876613315610498,0.7444172651544654
2020-07-03,0.5299498653595434,0.2891077702188948,0.7450496465902962
2020-07-06,0.5299544990771092,0.28764145379765604,0.745063847589022
2020-07-07,0.5300152864304672,0.2872787918860511,0.7450872288332415
2020-07-08,0.530075696559612,0.2874081812396887,0.7451758754320624
2020-07-09,0.5301899514807538,0.2874747901601008,0.7453336942018418
2020-07-10,0.5298898367577592,0.28745336559766216,0.7449013525119756
2020-07-13,0.5299985622188078,0.2873507830925719,0.7450573606876669
2020-07-14,0.5300959734638834,0.2875225016834772,0.7451818207534484
2020-07-15,0.5293912798142629,0.2870554970279379,0.7442158436349455
2020-07-16,0.5291038150183223,0.28590865832294043,0.743794751846397
2020-07-17,0.5289376024128855,0.285990223640805,0.743583124197547
2020-07-20,0.5274164306078076,0.2875155626653981,0.7414669278452424
2020-07-21,0.527071153262865,0.2867975951491023,0.7409885269815507
2020-07-22,0.5257659943929576,0.28649046719338034,0.7391934789978398
2020-07-23,0.52586356290048,0.2866060109166601,0.7392992295734727
2020-07-24,0.5264933124604263,0.28697013196928606,0.740193354775203
2020-07-27,0.5260037134584593,0.28725137710177506,0.7395121728207845
2020-07-28,0.5260115668536002,0.28721092910139034,0.7395481901630173
2020-07-29,0.5248788138676602,0.28629206960512926,0.7379913101038562
2020-07-30,0.5243869167094747,0.28604216421750805,0.7373119612478791
2020-07-31,0.5236469943410261,0.285696833282223,0.7362865631330655
2020-08-03,0.5227904011543111,0.2853727647310065,0.7350933493812007
2020-08-04,0.522965440598568,0.2854002952507468,0.7353245909921409
2020-08-05,0.5224235173664125,0.285310764947774,0.7345701513392012
2020-08-06,0.5217835332731445,0.2846919399436427,0.7336960437659051
2020-08-07,0.5207947934917055,0.2842389013513749,0.7323365534988312
2020-08-10,0.5177978999808578,0.2824585105290895,0.7282224676116856
2020-08-11,0.5168233169508256,0.28153078744549354,0.7268914620252891
2020-08-12,0.5159193585351262,0.28083548806093733,0.7256731711631753
2020-08-13,0.5151129946213718,0.28150042366653394,0.7245429817980782
2020-08-14,0.5113208502413116,0.282799884672849,0.7193019263464888
2020-08-18,0.512000547024506,0.2805910118607162,0.720259697389119
2020-08-19,0.5129696226416954,0.28100771934732893,0.7215988821612521
2020-08-20,0.5142415970679354,0.2840449638476825,0.7233834692303115
2020-08-21,0.5117743254553456,0.279821838553734,0.7199736741548307
2020-08-24,0.5133369792572445,0.27976391045087584,0.7221123221267788
2020-08-25,0.5152060701581092,0.28036702862155616,0.724686968052052
2020-08-26,0.516161235120214,0.28045982257758756,0.7259823846448457
2020-08-27,0.5155721676003603,0.2795130039363194,0.7251749044299738
2020-08-28,0.5144307695306201,0.27871140452364657,0.7235914338059736
2020-08-31,0.5096166673953461,0.27859663813588587,0.7168267093013534
2020-09-01,0.5099752351943924,0.27804452930540047,0.7173213068291449
2020-09-02,0.5092493811398212,0.27680251799040806,0.7162965143530315
2020-09-03,0.5030391174275647,0.27069033039216345,0.7079242686293058
2020-09-04,0.497232804719085,0.26723086181241384,0.7000451701427878
2020-09-07,0.4979189815369171,0.26716235214011524,0.7009382606322216
2020-09-08,0.5017961069771992,0.2702349793657711,0.7063032769121834
2020-09-09,0.49188944058087214,0.27008203052184965,0.6926267871216716
2020-09-10,0.4868975819353277,0.261306654981065,0.6861567238667573
2020-09-11,0.47269050013943564,0.25740013615872986,0.6663415752053106
2020-09-14,0.45960826313304354,0.246465995416302,0.6485816256739366
2020-09-15,0.43417295784872806,0.23110509953833408,0.6137569756123283
2020-09-16,0.42581608365813206,0.2226193796107891,0.6021032508584585
2020-09-17,0.42766355644842097,0.22655344961628043,0.6044270240041103
2020-09-18,0.4279668942864276,0.22749645631878956,0.6048629216773476
2020-09-21,0.43096223539461753,0.2289064450232201,0.609013370865103
2020-09-22,0.4346242730121188,0.23396073771543618,0.6139804523052335
2020-09-23,0.42219258043736496,0.23100202692213564,0.5968008139342873
2020-09-24,0.43155577818632135,0.23253287777200524,0.60971345335195
2020-09-25,0.4319885770515254,0.23250714364117323,0.6103144476738821
2020-09-28,0.4247423590219346,0.2225540832764858,0.6003463555169604
2020-09-29,0.4246454766819519,0.22194943560495944,0.6002084742403307
2020-10-05,0.4225836305629901,0.22131495057204106,0.5973872972509239
2020-10-06,0.422651103113171,0.2192820296108394,0.5974684755383943
2020-10-07,0.42417449519126194,0.21960600944904238,0.5996332386375587
2020-10-08,0.42103278992609594,0.2159718165691188,0.5953030036956014
2020-10-12,0.4190161253363443,0.21470222819299778,0.5924821785363965
2020-10-13,0.4207063760933471,0.2146117680632614,0.5948379189373737
2020-10-14,0.42091517584776583,0.21687778099567118,0.5951731661199955
2020-10-15,0.41988505156332184,0.21490782115881338,0.5937647736359203
2020-10-16,0.4192724378176334,0.21416264099198418,0.5929162256470213
2020-10-19,0.41836850985106444,0.21607485228312537,0.5916203406802122
2020-10-20,0.4170376941431949,0.21513565695110806,0.5897436824370412
2020-10-21,0.4147656453907306,0.21575928948203205,0.5866040444202849
2020-10-22,0.4117001179910495,0.21795846418807177,0.5823438561443516
2020-10-23,0.4108921935580915,0.2196341481430746,0.5812034702374772
2020-10-26,0.4117474633583108,0.2217431494115429,0.5823153353733781
2020-10-27,0.4069723780475047,0.2235416389515056,0.5757239862531843
2020-10-28,0.404962757443635,0.2239067576536039,0.5729795738497268
2020-10-29,0.4028304353066802,0.2235220333224038,0.5700605689782845
2020-10-30,0.40716025675303213,0.22629575058013607,0.5760606030604631
2020-11-02,0.40806581688674787,0.22521820446085217,0.577329437004403
2020-11-03,0.40924932702245687,0.2272536144709314,0.5789878159131534
2020-11-04,0.40876025854718534,0.22835256836493137,0.578301182650603
2020-11-05,0.4102486149315688,0.23156766001577364,0.5803642191147608
2020-11-06,0.41026095857472283,0.23134493799850156,0.58038830352177
2020-11-09,0.4129662468509191,0.23301097039831747,0.5840745802503278
2020-11-10,0.4067719129473478,0.22985536889044145,0.575516125740538
2020-11-11,0.40736608271702907,0.22941964731858278,0.5763531830128955
2020-11-12,0.4065238040051745,0.2295185161436036,0.5752252419302574
2020-11-13,0.4037021466669688,0.22726159837616788,0.571317279299693
2020-11-16,0.40162250098472013,0.22448390298293205,0.5684266956347988
2020-11-17,0.39980397158992265,0.22355617632563526,0.5659390874722741
2020-11-18,0.4016696789759176,0.22437018021856434,0.5685132686697153
2020-11-19,0.40324650315823074,0.2281290295047132,0.5706853642787719
2020-11-20,0.40408144545398095,0.22894910639712074,0.5718156744016026
2020-11-23,0.4013527615808786,0.22670136259297508,0.5679703436868532
2020-11-24,0.40077934325848547,0.22599983833767703,0.5672148896969065
2020-11-25,0.4040021300873014,0.23043274066549535,0.5715392016411451
2020-11-26,0.40524354877795354,0.23076575852956646,0.5732328506919455
2020-11-27,0.4043110090221568,0.230260090328235,0.5719273054620434
2020-11-30,0.40433060044680486,0.23121853058624103,0.5719787274907256
2020-12-01,0.4061923127206457,0.23337631254109292,0.5745802716913704
2020-12-02,0.40726187103306755,0.23345467935871364,0.5760479974558049
2020-12-03,0.40957443877388583,0.23557253513848853,0.5791504818464613
2020-12-04,0.40557866680643334,0.23228484090235688,0.5737003804132559
2020-12-07,0.3751130952622951,0.21446719995274896,0.5318991589630266
2020-12-08,0.34062993548814213,0.19322460399352434,0.4841562404669203
2020-12-09,0.34393539946692336,0.19399504164802436,0.48869507869168244
2020-12-10,0.3416965623611131,0.19295281232778957,0.4855185592944169
2020-12-11,0.3413643664043372,0.19293780235878952,0.48505772327309576
2020-12-14,0.34305811434895345,0.19384710861203241,0.48739125163382474
2020-12-15,0.3435369666472252,0.1938829085805297,0.48806661489148856
2020-12-16,0.3439579473867122,0.19370267657807316,0.488665026372476
2020-12-17,0.3371070911787645,0.18975606321701616,0.47917045910258177
2020-12-18,0.3371088336664739,0.18978920720462483,0.47918840215921904
2020-12-21,0.3288671191125524,0.18390953165935092,0.4677214798177315
2020-12-22,0.33393603030413227,0.1873193400442666,0.4747661612542447
2020-12-23,0.3336697244308877,0.1874562621006163,0.47430055111023883
2020-12-24,0.33170498043516533,0.18520987451485924,0.4714844153977877
2020-12-28,0.3311800276556071,0.1844882056518557,0.4707371414852939
2020-12-29,0.3304183110047018,0.18374019413929432,0.46970191964808633
2020-12-30,0.32878083421563287,0.1835429351405358,0.46746391974868073
2021-01-04,0.3232059036071291,0.18554791910814789,0.45988634114906296
2021-01-05,0.320578819945655,0.18388915358879634,0.4563170269788901
2021-01-06,0.31963128804148594,0.18208913583823996,0.4550655268931928
2021-01-07,0.3201565145749806,0.18331429477337455,0.4557753690825328
2021-01-08,0.3175700766763002,0.18171215138661648,0.4522132486960872
2021-01-11,0.3166672199366011,0.18075093254871166,0.45098641861727773
2021-01-12,0.31631414704423194,0.18084480886297116,0.45059725267736095
2021-01-13,0.31650674461862777,0.1808358338627733,0.4508337410580981
2021-01-14,0.31715356619041973,0.18121738508185245,0.45172325762500665
2021-01-15,0.3206389223434397,0.1823894976187302,0.4565385780898791
2021-01-18,0.3247830338117951,0.18306654987495682,0.4623129801205954
2021-01-19,0.3290450289865822,0.18255903015944244,0.46822926777260193
2021-01-20,0.3250073443056495,0.18105564388817577,0.46263752617253084
2021-01-21,0.32586687372164946,0.18165577062657978,0.4638286937673769
2021-01-22,0.32652609289704404,0.18185929462684042,0.4647290896332198
2021-01-25,0.32786811815776296,0.18183217703566185,0.4665724858936653
2021-01-26,0.3296598943885727,0.18206401324600974,0.46903739982324444
2021-01-27,0.33081228999162576,0.1828045674010046,0.47063045613488425
2021-01-28,0.3397751988418357,0.1875752296027604,0.4830208792906821
2021-01-29,0.34496212339641524,0.18819506704554761,0.4901876217617009
2021-02-01,0.34929455491606887,0.18980328567501137,0.49622307686841816
2021-02-02,0.3491915202743239,0.1914050854824037,0.49607781913033716
2021-02-03,0.3512924037176471,0.19264406582552496,0.498965754385244
2021-02-04,0.35379769198745487,0.1948510879620069,0.5024137597666678
2021-02-05,0.35538121136249246,0.19625876674530174,0.5045977867828877
2021-02-08,0.3535060595846671,0.19464677120417923,0.5020021072802784
2021-02-09,0.3540300899996713,0.19416372883489796,0.5027133277703277
2021-02-10,0.35401738437944785,0.19406272366821722,0.5027093914265885
2021-02-15,0.34788734534980703,0.1964842140353704,0.494228400408136
2021-02-16,0.34695590590735953,0.19610259984152068,0.4929309570513591
2021-02-17,0.3348119873437349,0.18552041260144667,0.4761826334569794
2021-02-18,0.3361505407018758,0.18601588532979083,0.4780075567617824
2021-02-19,0.3352717303502955,0.18523118212630302,0.47680726370926657
2021-02-22,0.3316730686012392,0.18414060706068303,0.4718435609008655
2021-02-23,0.3315480091410966,0.1832089260554441,0.47162611797958787
2021-02-24,0.33919632791199306,0.18567737512944898,0.4821656513936399
2021-02-25,0.34779758737966954,0.18977481437676125,0.49408699417065427
2021-02-26,0.35702570624197594,0.19883049725612728,0.506889156913876
2021-03-02,0.35780246011621647,0.1975045675684985,0.5080615138954121
2021-03-03,0.357940347342193,0.19742671489246263,0.508239134849796
2021-03-04,0.35798021195875074,0.19734887878943605,0.5082687727177234
2021-03-05,0.3545293595477231,0.19470176571427927,0.503554696269001
2021-03-08,0.35154816643628783,0.1926726543813472,0.49946479882739414
2021-03-09,0.35173433296842377,0.1936796779451777,0.4997122694519087
2021-03-10,0.3465726697443164,0.18978392067647046,0.4926133695533385
2021-03-11,0.3483070520634808,0.1910448741801171,0.495005093492588
2021-03-12,0.34861011962982297,0.19040844487316488,0.4954188196292815
2021-03-15,0.3479466112915583,0.18952049712709992,0.49448097387264206
2021-03-16,0.34717786409280577,0.1894652482686065,0.49341566983580865
2021-03-17,0.3478152950275239,0.1901841094882874,0.4942877463537006
2021-03-18,0.3471275502008701,0.18914785635885775,0.49334199732690864
2021-03-19,0.34778674120096714,0.18808383863132433,0.4942431903867478
2021-03-22,0.3459192116671707,0.18644444961811768,0.491672380298496
2021-03-23,0.34228581100009875,0.18280658206966027,0.4866459940720081
2021-03-24,0.34327341922811977,0.1833410783499055,0.48802184368480034
2021-03-25,0.32800937766697447,0.1777180547442781,0.4670751423099606
2021-03-26,0.3280775137951048,0.17728762188644817,0.4671770044476985
2021-03-29,0.32347948988146213,0.17432940572437955,0.46070031131798167
2021-03-30,0.3220650011274329,0.17302252276448873,0.45876921747541005
2021-03-31,0.322132752892927,0.17485009325422196,0.45885805841911537
2021-04-01,0.32001860507917756,0.17411858858132223,0.455947929768521
2021-04-02,0.31971100594678414,0.1740711186177075,0.45548852827496683
2021-04-05,0.3188435943210665,0.17364838766324683,0.454276939576605
2021-04-06,0.31903836159654947,0.1733502196316047,0.4546100502387568
2021-04-07,0.320335234965065,0.174476444382309,0.4564203996350563
2021-04-08,0.31789796770292406,0.17332191606555933,0.4529820186336579
2021-04-09,0.31781676943155635,0.17431584515064585,0.45289993177061955
2021-04-12,0.3170585910037104,0.17394781230935674,0.45185300110905996
2021-04-13,0.31924021751518905,0.17464623851285474,0.4548650585772723
2021-04-14,0.3202910092908345,0.1754727366959044,0.4563770771572182
2021-04-15,0.32023451645600776,0.17527053618239938,0.4563380238464888
2021-04-16,0.32186670079014995,0.1757997014065349,0.4585879683698204
2021-04-19,0.32234701686093215,0.1761774858843121,0.4592627585658233
2021-04-20,0.31979146444369255,0.17220268924069362,0.4558297289440419
2021-04-21,0.3232921552241461,0.1733076056611963,0.4606629896630569
2021-04-22,0.32428226696700774,0.17341060631347102,0.46202517068187543
2021-04-23,0.32547555045638754,0.1732115050777697,0.463659586070651
2021-04-26,0.31523356332958324,0.16318032527022788,0.44957269475819556
2021-04-27,0.3108695214520844,0.16223510269110528,0.4435428749845353
2021-04-28,0.30840576434371253,0.1586967111115208,0.4401758441794209
2021-04-29,0.31211310130885983,0.15883673724804653,0.4452932922984059
2021-04-30,0.30561262381383686,0.15428036447300741,0.43635868814814205
2021-05-03,0.3070470193822348,0.1547230049449429,0.4383700365631318
2021-05-04,0.30420406833459074,0.1532804174261638,0.4345563048487314
2021-05-06,0.30555767101202064,0.15437019107792752,0.43639122222544885
2021-05-07,0.3076800692872674,0.1556808307418985,0.43934946138027314
2021-05-10,0.3104451784029357,0.15596515579483525,0.4431318716015348
2021-05-11,0.3106927621433361,0.155167145292389,0.4434804697932696
2021-05-12,0.3113328528265493,0.15401181938552386,0.44436445515870615
2021-05-13,0.3118322940486368,0.15483406118417214,0.4450392682058442
2021-05-14,0.31060230016739804,0.15430498094871142,0.4433206231759
2021-05-17,0.31008702029573104,0.15313539198152484,0.4426299873179354
2021-05-18,0.311414277557407,0.1539590204177124,0.4444726247442876
2021-05-20,0.31195461516056555,0.15447418132121413,0.4453050059419891
2021-05-21,0.3109780664131891,0.15480745205587249,0.44393830964258346
2021-05-24,0.3119029319189516,0.15508884735039347,0.4453208739104136
2021-05-25,0.31310519402503484,0.15621780387281442,0.4469663295356395
2021-05-26,0.3143136118426191,0.15724091743804808,0.4486045379215816
2021-05-27,0.313005098023297,0.15564545616618367,0.4467738575752904
2021-05-28,0.3100932799021849,0.15281784659703918,0.44270565382284416
2021-05-31,0.3090114728111271,0.15281163375512097,0.4412288093389053
2021-06-01,0.30953429014281,0.15328115727057753,0.4419385287632162
2021-06-02,0.31042298681453656,0.15332742300155658,0.44313507808617525
2021-06-03,0.31311417524555823,0.15501270420221788,0.4468250058267875
2021-06-04,0.312587248777738,0.15593200062301618,0.44609493015519036
2021-06-07,0.3095894289103721,0.1552149090159258,0.4419634017068483
2021-06-08,0.3113746534029983,0.1560540374376959,0.44448479094409554
2021-06-09,0.3131379203765093,0.15595649554389732,0.4469232727991291
2021-06-10,0.31229286268965784,0.15572312062916982,0.445754600150294
2021-06-11,0.3125930298552278,0.15527369147322584,0.44617260372419965
2021-06-14,0.3111032292720445,0.15432322419722233,0.4441012444581157
2021-06-15,0.31202208821635113,0.1547073520800874,0.44538057776934903
2021-06-16,0.3115985251262757,0.15401891853813365,0.4447904129915186
2021-06-17,0.31185176701446976,0.15386270032735075,0.4451683441643505
2021-06-18,0.3052040457250997,0.14807992831934433,0.43589890154169425
2021-06-21,0.3083153770313966,0.14912578512783958,0.4401729533338638
2021-06-22,0.30846867218052076,0.14869326413066666,0.44043626866876845
2021-06-23,0.30820074902520367,0.14902489549459924,0.4400938224300085
2021-06-24,0.3079954911463857,0.15026230448514266,0.43978863221999587
2021-06-25,0.3090559913782124,0.15092499326231051,0.44128733003900306
2021-06-28,0.31698397975959486,0.14781262110346235,0.4521316752688865
2021-06-29,0.318586368933487,0.14940323272441414,0.45425415894241916
2021-06-30,0.31896819409999366,0.15017018199452323,0.4547263791886548
2021-07-01,0.313362383026919,0.14576931312072564,0.44695652461739566
2021-07-02,0.31520940774862044,0.14619057663327759,0.44945553711575126
2021-07-05,0.3161118185689127,0.14728231585945867,0.4506513924238422
2021-07-06,0.3157734260631532,0.14818112327920074,0.45016108753373696
2021-07-07,0.3151404341150531,0.14715867188357581,0.4493017057760753
2021-07-08,0.31620090543119117,0.146877921582157,0.45078122497316137
2021-07-09,0.312617773013453,0.1455401146970511,0.44583560809230377
2021-07-12,0.3117689695476911,0.14727720005201075,0.44460728165008584
2021-07-13,0.30798760330058983,0.14811285112952174,0.43936185226426355
2021-07-14,0.30861514055481465,0.1470147027468665,0.4401961329333003
2021-07-15,0.30942353902963027,0.1467656789008085,0.44127858549827265
2021-07-16,0.3085948072331246,0.146963893429346,0.440141625048845
2021-07-19,0.30816870617071296,0.14760351138686378,0.4395593776003083
2021-07-20,0.3073250694392426,0.14656020755762136,0.43837408966360264
2021-07-21,0.30705170226275474,0.1462463047860914,0.43795672665732494
2021-07-22,0.2986736531844495,0.14017582224163996,0.4264323765870224
2021-07-23,0.28807293164184644,0.13655507193062694,0.41183733269078243
2021-07-26,0.2797899100872033,0.13069786558804988,0.40035183075125386
2021-07-27,0.27958228232989474,0.12875626884714328,0.4001029319057582
2021-07-28,0.27962630537999905,0.1285619454738942,0.40024059687183533
2021-07-29,0.2783178666255645,0.1277662738592595,0.3984074778694374
2021-07-30,0.27839850495079976,0.12671065898605666,0.3985321828326792
2021-08-02,0.2848892779698709,0.12933834225603272,0.4074720354507536
2021-08-03,0.28287885777671773,0.1287591169917312,0.40481190830173747
2021-08-04,0.2835427802088967,0.1293973544258665,0.40574377357164626
2021-08-05,0.28425947288139497,0.1302098450628744,0.4067195170089057
2021-08-06,0.2851895683280861,0.13071635432194365,0.4079232606799033
2021-08-09,0.28478057275298996,0.13068572506786624,0.40734479490639885
2021-08-10,0.2795059330010445,0.12740045264955815,0.40008283722617427
2021-08-11,0.2772421867582303,0.12678062876099364,0.39677088885683476
2021-08-12,0.2760219436006591,0.12604643089789347,0.39513448292977577
2021-08-13,0.2764218355051679,0.12694940696129295,0.39587222818748113
2021-08-17,0.26403883876584755,0.11937043515804381,0.3789126371487032
2021-08-18,0.24128730526208148,0.10790911299926031,0.3474384820459346
2021-08-19,0.24009667490362477,0.10034659670679165,0.34557320372264466
2021-08-20,0.23612551457814987,0.10228144854067392,0.3398134869410574
2021-08-23,0.23936492958886235,0.10269010587235812,0.34437559808534207
2021-08-24,0.24099508730144878,0.10358114396593078,0.3465959591179944
2021-08-25,0.2411843977775245,0.10372075817768289,0.34685788016262037
2021-08-26,0.2489388230543489,0.10784142649404722,0.35752236495002526
2021-08-27,0.25024233401343277,0.1066943461026465,0.3593056432527115
2021-08-30,0.25105581364244467,0.10764390503171913,0.3604315144896913
2021-08-31,0.24713256080148785,0.10307803569947602,0.3549768793716408
2021-09-01,0.24512793773268596,0.10335280568233646,0.35218679366378725
2021-09-02,0.2464507264073125,0.1034733809762881,0.35402599682748914
2021-09-03,0.24602652150195242,0.10200918297730123,0.35344176131163874
2021-09-06,0.24564668662189643,0.10139337203202109,0.35289109754783876
2021-09-07,0.24481950309089626,0.10093152763908365,0.3517230345523154
2021-09-08,0.24274572194735392,0.10143721554202634,0.3488458789081371
2021-09-09,0.24606415487005737,0.1014231614578926,0.3534574393860859
2021-09-10,0.2443788939357681,0.10008576260121309,0.3511380541973136
2021-09-13,0.24418452173491642,0.10008638132523048,0.35084467678418696
2021-09-14,0.2457348990348681,0.09996510142840467,0.3530163754407398
2021-09-15,0.2440927388081779,0.09968007225185704,0.3507580864640929
2021-09-16,0.2441798142841767,0.09916805304533415,0.35094454312283413
2021-09-17,0.24309174368929468,0.09921367011684079,0.34942107742758294
2021-09-23,0.24478084672164968,0.10008685148288864,0.3518280475112458
2021-09-24,0.24545804110419722,0.09928846037040573,0.35270580137983915
2021-09-27,0.24580454999444018,0.09918364061657817,0.35316795092444997
2021-09-28,0.24876038217403687,0.10114659759334098,0.3572339511487662
2021-09-29,0.25175629774593816,0.10345531813864886,0.36137602742052943
2021-09-30,0.2513350150798978,0.10326108979430036,0.36074401942747564
2021-10-01,0.26165460439984994,0.1066118749956403,0.3751346659182032
2021-10-05,0.2621295453974091,0.10707184599967665,0.3757163160600898
2021-10-06,0.26455013514121384,0.10943258847705221,0.3790589971375603
2021-10-07,0.27277191899198316,0.1146820763855094,0.39033912101433227
2021-10-08,0.2705339333169883,0.11328918711116073,0.38720249395395356
2021-10-12,0.2720035113955309,0.11627700947417545,0.3893039969852922
2021-10-13,0.2732937542069701,0.11880377364985968,0.391105684141306
2021-10-14,0.27630707968031376,0.12175620173816769,0.39526408195280766
2021-10-15,0.2779985699921215,0.1221794072312729,0.39763224224750016
2021-10-18,0.2747491257747576,0.12137616638032428,0.3931225327004539
2021-10-19,0.27485906165233537,0.12168893226283448,0.3931781965052671
2021-10-20,0.27624590156856443,0.1232776414714107,0.3950669775615499
2021-10-21,0.27469711376941974,0.12327656398300263,0.3929049564833216
2021-10-22,0.2771283266366466,0.12435358004994468,0.3962102512268101
2021-10-25,0.27703783305596313,0.1246377092337693,0.396057039504855
2021-10-26,0.2789375007268109,0.12437490617940208,0.3986768035013033
2021-10-27,0.2807344305120564,0.125932708114299,0.40110914507017115
2021-10-28,0.2788587865459035,0.12445693350346375,0.39839277882833274
2021-10-29,0.28107507034238904,0.1291115694594427,0.4014278660284099
2021-11-01,0.28693315232615463,0.13140195568454385,0.4095298490217003
2021-11-02,0.2854672838376189,0.1306054653957849,0.4074613045482019
2021-11-03,0.2794578007142011,0.1282607698028096,0.3991305803057351
2021-11-04,0.28161618111435444,0.13024052225402763,0.4020837133470093
2021-11-05,0.27898856202983074,0.12986593707307337,0.3984143728978156
2021-11-08,0.27605652880236353,0.12699408325649386,0.3943638698854494
2021-11-09,0.27692152028153266,0.12685548241962852,0.39556369244632344
2021-11-10,0.2826385636404027,0.12887740365122005,0.40334729032277983
2021-11-11,0.27861126487906224,0.1257386022221648,0.39777195515415875
2021-11-12,0.2833964880172059,0.12741824047668052,0.40432475630962367
2021-11-15,0.2876572078353987,0.13037665781277957,0.4102374256806264
2021-11-16,0.28814176251498297,0.13093073637628794,0.41094874845581725
2021-11-17,0.28583527689812405,0.12928473344753189,0.4077886130898699
2021-11-18,0.28519565504154076,0.12869493017014674,0.40697784201471743
2021-11-19,0.28662673323286814,0.13048423139718224,0.4089100572277158
2021-11-22,0.2826723343682886,0.1274637802077758,0.40342305214946506
2021-11-23,0.2836669492490949,0.12937562794007698,0.4047207507264724
2021-11-24,0.28308784470092346,0.12907741241208492,0.40392580583898896
2021-11-25,0.28335812107977787,0.12894950407257447,0.40425731329844783
2021-11-26,0.28630757419398495,0.12895963556419388,0.4084079634517343
2021-11-29,0.29032537244616347,0.13380133448412268,0.4137611247656507
2021-11-30,0.2984279670139371,0.1393233028894013,0.42501775976912987
2021-12-01,0.29775463159040894,0.13887257956686658,0.4239904766919086
2021-12-02,0.2863298874357497,0.13385418580451633,0.40821282154488825
2021-12-03,0.2910316882515203,0.13760152373897572,0.41471763106854803
2021-12-06,0.28914699486312184,0.13758166535293062,0.41212303261200456
2021-12-07,0.2909567170673091,0.13869148489834238,0.41463945201544605
2021-12-08,0.29157445920436936,0.14073544391356665,0.4154648056383932
2021-12-09,0.29271316634514144,0.14193359255898164,0.41703326374804345
2021-12-10,0.2934200193484536,0.1420101256957299,0.41803244651448096
2021-12-13,0.2935188649670334,0.14302567844973685,0.4182463868399423
2021-12-14,0.29203250490849697,0.1422254553743286,0.4163502897886465
2021-12-15,0.2916293275537533,0.14299138857654872,0.4158515570793514
2021-12-16,0.2932737233139645,0.1447664854607365,0.41810624572872707
2021-12-17,0.28829748682278017,0.14204051709023927,0.4112538433063646
2021-12-20,0.29445257465153574,0.14716019974553507,0.41978704182874216
2021-12-21,0.29435806484936694,0.14824943573071708,0.419661096684603
2021-12-22,0.2950292177968652,0.14794735881445967,0.4205882775046424
2021-12-23,0.2953603714008174,0.14810968398275662,0.42105927677084487
2021-12-24,0.295957156756954,0.1480931187176112,0.42194075257303604
2021-12-27,0.29539673418318,0.14823244870450536,0.4211901266768249
2021-12-28,0.29817891429056653,0.15142136764999298,0.42484154559036724
2021-12-29,0.2979142017343563,0.1513210255647076,0.4244421447806125
2021-12-30,0.29863904262654345,0.15281531090236813,0.425440839266465
2022-01-03,0.29808918314969685,0.153171857067161,0.42468112247689327
2022-01-04,0.2957702984871067,0.15251583587025533,0.42148373426688646
2022-01-05,0.2926885392558144,0.14930975657380757,0.41725998272798365
2022-01-06,0.2923425193503523,0.15197787115800027,0.4167383972608444
2022-01-07,0.29383136789548947,0.15313495237815794,0.4188134194016001
2022-01-10,0.2892806127240582,0.15184673612232874,0.41256460768502057
2022-01-11,0.2885702763912067,0.15094401220384468,0.41163091532715224
2022-01-12,0.2948541229734964,0.1572741809977213,0.42037908059306406
2022-01-13,0.29384707636829493,0.15726754764752537,0.41898010887784143
2022-01-14,0.29807223077049405,0.16205039912159355,0.4248296300470546
2022-01-17,0.2961357609941728,0.16206182145263148,0.42223458092233995
2022-01-18,0.2971667426842805,0.16207864936591568,0.42357535678744257
2022-01-19,0.29659318722862876,0.1611272982552638,0.4227717504057429
2022-01-20,0.2941712088100803,0.16100422454674082,0.4194515638565652
2022-01-21,0.2972385319597122,0.16332552872808942,0.42357920680584615
2022-01-24,0.30168955167848466,0.16419650042888573,0.42972039962247965
2022-01-25,0.31112551137081285,0.17043580426650876,0.4427870522974366
2022-01-26,0.30903920925151857,0.17031090713435254,0.4398879369453339
2022-01-27,0.32382543437600625,0.17821001380262855,0.4602496755813349
2022-01-28,0.33055556959509147,0.18146308771606284,0.4695851093854006
2022-02-03,0.334997132895567,0.18502919200742415,0.47572309738812124
2022-02-04,0.3346004176415575,0.184943087418374,0.47521648283063384
2022-02-07,0.3362360334347683,0.18599438116368958,0.47746790854768173
2022-02-08,0.3363947904740582,0.18620173104370197,0.47773082025964686
2022-02-09,0.3435219734354591,0.18957557554442575,0.48778720223278804
2022-02-10,0.3424390622744358,0.18890747014450293,0.4862766632872115
2022-02-11,0.3419281747077874,0.18988942353322097,0.4855767570376667
2022-02-14,0.34615505933050067,0.19034128141822143,0.4913832106775032
2022-02-15,0.34680417036941363,0.1896163556273016,0.49227288945210657
2022-02-16,0.3452041387941228,0.18682414611979906,0.4901412804321661
2022-02-17,0.34477298811482104,0.1867974126866329,0.48957824612782225
2022-02-18,0.3417865862123647,0.18632811072414915,0.48538503790362414
2022-02-21,0.3388247289006382,0.18550617460284438,0.48133760938138725
2022-02-22,0.3410154999929276,0.1849321830120706,0.4843758799206552
2022-02-23,0.34227282454583985,0.18502515603714254,0.4861728428813759
2022-02-24,0.35498230810288817,0.18115220826628753,0.503672812530722
2022-02-25,0.3574123639934242,0.18096571570942166,0.5070290113852014
2022-02-28,0.35573200271905886,0.18074878915822018,0.5047297626738732
2022-03-02,0.35227085414533027,0.18101910263578014,0.49992735963042473
2022-03-03,0.35699428260841565,0.18342367130794124,0.5064915679448351
2022-03-04,0.3567992131708142,0.1835653324623387,0.5061953786810609
2022-03-07,0.3620789835956286,0.18090356180357878,0.5135074624340212
2022-03-08,0.364958188171431,0.18077805921819576,0.5173484178696407
2022-03-10,0.37064306185344803,0.17862410297169035,0.525233734463434
2022-03-11,0.369520039533384,0.178679586416976,0.5236284412396431
2022-03-14,0.36835867555774787,0.17892609349383934,0.5220683598941419
2022-03-15,0.3688216533335606,0.18081607132321129,0.522694792373931
2022-03-16,0.37178482752183645,0.182843752386072,0.5268401462731168
2022-03-17,0.374715043255468,0.185404323272842,0.5308770633525911
2022-03-18,0.37572822866306743,0.1868263133201865,0.5323310092423863
2022-03-21,0.3740163291718914,0.18610805031972003,0.5299586340597272
2022-03-22,0.3751244865034917,0.1859924617165745,0.5314553174061666
2022-03-23,0.37888466834922124,0.18629453703160875,0.5366439066375186
2022-03-24,0.3796448007207457,0.18658067799421524,0.5376812886707426
2022-03-25,0.38055277284762423,0.18687165839134842,0.5389140004329839
2022-03-28,0.38016356608371576,0.18631561146952416,0.5384039970089866
2022-03-29,0.38065133133919243,0.18436755386653755,0.5390770744692358
2022-03-30,0.37614687246341777,0.18318291363467226,0.5328467404525612
2022-03-31,0.37682279283470227,0.1830056971764754,0.5337789061107321
2022-04-01,0.3764742656155637,0.18292203328433906,0.5333013630706819
2022-04-04,0.3729785799362778,0.1804196066509144,0.5285096236667525
2022-04-05,0.3739454808527354,0.18096863088688914,0.529835610879516
2022-04-06,0.3730509617170688,0.18039628216048711,0.5285351882495544
2022-04-07,0.374767246690494,0.18037085667803043,0.53091109590359
2022-04-08,0.372889612415309,0.17833567125289107,0.5282873984847573
2022-04-11,0.36976942369298305,0.17760138830207603,0.5239667542768265
2022-04-12,0.3700578619833039,0.17700589377186832,0.5243858902835212
2022-04-13,0.37077742625562216,0.17685790673479143,0.5253913046792856
2022-04-14,0.37171700544316394,0.17702830652387086,0.5266515030844947
2022-04-15,0.3731508426488121,0.17829207136060937,0.5286222646411354
2022-04-18,0.37264667200745394,0.17820412676623393,0.5279321859526019
2022-04-19,0.3755178324991481,0.1795295533730262,0.5319257269933814
2022-04-20,0.3743982695502343,0.17936148073972694,0.5303500758876407
2022-04-21,0.3746915818675258,0.17894572676420345,0.5307738604435237
2022-04-22,0.37686907660126806,0.1798870400123273,0.5338446135168599
2022-04-25,0.3818705268039346,0.18034731393568026,0.540774483377508
2022-04-26,0.38049911464575925,0.17839025413241216,0.5388842108669996
2022-04-27,0.3800445168943268,0.17711705114382975,0.5382574092071248
2022-04-28,0.3803591762662088,0.1782038387113858,0.5387076647562912
2022-04-29,0.3782426713310375,0.17789143528205312,0.5358792290204475
2022-05-02,0.3797708089287848,0.1801096827172739,0.5379804903921238
2022-05-03,0.3806659427599947,0.18041913375787744,0.5391985629831124
2022-05-04,0.38022825018944945,0.17992398847498078,0.5385951102751556
2022-05-06,0.3810606572608271,0.1798057405755249,0.5397765387431068
2022-05-09,0.38507676336236735,0.1819340092321811,0.5452164588523944
2022-05-10,0.38196731037596166,0.180369219816411,0.5409585463654951
2022-05-11,0.3792674686250807,0.17832827984281394,0.5372116740386942
2022-05-12,0.3798975044296334,0.17617393172018825,0.5380565857949307
2022-05-13,0.38384075071587004,0.17657868819929076,0.5435209371506347
2022-05-16,0.3840853644968392,0.17679164950561668,0.5438368400475321
2022-05-17,0.38478699855235277,0.1761601728179914,0.5448363462403878
2022-05-18,0.3876153118543437,0.17846394785650224,0.548730229622632
2022-05-19,0.38976777080617736,0.17678982436357768,0.5517037217478167
2022-05-20,0.39338021048323796,0.18027530070777723,0.5567072855471887
2022-05-23,0.3938537204821523,0.18053338161916072,0.5573741805704839
2022-05-24,0.3949784269694806,0.18254422775660223,0.5589555229838733
2022-05-25,0.39438585600826703,0.1811493053920811,0.5582212528240287
2022-05-26,0.3907083050434569,0.17801592951041262,0.553148328830165
2022-05-27,0.391719607579371,0.1780376158407184,0.5546635664998314
2022-05-30,0.3974636636706208,0.1819771457917996,0.5626152770564878
2022-05-31,0.3945769242104697,0.17937664391309172,0.5586310316844233
2022-06-02,0.3954651944197667,0.1806391589352166,0.5598518489627489
2022-06-03,0.3943903586742669,0.18074416469673857,0.558375629564198
2022-06-07,0.39785236465902135,0.18212531308484015,0.5631720084041738
2022-06-08,0.3975573399257303,0.18209350179988248,0.5627685630637154
2022-06-09,0.3969134219202826,0.18158522118194548,0.56190913757285
2022-06-10,0.3987332608059247,0.18104468316950684,0.5644319843307747
2022-06-13,0.41634197155925495,0.1931549884909444,0.5885191043682865
2022-06-14,0.4156849535828313,0.19326822909595903,0.5875783930708365
2022-06-15,0.41767455899479966,0.19397740165198732,0.590322475127885
2022-06-16,0.4213850033107558,0.19479344194387657,0.5954429432450437
2022-06-17,0.41923317629888246,0.1919157858007325,0.5924879808354638
2022-06-20,0.41987072655164925,0.19134784386021547,0.593396388314357
2022-06-21,0.42081202212022617,0.1919965415824793,0.5946915236923467
2022-06-22,0.42380266890382257,0.19311503392696663,0.5988014854011519
2022-06-23,0.42203604625149244,0.19149252378753556,0.5964054747434961
2022-06-24,0.43040830703171484,0.1977282084002623,0.6079276413670188
2022-06-27,0.4295024222950691,0.19589196345120835,0.6067944057982222
2022-06-28,0.4296532731388945,0.19601508794097475,0.607043317952267
2022-06-29,0.432642285890315,0.19699728221701393,0.611197274584061
2022-06-30,0.43194979155905816,0.19666677210066782,0.6102517536800711
2022-07-01,0.4319748842816241,0.19669979773323376,0.610257575049011
2022-07-04,0.4332551432231993,0.19747557012017988,0.6120598907240634
2022-07-05,0.4374167065930292,0.19990294774814263,0.6178035703507918
2022-07-06,0.43605534652723954,0.20206048691377962,0.6159390816289761
2022-07-07,0.44011497394951216,0.20347016888811992,0.6215302882815519
2022-07-08,0.44172393593445447,0.20389850772214813,0.6237401383251933
2022-07-11,0.43862645167381675,0.20044894073099576,0.6194334510723764
2022-07-12,0.4397741218531705,0.20062161227816847,0.621023522122564
2022-07-13,0.4391464117053712,0.19812224293371758,0.620155069033784
2022-07-14,0.4395954719111555,0.19792082341454237,0.6207113832565636
2022-07-15,0.4370382738890691,0.19707484801195538,0.6173202368259019
2022-07-18,0.44021834232539164,0.1994249463219322,0.6217099080343912
2022-07-19,0.4412073366876647,0.19938899583797742,0.6230838937241653
2022-07-20,0.4427266642422632,0.19864267863254173,0.6251400739133768
2022-07-21,0.44113422067890645,0.19811840878067108,0.6229350614629598
2022-07-22,0.43703954275220813,0.19491760093892874,0.6172760099544599
2022-07-25,0.4383581302296322,0.19562745433378312,0.6190878243113617
2022-07-26,0.4334126455427004,0.19172507896994762,0.6122221765427712
2022-07-27,0.4301468639378614,0.18988951873924148,0.6076963745842598
2022-07-28,0.4287232711957212,0.18830350808771537,0.6057225406156216
2022-07-29,0.4305550256211117,0.18971599103040396,0.6082791055587764
2022-08-01,0.4299631905716229,0.18964367868238796,0.6074504492675683
2022-08-02,0.43085017223142025,0.18941985587935417,0.6086431088129342
2022-08-03,0.4296588617734058,0.18808496462930094,0.6069661774566176
2022-08-04,0.4318154115821598,0.18894723248013243,0.6099125329750065
2022-08-05,0.43337266021471427,0.1894533350620104,0.6120751069808289
2022-08-08,0.4299525106935463,0.1893538525101502,0.6073088180536895
2022-08-09,0.4299778105440092,0.1902226344204238,0.6073522743518687
2022-08-10,0.42572793751662213,0.18902841407819881,0.6014625936824011
2022-08-11,0.4296579399579174,0.19208044631047694,0.6068825082688265
2022-08-12,0.4297852930835822,0.19208493211910171,0.6070544080510927
2022-08-16,0.4287852998973718,0.1913588494637063,0.6056186899913443
2022-08-17,0.42667377062217543,0.19135942569332492,0.602700105251067
2022-08-18,0.4264157673830461,0.1914816869874588,0.6022815674284909
2022-08-19,0.41692958153707455,0.19310722006969913,0.589173337470767
2022-08-22,0.4196512028015745,0.19491100572114284,0.5929203221083971
2022-08-23,0.4213100219920132,0.19579825810596482,0.5951961036790803
2022-08-24,0.4246890147416049,0.19588579337370313,0.5998854896992257
2022-08-25,0.42352692169015277,0.194108540671434,0.5982745427706994
2022-08-26,0.42349410261341824,0.19381575341229842,0.5982926003550217
2022-08-29,0.4253147479928199,0.19987172833363662,0.6007655301431604
2022-08-30,0.42691043067095846,0.20151985786520837,0.6030588571839743
2022-08-31,0.42257660053795576,0.20338152273398444,0.5970895707700553
2022-09-01,0.4293167933309876,0.2068618480654353,0.6064051285358024
2022-09-02,0.43083141942275055,0.20731818593473503,0.6084510084822838
2022-09-05,0.4301737661342461,0.20528793927986091,0.607544453927564
2022-09-06,0.4277363146458094,0.20353185342772379,0.60412709559035
2022-09-07,0.42672199763981933,0.201827789198613,0.6027098136975682
2022-09-08,0.4261901738766938,0.2019619380923165,0.6020337454635428
2022-09-13,0.43447928558430504,0.20760603744872894,0.6135593693783418
2022-09-14,0.43751219076965064,0.20758298286938875,0.6177576861709277
2022-09-15,0.4353496278599032,0.2082694672974538,0.6147502536750024
2022-09-16,0.43607006116814945,0.21092040672528145,0.615751856503378
2022-09-19,0.43634439149334076,0.2112604198264077,0.6161247183411479
2022-09-20,0.437432377826032,0.2117286692036371,0.6176201708134746
2022-09-21,0.43713981046714034,0.2130071362777381,0.6172206206411408
2022-09-22,0.4374626348545374,0.2143185768594599,0.617700803886914
2022-09-23,0.4376145543225095,0.21764240889794556,0.6179032826881935
2022-09-26,0.4464586482185955,0.22904075237536134,0.630104747045928
2022-09-27,0.44482072480915497,0.22890167527660998,0.6278496393681513
2022-09-28,0.4472241582010088,0.2307217238172457,0.6312156975050734
2022-09-29,0.44749347490857716,0.2317187041222263,0.6315502596223959
2022-09-30,0.4468663454814582,0.22981732256950432,0.6306418829137924
2022-10-04,0.4528271504515686,0.23654238354900659,0.6389099099675672
2022-10-05,0.4540740615989839,0.23723136706383247,0.6406408730136964
2022-10-06,0.4535200274500103,0.2375616109228188,0.6398782614998924
2022-10-07,0.4515945942020757,0.23650954921860462,0.637262249864764
2022-10-11,0.4553568601924004,0.24048306786629361,0.6425637025314461
2022-10-12,0.45497045294846133,0.24058389540687908,0.6420487743975203
2022-10-13,0.4563676899869607,0.2417782824497135,0.6439483048138952
2022-10-14,0.461352266989275,0.24664267818460123,0.6508524105034224
2022-10-17,0.4597019984859645,0.24658650069082,0.6486033205612263
2022-10-18,0.46201947144425803,0.24571702714483373,0.6518023471836696
2022-10-19,0.4611288178290623,0.24559809001381835,0.6505544225927491
2022-10-20,0.45906237278534706,0.2430871966051222,0.6476406576812089
2022-10-21,0.4599142022690418,0.24403900299318776,0.6488705828334503
2022-10-24,0.4572335112907524,0.24264963886766103,0.6451767109493302
2022-10-25,0.4573824093497643,0.24260890001734323,0.6454134438583962
2022-10-26,0.4585150528590489,0.24279984792697934,0.646947477761682
2022-10-27,0.4597843822706323,0.24339120508500972,0.6486967205939519
2022-10-28,0.45500845389099975,0.24138632353782807,0.6421016247860463
2022-10-31,0.45504266032084634,0.2398208822461502,0.6421555830982
2022-11-01,0.4532640741042649,0.24029949731115338,0.6396783410013933
2022-11-02,0.4508251603491979,0.23914850235725693,0.6363570861618716
2022-11-03,0.45038354709333994,0.23990485964906172,0.6357327208693447
2022-11-04,0.4524507433525097,0.24104885703662232,0.6385544486892041
2022-11-07,0.4529512010890578,0.2429122446763467,0.6392476442081347
2022-11-08,0.45075695888760653,0.24264059538431387,0.6362477845646833
2022-11-09,0.4506525693781337,0.24188010045970593,0.6361198054694073
2022-11-10,0.4506112764535147,0.24128507368627802,0.6360680760090555
2022-11-11,0.45593699186140885,0.2510925057656264,0.6433191248510288
2022-11-14,0.45406761572360516,0.25160342338357194,0.640749233530985
2022-11-15,0.45075706994492265,0.24825665226382548,0.6361462033619412
2022-11-16,0.4492346900471072,0.24763859569789026,0.6340632538230717
2022-11-17,0.4497927922430197,0.2470364901097695,0.634834942075774
2022-11-18,0.44995794122692073,0.24684454588474403,0.6350845150594291
2022-11-21,0.4485794644503882,0.24630605922223248,0.6331954281971369
2022-11-22,0.44805842694209325,0.24636848391940164,0.6324531990283409
2022-11-23,0.4479214145379556,0.245660072887726,0.6322769922759373
2022-11-24,0.4477407120169363,0.24571368747196007,0.6320390092170655
2022-11-25,0.44694419347966935,0.24497943685256848,0.6309743749856086
2022-11-28,0.448242425854886,0.24520261315337333,0.6327667597924754
2022-11-29,0.4461018804404053,0.24518641729268834,0.6298038981705882
2022-11-30,0.44472052859283623,0.24407611326092446,0.6279793424842106
2022-12-01,0.44622652983385835,0.24639054358624324,0.6300278242727527
2022-12-02,0.4462646594291296,0.24527493701861156,0.6300934003225701
2022-12-05,0.43260530158669963,0.23726881933742508,0.6113758267143975
2022-12-06,0.43389991725739363,0.2377544416649963,0.6131809948708025
2022-12-07,0.4316699599944426,0.23680055016972462,0.6101229951704836
2022-12-08,0.4318233121144526,0.23716242307244637,0.6103206114961185
2022-12-09,0.430957636696725,0.2377100395748004,0.6091417633762709
2022-12-12,0.43090133200133807,0.23815496602314942,0.6090611109837017
2022-12-13,0.42921832444350816,0.23720010822033025,0.6067500913405238
2022-12-14,0.42614227155845685,0.2363065903083763,0.6025004232585373
2022-12-15,0.4291168933887158,0.2377174733921586,0.6065817775306082
2022-12-16,0.4228166274841645,0.23342503569800102,0.5979150143015622
2022-12-19,0.4221690906379942,0.23361188738196678,0.5969996265252775
2022-12-20,0.42203600715256834,0.23565998817709335,0.5967783003185332
2022-12-21,0.41792535272281073,0.23410982967504299,0.5910971000108713
2022-12-22,0.41908054082609597,0.2353704812327697,0.5926849269250898
2022-12-23,0.4227918492386879,0.23758393793213628,0.5978195966775206
2022-12-26,0.4239139380296887,0.23829446451687294,0.5993867845882533
2022-12-27,0.42244664542835,0.2372247591679622,0.5973709459162535
2022-12-28,0.423436413933192,0.234958032602388,0.5987519619209873
2022-12-29,0.42624190755430186,0.23764958716820492,0.602642415589568
2023-01-02,0.42016110703181475,0.23372711597662557,0.5942377824185826
2023-01-03,0.4200736389532589,0.23347482726108598,0.5941473852710523
2023-01-04,0.41667262094780844,0.23227924866485924,0.5894235944488135
2023-01-05,0.4126919525271948,0.23207353414422321,0.5838947004555269
2023-01-06,0.41326021705439625,0.2322235169111229,0.5846627625989859
2023-01-09,0.417467312969137,0.23532530014160508,0.5903226002415524
2023-01-10,0.41486039567111443,0.23392003396304195,0.5867190901151882
2023-01-11,0.41426582722383976,0.23416056956917836,0.5858375185960147
2023-01-12,0.4128572002245801,0.23537639197942956,0.5839673866470179
2023-01-13,0.41261971726567387,0.236190725100389,0.5836408238399082
2023-01-16,0.41170859616604477,0.23689592005378152,0.5823954155669494
2023-01-17,0.41314667868196536,0.238454739548305,0.5843798282871038
2023-01-18,0.4127611009466999,0.23803216796879803,0.5838599679720726
2023-01-19,0.4115317881963349,0.23708558841365054,0.582203180712396
2023-01-20,0.4115565558498448,0.23780472056461846,0.5822394632305372
2023-01-25,0.4120439831095234,0.23853159040351468,0.5828861433146842
2023-01-26,0.4132855846163103,0.23990160724391177,0.5846283098605279
2023-01-27,0.41264722850655106,0.23961205780903874,0.5837734845178862
2023-01-30,0.41222506541393283,0.23998843696309377,0.5831705715174217
2023-01-31,0.4120132835576588,0.24135362750211312,0.5829491167514279
2023-02-01,0.4141673636393329,0.2436400804564296,0.5858942932645812
2023-02-02,0.4125508872563329,0.2424702521745843,0.5837174154172751
2023-02-03,0.41218891750842307,0.24161149462784004,0.5832159133955781
2023-02-06,0.4111872303307349,0.24160580482990177,0.5818317768624762
2023-02-07,0.40710227818797057,0.2388882727258243,0.5761666504259297
2023-02-08,0.4087458804989919,0.24006228815558162,0.5784396011570185
2023-02-09,0.40745807038219106,0.24016998668331088,0.5767118273023875
2023-02-10,0.40690573654560636,0.24022274517038555,0.5759616041371963
2023-02-13,0.40629877644490203,0.23991157847200226,0.5751436902829411
2023-02-14,0.40485379253839876,0.2389768652525079,0.5731515617292177
2023-02-15,0.40073443196514047,0.23768813255395252,0.5674952770580229
2023-02-16,0.39981590580914766,0.23726797841762187,0.5662447691004107
2023-02-17,0.39750117522332173,0.23798714489635564,0.5630505368006743
2023-02-20,0.39513931016148107,0.23871965590640057,0.5597343885430742
2023-02-21,0.39444802135171986,0.23795171326674186,0.5588212281334403
2023-02-22,0.3921658461625497,0.23807459064758624,0.5557614511371163
2023-02-23,0.38968137365578276,0.2370653260906303,0.5523733557386167
2023-02-24,0.39040613298351046,0.237893154058895,0.5533883360617662
2023-02-27,0.3834406558494509,0.2341690117334452,0.5437656712860109
2023-02-28,0.38445696193036893,0.23387027745762679,0.5451587418514819
2023-03-02,0.382679067910866,0.23276708960804796,0.5427198751590884
2023-03-03,0.379603739872488,0.2309704332683907,0.5384690038443591
2023-03-06,0.377329206181527,0.229961685919666,0.5353391322488961
2023-03-07,0.37687647475535824,0.2301243849360219,0.5346861393286805
2023-03-08,0.36946970930746825,0.22684440998066446,0.5244703936699358
2023-03-09,0.3640715975085392,0.22593675204746635,0.5170723609862649
2023-03-10,0.3680288338811743,0.22489596138243853,0.5225345224454813
2023-03-13,0.3662331804685761,0.22313707214883569,0.5200732286304731
2023-03-14,0.3740074697682545,0.2221509116086542,0.5307961295809475
2023-03-15,0.37593035461775093,0.2201007438679474,0.5334114509509977
2023-03-16,0.3731863332045032,0.2175724258870922,0.5296058487692618
2023-03-17,0.36959453693942934,0.21396553551169015,0.5246162279433546
2023-03-20,0.3683835803332943,0.20923122197439128,0.522983106760398
2023-03-21,0.3532522347461061,0.19347228342301867,0.5021273535615443
2023-03-22,0.35489592031471046,0.19339056702717383,0.5043877070811302
2023-03-23,0.3490535236232202,0.18943358996148274,0.49633578617682494
2023-03-24,0.3479969382454969,0.1881774382395682,0.494885868416661
2023-03-27,0.3456773310171062,0.18879017935903597,0.49165553385193167
2023-03-28,0.3360155111126182,0.18073901744892934,0.4783640106799154
2023-03-29,0.33766380254081946,0.18217877801899796,0.4806537137404505
2023-03-30,0.3372932970289658,0.18204266282723322,0.48014722426264
2023-03-31,0.33900204497411573,0.18357439843489534,0.4825208523947214
2023-04-03,0.32840148039148204,0.17433179950337443,0.46776421183985106
2023-04-04,0.3242075390134899,0.17241547296701557,0.4620173883508925
2023-04-05,0.32154709171580986,0.16969065985353188,0.4583485539727952
2023-04-06,0.3123854222600736,0.1629763751099367,0.4456105750789061
2023-04-07,0.31386318284563547,0.16388314783911473,0.4476595830675576
2023-04-10,0.3087093531281314,0.16367220510445513,0.440558112732908
2023-04-11,0.31158789049726177,0.16337379532789084,0.4445411344237905
2023-04-12,0.3027373701114935,0.1594904003831581,0.4324397367110772
2023-04-13,0.3023828895366872,0.15840858136245764,0.43191097182168736
2023-04-14,0.30502543146452304,0.16101342402040728,0.43557589986216977
2023-04-17,0.3054452600517947,0.16120670772902781,0.43615333681929835
2023-04-18,0.30538169106736407,0.1617371699822847,0.4360980129732202
2023-04-19,0.3020016393781123,0.1596754028662815,0.43141158577099803
2023-04-20,0.3059538514723219,0.1618760976255082,0.4367823189429493
2023-04-21,0.30672422331539767,0.16457681794888157,0.4379054743030292
2023-04-24,0.3074819143281616,0.16511280578284837,0.4389842646934879
2023-04-25,0.3068257083751369,0.16479669027025043,0.4381140953626994
2023-04-26,0.3059196913006568,0.16330786972245517,0.437003212267382
2023-04-27,0.3044382104880446,0.16287545103394352,0.4350169882030282
2023-04-28,0.30242074953422843,0.1622866002890095,0.43224253185728345
2023-05-02,0.304548539016317,0.16353994242710304,0.435160199957678
2023-05-03,0.3067899410278565,0.1650709827278073,0.4382273904443879
2023-05-04,0.30372721375219125,0.16415024960743788,0.4340015906893653
2023-05-08,0.2898647883497964,0.15100109539830162,0.41489391936249065
2023-05-09,0.2909735516202897,0.15130350036379905,0.41641000794875166
2023-05-10,0.2929452943889911,0.1532295060854258,0.419196188404571
2023-05-11,0.2932404515014061,0.1534093540036146,0.41957287850164143
2023-05-12,0.2915614339477015,0.15312658595585574,0.417234512356033
2023-05-15,0.2911696235106987,0.15263894856920762,0.416706332275652
2023-05-16,0.2911930499838246,0.15243341723852805,0.4166602042611514
2023-05-17,0.29011119919299866,0.1509639701418461,0.41515542268756556
2023-05-18,0.2890049575561957,0.15058275272400232,0.41358703086917953
2023-05-19,0.2881581326575354,0.14960123943493128,0.41239187262537325
2023-05-22,0.2889242501174915,0.14968245604984923,0.4134160791471265
2023-05-23,0.28553157772833293,0.14698654457906213,0.4086766697292729
2023-05-24,0.2860081010976522,0.14711932333641786,0.40934200941635934
2023-05-25,0.28697718102951136,0.1485977441504238,0.4105693384855118
2023-05-26,0.2844240317536543,0.14585174135588438,0.4070672558690554
2023-05-30,0.28103946064769686,0.14541014318757015,0.4023957626498319
2023-05-31,0.28061350130313717,0.14545770018633633,0.4018770678976429
2023-06-01,0.2770212535710404,0.14476273905122652,0.39692051588814964
2023-06-02,0.27680280619961084,0.14481655661817813,0.3966144531273193
2023-06-05,0.27656485770954964,0.14392297409685537,0.39633020713426076
2023-06-07,0.2752206300724857,0.14349237701455259,0.3944853593187187
2023-06-08,0.27534564308951687,0.14573378574874504,0.39468808397209465
2023-06-09,0.2782825949902446,0.14706337208653414,0.39871418536449954
2023-06-12,0.27709482804011953,0.14602455568773207,0.3970572085314839
2023-06-13,0.2735856637063699,0.14521983602717298,0.39221722875185433
2023-06-14,0.27179448167571146,0.14391200091318734,0.3897883010945589
2023-06-15,0.2710422278127894,0.1427200371457068,0.388736073485714
2023-06-16,0.2703616397006138,0.13872329486410373,0.38777961818840195
2023-06-19,0.27142292631413667,0.1393033874328133,0.38916681386837204
2023-06-20,0.2705155521543178,0.13879278131131648,0.38787225686535515
2023-06-21,0.2606245509209471,0.132455374628679,0.37425502558957496
2023-06-22,0.2598670124893893,0.13222637887916747,0.3731582321353118
2023-06-23,0.2591486444425808,0.1322127485847683,0.3721473503903636
2023-06-26,0.25568021573604366,0.1306307212960882,0.3672841423205027
2023-06-27,0.24518414298990784,0.12387822239500657,0.3527774901646935
2023-06-28,0.2471311262497096,0.12589056205347254,0.3554843149116221
2023-06-29,0.24745152431682368,0.1259237493639619,0.3559182692228207
2023-06-30,0.24988104885719534,0.12670823818546775,0.3593398585575661
2023-07-03,0.2565322219366334,0.12997592162474472,0.368544556748982
2023-07-04,0.2572140636187385,0.13027459483921694,0.36945955049980306
2023-07-05,0.25344799927509715,0.12743013726291852,0.36421130826434833
2023-07-06,0.25718382633452397,0.12911115602188183,0.36934998544769043
2023-07-07,0.2595624367038961,0.13093872677791663,0.372694926207848
2023-07-10,0.25884315072620834,0.12984706397533677,0.3716811348086251
2023-07-11,0.2612491001910575,0.1313209520161389,0.37493800023812063
2023-07-12,0.2621317367259626,0.13095843661479206,0.37613841622048183
2023-07-13,0.26142216190385753,0.13091397830744375,0.37511017426459947
2023-07-14,0.264454492852079,0.13272951106088626,0.37930198652751856
2023-07-17,0.26637609960234226,0.1346710182918382,0.3819509396320633
2023-07-18,0.2637524693230413,0.1326093776097723,0.3782636067295485
2023-07-19,0.25964943681018815,0.13040313483138352,0.37250598465310447
2023-07-20,0.25575776626459223,0.12708366361158066,0.3671254847441448
2023-07-21,0.2550445368166026,0.12733599868065723,0.36610779485646333
2023-07-24,0.24762112380796875,0.12217976427549943,0.355954916045499
2023-07-25,0.2440157774275758,0.11864641679036111,0.3510610781597794
2023-07-26,0.24169393660658417,0.11539747291526176,0.34782352836670677
2023-07-27,0.2322001308191133,0.11224451458607672,0.33475122267618873
2023-07-28,0.2305231717567974,0.11116109593437672,0.332488555391306
2023-07-31,0.23171259913079806,0.10952178974208895,0.3340995966675513
2023-08-01,0.2321063837007758,0.1114165426827412,0.33462899015471886
2023-08-02,0.23761235896468946,0.11450630583062515,0.34222272159165296
2023-08-03,0.23599548710715332,0.1142894017134851,0.3400156447354577
2023-08-04,0.2359062257750927,0.1136404973405766,0.3398520784804757
2023-08-07,0.2381738164255681,0.11465544012386736,0.3429228576337704
2023-08-08,0.2395562045257068,0.1155531466097681,0.3446827286684489
2023-08-09,0.2370498525263556,0.1127059967264627,0.3411802505270884
2023-08-10,0.23281720122121344,0.11010294975139998,0.3353123911240042
2023-08-11,0.2342172879944514,0.10845445156733917,0.33722535853157976
2023-08-14,0.23563905899068133,0.10964698260601068,0.33926509620449086
2023-08-16,0.23962160261838197,0.11182360209098159,0.3447263032794945
2023-08-17,0.22965352236135528,0.1058376567329175,0.3309129113446554
2023-08-18,0.22993420966293515,0.10599127733412722,0.33129891482910423
2023-08-21,0.229460963022805,0.10614063932311221,0.33062529045920724
2023-08-22,0.2297643057683562,0.10604629923430973,0.3310106231008365
2023-08-23,0.22918068021383442,0.10628024805257968,0.3301800261317659
2023-08-24,0.23368162766255626,0.10834607756785665,0.3364447119743947
2023-08-25,0.2354371656547608,0.10957143030821154,0.3389033446840475
2023-08-28,0.2356221031292656,0.11043620997767353,0.3391538211662288
2023-08-29,0.2370627913997115,0.11132575306144164,0.34111842301401457
2023-08-30,0.2361293817220672,0.10996010768421406,0.33976876170024717
2023-08-31,0.2361871908832651,0.11019822843625918,0.3398394102679894
2023-09-01,0.22658883585363296,0.10936493191043194,0.326631371400429
2023-09-04,0.2261393625804949,0.10587622257045844,0.32599927330966505
2023-09-05,0.2052637828952361,0.10301248310606136,0.2972224642392363
2023-09-06,0.1995358827472446,0.10480999213960283,0.2893696072156364
2023-09-07,0.20335241889688258,0.10850106638705867,0.2947259189601743
2023-09-08,0.19968755581531944,0.10652992075087653,0.2897911151887902
2023-09-11,0.19887120301649772,0.10791442106194025,0.2886622068119377
2023-09-12,0.19994002994948093,0.10914814568576707,0.290166970777488
2023-09-13,0.1973722930873633,0.1087410588312393,0.28664432820537433
2023-09-14,0.2013112199833493,0.11094300708008782,0.2921060678352715
2023-09-15,0.2067160918942346,0.11393523905633976,0.2995866783807262
2023-09-18,0.20931617228112617,0.11523078859530748,0.3033250193397998
2023-09-19,0.2118750085302048,0.11645612537264967,0.3068778496535542
2023-09-20,0.2106098976717459,0.11524194359464052,0.3050876962327674
2023-09-21,0.21876083268939844,0.1173600504681939,0.31626024677842923
2023-09-22,0.21573368300107174,0.11432732328093811,0.3120617466797408
2023-09-25,0.21781700205699503,0.11460086718957022,0.31513738535874886
2023-09-26,0.2235644351674156,0.11422128537959948,0.3230798618605731
2023-09-27,0.22324842852416873,0.11451527821709419,0.3226755005184089
2023-10-04,0.23454576576189753,0.14128671706850013,0.33825019181310434
2023-10-05,0.23151336254128962,0.13860057558536387,0.33400876773315374
2023-10-06,0.23213925930701274,0.13844733888300462,0.33499556964579813
2023-10-10,0.223191995060665,0.13503801077892613,0.3226514343520654
2023-10-11,0.22789160524464575,0.13672441472525507,0.32913258216456587
2023-10-12,0.23178431345853676,0.1396192217559563,0.3345125136553344
2023-10-13,0.23177799581980008,0.13905158089097186,0.33445832514449286
2023-10-16,0.233171016975457,0.13850399772120514,0.3363710965301056
2023-10-17,0.23236120068794078,0.13797141839302618,0.335156214306312
2023-10-18,0.22996318241495844,0.13640260470281812,0.33182077456832704
2023-10-19,0.2373566819482838,0.13938609635713536,0.3421690339364871
2023-10-20,0.24310829401407866,0.13949940089381654,0.35002540010971517
2023-10-23,0.24336414568181564,0.14106049005413798,0.3503915792081933
2023-10-24,0.24520273072561274,0.14227892818735935,0.3527986211471678
2023-10-25,0.24420063654491303,0.14137753305445883,0.35122166193355536
2023-10-26,0.2600776499327661,0.1475297231881499,0.3730644616415652
2023-10-27,0.26132501502555733,0.14811093000113498,0.3747703772928572
2023-10-30,0.25578347639908633,0.1461876764150423,0.36716995895939314
2023-10-31,0.2547076973140979,0.14762785800430955,0.3656980911753382
2023-11-01,0.25694627806872256,0.14858590759119036,0.3688635036045766
2023-11-02,0.2643373009468841,0.1527216571145628,0.37920795593569046
2023-11-03,0.26566797792056496,0.15339784619309946,0.3810180752207308
2023-11-06,0.2952957960601926,0.16028219752969447,0.4222407211629536
2023-11-07,0.29792087147620533,0.1608946873844032,0.4259168611808516
2023-11-08,0.2972622914628755,0.1604164667728617,0.4249543571194408
2023-11-09,0.2971770939717841,0.1603006311591233,0.42477509469440194
2023-11-10,0.2985806814743337,0.16081598120848403,0.4267871339763297
2023-11-13,0.2973839921372204,0.16084372664155708,0.4251496921502587
2023-11-14,0.2995903215942572,0.16413650961841456,0.42819173301125796
2023-11-15,0.30311083701152164,0.1684447901726459,0.4330542572434687
2023-11-16,0.30305602267625226,0.16861046488874798,0.4329815213212037
2023-11-17,0.3029764960886973,0.16875757064971877,0.4328893307928731
2023-11-20,0.30259443040683737,0.16910358725078647,0.43238530124836455
2023-11-21,0.3046509931652191,0.17009552270282108,0.43529718891168945
2023-11-22,0.30540927715710997,0.1706975049304777,0.43633720926242675
2023-11-23,0.3052308181397163,0.17212572647262367,0.436036948581605
2023-11-24,0.30528264426770685,0.1731778323997753,0.43610184474336
2023-11-27,0.3062002432187569,0.17354689406620002,0.4373821377871465
2023-11-28,0.3057222922416615,0.17224522184930458,0.4367233352746788
2023-11-29,0.30495670961120525,0.17234889219600613,0.4356102755918699
2023-11-30,0.30671506814622457,0.1734865759339656,0.43801918994559796
2023-12-01,0.3062378911886627,0.17235927359679823,0.4373086096661759
2023-12-04,0.3042965099068974,0.17119411590722297,0.4346349759962861
2023-12-05,0.3050223021063795,0.17162943839457423,0.4356635875700832
2023-12-06,0.30531461392469333,0.17158374926168868,0.4360549495064644
2023-12-07,0.30639805122661506,0.17265656392178555,0.43752441590039254
2023-12-08,0.3081440142854494,0.17352755397184597,0.4399365502639314
2023-12-11,0.3083034869333798,0.1725846911695835,0.4401661894205029
2023-12-12,0.30904339896763533,0.17252335698869978,0.44124317121876616
2023-12-13,0.3080269789938248,0.1723714102158809,0.43986926841363744
2023-12-14,0.3107234840336745,0.17517658852319284,0.4436097931775729
2023-12-15,0.3104099417174002,0.17518310284382196,0.44322641716579536
2023-12-18,0.3112456081993685,0.17486356556678656,0.44440373526429466
2023-12-19,0.31129713039514584,0.17496564108118448,0.44451556495237265
2023-12-20,0.313851891705022,0.17683606375777786,0.4480303077598918
2023-12-21,0.31520682872976874,0.1771331188683662,0.44983593542683464
2023-12-22,0.31593910768038036,0.17751067786545344,0.450828682236769
2023-12-26,0.3154574436736038,0.17759220535282433,0.4501934642115389
2023-12-27,0.3141117469521408,0.1776479589506078,0.44835803110738165
2023-12-28,0.31523843952932484,0.1793381514098636,0.44992819207071577
2024-01-02,0.3126046353554163,0.17693796666133044,0.4464500591021519
2024-01-03,0.31753020929585446,0.18205051060180272,0.45333660800706155
2024-01-04,0.31791159833599003,0.17988297633093708,0.4538616391432398
2024-01-05,0.3182281687709705,0.18037992741202946,0.4542856850807897
2024-01-08,0.31706701316765545,0.1794746469137569,0.4527169722613382
2024-01-09,0.31661346554738656,0.17887494552224642,0.4520513688648626
2024-01-10,0.31526243050377567,0.176883769261566,0.4502209698235076
2024-01-11,0.3124456712521215,0.17592716643858328,0.44630244450225415
2024-01-12,0.31509942753318154,0.1763270560124246,0.44989117909182375
2024-01-15,0.3157735588968929,0.17687278891214878,0.45085995833889836
2024-01-16,0.316095204273753,0.17671240157914106,0.45135306785662915
2024-01-17,0.318626270478352,0.17934917385462662,0.4548331143823977
2024-01-18,0.3192399382813356,0.17926666359948487,0.45564429010624
2024-01-19,0.3244174634438444,0.18210428075720472,0.46273058913063414
2024-01-22,0.3238459241182271,0.18145455295678173,0.4619240613821921
2024-01-23,0.3237288253759529,0.18182715274964478,0.4617538304681768
2024-01-24,0.33296411808921056,0.18530990985092405,0.4746170666818404
2024-01-25,0.3338331145526426,0.18658633730806923,0.4757608006609169
2024-01-26,0.3323605003443411,0.18638964341202008,0.47377513683178674
2024-01-29,0.33008615329821184,0.18235069693478206,0.47065949677123725
2024-01-30,0.3240325251471346,0.17847837090432608,0.4623333296936204
2024-01-31,0.3223063902445173,0.17774877704407005,0.4599207410647721
2024-02-01,0.3146804861276206,0.17320823301263003,0.44938947111850913
2024-02-02,0.3259186591866149,0.17206761353043915,0.4649279608511988
2024-02-05,0.3255850907859951,0.17103395846442454,0.4645519558430905
2024-02-06,0.32622256804294203,0.17118592994723505,0.46544208778280616
2024-02-07,0.32539041788309964,0.17227425374889344,0.4642919221930862
2024-02-08,0.3263378594553163,0.17343576067123467,0.4656587775607431
2024-02-13,0.32546790567951484,0.17200924309218327,0.46444509445372295
2024-02-14,0.3251586349671108,0.17317676935230095,0.46402269430989335
2024-02-15,0.3246881493641695,0.17301083728778105,0.4633692582046972
2024-02-16,0.32575285792026193,0.1754939476076154,0.464875081403717
2024-02-19,0.324523105810637,0.17454923751277793,0.4631887247218978
2024-02-20,0.32437859714336165,0.17437931048775465,0.4629999131377715
2024-02-21,0.3247826176335994,0.17454462379871327,0.46357438492101355
2024-02-22,0.32426705512062404,0.1749171045277975,0.4628701117150772
2024-02-23,0.32455636842337793,0.17437798817049951,0.46316515296240807
2024-02-26,0.32317148117868755,0.17282346209787508,0.46119478565446015
2024-02-27,0.32337630925208066,0.1726698752252558,0.4614611686766814
2024-02-28,0.32470149467305054,0.17313511907706947,0.46331069294144617
2024-02-29,0.3238424003155525,0.1726182902002381,0.46208533226865134
2024-03-04,0.3283044306138517,0.17760770470936896,0.46823328603432507
2024-03-05,0.3301698586569973,0.1780693510257785,0.4708091696744071
2024-03-06,0.32935256757820164,0.17741000995857542,0.4696927979240509
2024-03-07,0.3287718316249792,0.17673056220228592,0.4688711381748912
2024-03-08,0.32883757279815184,0.17645338478867845,0.4689123971911334
2024-03-11,0.33202542719698597,0.17880645161184913,0.4733238496158748
2024-03-12,0.3335429121396356,0.18031902337109193,0.4754052685007363
2024-03-13,0.3325761564601138,0.1786979704987495,0.4740848099033041
2024-03-14,0.3313786511256995,0.1783042927190084,0.4724080191299875
2024-03-15,0.3315970246098553,0.17725811143301387,0.4727147284767274
2024-03-18,0.3298244351614664,0.17633618542703117,0.47029431452177417
2024-03-19,0.3283109997684035,0.17535973870701,0.4682012824796264
2024-03-20,0.32690624395580703,0.17473609309317045,0.46615156233069227
2024-03-21,0.33254657141397187,0.17778485683905387,0.4739257648375261
2024-03-22,0.327616926703125,0.1765084941811802,0.46718410447552244
2024-03-25,0.3259442776793581,0.17574114792608567,0.464871299985829
2024-03-26,0.3256576547672292,0.17562268969129924,0.46445127707340855
2024-03-27,0.3218750677683958,0.1759663952684681,0.4591717742307934
2024-03-28,0.32194488845396213,0.1760492694294212,0.45925132252389655
2024-03-29,0.31352601659005486,0.15640587949299659,0.44770879459583224
2024-04-01,0.31397108222350856,0.156773411660294,0.4483529792914152
2024-04-02,0.31463321210811884,0.15843526177899392,0.4493024958473768
2024-04-03,0.32542527844631436,0.16325574818712274,0.4640794734596937
2024-04-04,0.3262257597005031,0.16469379690527536,0.46516109903656905
2024-04-05,0.32836336557981094,0.16412262875272643,0.468057475484502
2024-04-08,0.3269781558540456,0.16302062617897048,0.4661524360776659
2024-04-09,0.32569027407537343,0.16346984138601753,0.464385531263123
2024-04-11,0.32419575771393294,0.1633391784452696,0.4623468457769953
2024-04-12,0.32211521171389546,0.16196291677440833,0.4594947759723941
2024-04-15,0.3157310376861054,0.15772360087379472,0.4506815840834927
2024-04-16,0.3177019802415886,0.16035351903327075,0.45337516313519666
2024-04-17,0.31855055169609975,0.15974132549077846,0.45453988286736285
2024-04-18,0.31819264815562104,0.15962431620581222,0.45405276849431864
2024-04-19,0.3223894501782427,0.16176336874602473,0.4598726639435596
2024-04-22,0.30797681334092325,0.15291210114222573,0.4401212784006428
2024-04-23,0.3083132512242251,0.15292434368756463,0.4405992802810583
2024-04-24,0.3124147400977205,0.15419163474710543,0.4462291659831798
2024-04-25,0.31276681276753143,0.15277765307166233,0.4467752542770116
2024-04-26,0.31403979348676325,0.15515769579449212,0.4484465050330348
2024-04-29,0.3107097046529864,0.15324941014551033,0.44376061524989485
2024-04-30,0.31100779501557135,0.1529656022652517,0.4441565052797991
2024-05-02,0.295069945271798,0.15370246254321088,0.4217961308536466
2024-05-03,0.2929151075236468,0.1537482054250041,0.41877333526273125
2024-05-07,0.2933748275194949,0.15308046329010688,0.4193590255760063
2024-05-08,0.29378204943918673,0.15311155731373638,0.41992553011062184
2024-05-09,0.2948329749358827,0.15250821890485025,0.4213708066783003
2024-05-10,0.29616282590215043,0.15303500190114297,0.4232043186606052
2024-05-13,0.29337105641862044,0.15027383772197728,0.4193363943016058
2024-05-14,0.2888714769654597,0.14705156121639634,0.41309851829842537
2024-05-16,0.29074450492548637,0.14846802764951889,0.41567683863971683
2024-05-17,0.2922063526279676,0.14844394032580252,0.41756161411726883
2024-05-20,0.29328339963430056,0.1489021782474503,0.41906111517353367
2024-05-21,0.29211282059650184,0.148618995174177,0.4173876582216649
2024-05-22,0.2904265999518138,0.1476865346373901,0.4150437599898255
2024-05-23,0.2901973006717609,0.14805046598541036,0.41479286598953846
2024-05-24,0.2933260567178583,0.15089639671706845,0.41908483008074265
2024-05-27,0.29487462289730365,0.15139583722013714,0.421214099889818
2024-05-28,0.2947169932880393,0.15157836445171433,0.4209354926802017
2024-05-29,0.2973455307391848,0.15299108566974126,0.4245473261496286
2024-05-30,0.2992294957965184,0.15337841326437904,0.42715983971045973
2024-05-31,0.29839873215851603,0.1526589438157539,0.42601878318569386
2024-06-03,0.2994506977511231,0.1524646924880483,0.4274626248356701
2024-06-04,0.2968433252740042,0.1499076038720504,0.4238985738508383
2024-06-05,0.29766024800660396,0.15041433026402679,0.42502540490508306
2024-06-07,0.2997782705122753,0.1518408944151533,0.4279039127116165
2024-06-10,0.2992710700597738,0.15219935422105896,0.4272053461840545
2024-06-11,0.29912620430168224,0.1522335869226577,0.4270396307144243
2024-06-12,0.29810502321119625,0.1523151476273505,0.42559300978075604
2024-06-13,0.29840753634788625,0.15127775784792627,0.4260083260864928
2024-06-14,0.2971308459635641,0.14799578123648982,0.4242201544247779
2024-06-17,0.2973860170201076,0.14803430827619182,0.4245149619495421
2024-06-18,0.2971447674947516,0.14864109055358088,0.4241576668570475
2024-06-19,0.29774505406287793,0.14904792997656138,0.4249572809140696
2024-06-20,0.2964548604375576,0.1477675364924011,0.4232098583611996
2024-06-21,0.2968114681116045,0.14807493475377506,0.42367825363838946
2024-06-24,0.2979477010792814,0.1487937052705771,0.42527888638591954
2024-06-25,0.2974294949264335,0.1484187707815716,0.424552082620711
2024-06-26,0.296237322193763,0.14623788957231618,0.4228794490881013
2024-06-27,0.294730525153032,0.14410216926053088,0.42080020728233075
2024-06-28,0.2975635192474858,0.14637085209948494,0.42464097661844574
2024-07-01,0.28833913801673755,0.13819153092750597,0.4118740821424715
2024-07-02,0.28568092633662623,0.13760346138761576,0.40817359222072824
2024-07-03,0.2883956160005303,0.1390598013152739,0.41187786655725755
2024-07-04,0.288698154746194,0.13852109835428678,0.41231233537830037
2024-07-05,0.2888321515456583,0.13953950885100466,0.41248993256759214
2024-07-08,0.2875314588686981,0.13943946889393474,0.41063103449793126
2024-07-09,0.28709821599335367,0.13919628342561563,0.4100987929186647
2024-07-10,0.2840820391526468,0.13879163777958273,0.4059856794243542
2024-07-11,0.28537590820926906,0.1398684857948309,0.40772025793654476
2024-07-12,0.28507417530932144,0.13817312304469553,0.40735770211514466
2024-07-15,0.2794613577889311,0.13294274156045385,0.3996406156240938
2024-07-16,0.2787275544063864,0.13210991863381968,0.39868080209405543
2024-07-17,0.28137214483152656,0.1332840251353912,0.40227920720569427
2024-07-18,0.2879285092137131,0.13519697554388788,0.411229741217089
2024-07-19,0.2875163189147641,0.13539497089109706,0.4106669741131011
2024-07-22,0.29035494685745594,0.1398386020819975,0.4145041547245053
2024-07-23,0.2911577841513005,0.14029599234646434,0.4156137723410659
2024-07-24,0.2929247303930899,0.14074384306990076,0.41803115605811936
2024-07-25,0.2985709071990771,0.14434661703948146,0.42580159885123015
2024-07-26,0.29701949371925995,0.14387213355107722,0.4236669958244735
2024-07-29,0.3027387365111395,0.14684450805798338,0.4316098053901601
2024-07-30,0.30828486549825185,0.1504808058986903,0.4392551837974327
2024-07-31,0.2908070431371563,0.14953758068367837,0.41517949530366133
2024-08-01,0.2920301617709014,0.15077875140486777,0.41682857288696806
2024-08-02,0.3202135911673258,0.165921694460818,0.45550769666714613
2024-08-05,0.4146005727725337,0.21555732014314194,0.5858073453986634
2024-08-06,0.4236119297721947,0.21848943175798285,0.5992806865598143
2024-08-07,0.42254082953584765,0.21644987844349514,0.5978013537782806
2024-08-08,0.42184615449683727,0.21368374969750328,0.5968251702853489
2024-08-09,0.4251717740489833,0.2145269678951384,0.6013742883784924
2024-08-12,0.42589178555961255,0.2140783643424968,0.6023127129125551
2024-08-13,0.4264917660354105,0.21481452296259104,0.6031342820742234
2024-08-14,0.4278707119010189,0.21536411744044348,0.6050210723248685
2024-08-16,0.42818811075688795,0.21357865864002878,0.6054416442863241
2024-08-19,0.4260952483350985,0.21420342925626085,0.6025609873545924
2024-08-20,0.42714632710339195,0.21397453627492716,0.6040675201520478
2024-08-21,0.42767556153640246,0.21431850628151017,0.6048012545824252
2024-08-22,0.4263131819151371,0.21373069490722413,0.6029222002958549
2024-08-23,0.42429022659332755,0.21185262135936786,0.6001385633502089
2024-08-26,0.42390760719369663,0.21170334933698537,0.5995865132346244
2024-08-27,0.422344383857975,0.20857507252868984,0.5974154279135637
2024-08-28,0.4187317710847688,0.20734461326591333,0.5924341287749749
2024-08-29,0.4168432746602383,0.2065061480623526,0.5898175382721307
2024-08-30,0.41643653630092425,0.20675629424781797,0.589277222488096
2024-09-02,0.4128223782973199,0.2035148138977515,0.5842164344930776
2024-09-03,0.4115442870079527,0.2020541632707101,0.5824407915610206
2024-09-04,0.420980824132718,0.20755712675226862,0.5954069041433306
2024-09-05,0.4218105369974156,0.20829832631271852,0.5965500159121095
2024-09-06,0.42313210500927906,0.20888666459988875,0.5983567865473491
2024-09-09,0.4209406659635364,0.20950887422067646,0.5953639214500459
2024-09-10,0.421572958140484,0.21004612387779625,0.5962100420766223
2024-09-11,0.41706130978394407,0.2080783354508425,0.589994378070875
2024-09-12,0.42220936498319717,0.21169087074974488,0.5972136001751264
2024-09-13,0.4156535213752669,0.2094116566190298,0.5882061506331743
2024-09-19,0.4146755241954814,0.2096987074771097,0.5869453031605757
2024-09-20,0.41664920645184045,0.21069844087275744,0.5895436322904922
2024-09-23,0.4165022128804419,0.21126814779956063,0.5893084648897665
2024-09-24,0.41815869628545893,0.21298845146860573,0.591624901390337
2024-09-25,0.41815013533123774,0.21175636673685164,0.5916221380863671
2024-09-26,0.4230288483133991,0.2136832402292709,0.5982607826105348
2024-09-27,0.4224401175124881,0.21214191047535558,0.5974405789279368
2024-09-30,0.4249889992171044,0.20996839849493515,0.6008427242888893
2024-10-02,0.4223782229661406,0.2073616361443733,0.5972553121731843
2024-10-04,0.4215997671652733,0.20747788661445127,0.5961863402178106
2024-10-07,0.42251547340354706,0.21011117892799866,0.5974755756512405
2024-10-08,0.4224695550716227,0.2107585193713181,0.5974214898728173
2024-10-10,0.42117133316369076,0.20932353407632934,0.5955920241108975
2024-10-11,0.4235772720535278,0.2095301122763889,0.5988913297415072
2024-10-14,0.4263498848791731,0.2117244261329495,0.6027624048786446
2024-10-15,0.4262639837599787,0.21093989668666488,0.602644779477786
2024-10-16,0.42358549359281406,0.20982493279529169,0.598949479885751
2024-10-17,0.42211006885296026,0.20800898045402968,0.5968996027268495
2024-10-18,0.4223572618695228,0.2077630916457465,0.5972352377920332
2024-10-21,0.4207776567870378,0.20666369934649934,0.5950486564329016
2024-10-22,0.42334454045996855,0.21028782968599738,0.5985801766292405
2024-10-23,0.4226442403373729,0.21063309217831583,0.5976140752466791
2024-10-24,0.4128654017481406,0.20641934096975117,0.5841902797865288
2024-10-25,0.411422429351399,0.20534477562101644,0.5822069477965355
2024-10-28,0.4088825069576605,0.20276284284055804,0.5787241667317915
2024-10-29,0.40677530002172185,0.20154103788729488,0.5758002970693429
2024-10-30,0.4025921453152629,0.19952392428557836,0.5700406703249216
2024-10-31,0.40319609288321956,0.19917051118733065,0.5708185150907338
2024-11-01,0.40184638262875944,0.19812677946964125,0.5689224670781108
2024-11-04,0.40348597088107024,0.19678527071380275,0.571219641453507
2024-11-05,0.4024306254401972,0.19657552087220087,0.5697878667388094
2024-11-06,0.39364304907059333,0.19339777992534984,0.5576261685389388
2024-11-07,0.39222250467902214,0.19197689083740607,0.5556750309009332
2024-11-08,0.391722290235493,0.19156347193994663,0.55501647333663
2024-11-11,0.3896059691312598,0.19066189060207,0.5520295411988638
2024-11-12,0.3894332984514131,0.19076966463324238,0.5518248223593231
2024-11-13,0.39395521947266954,0.1952855026829787,0.5581267329544856
2024-11-14,0.3935319344086324,0.19541967199929894,0.557521604143563
2024-11-15,0.38956390065732843,0.19379808751413316,0.5519853209568372
2024-11-18,0.38933422259288947,0.19325997344442877,0.5516409223995924
2024-11-19,0.38868822612816983,0.19268146557076468,0.5507280563066514
2024-11-20,0.3874625565764453,0.19113267095383346,0.5490016523229468
2024-11-21,0.38631922810685715,0.1909309899083436,0.5474254107753481
2024-11-22,0.3844612076858665,0.1899563784010252,0.544879599733507
2024-11-25,0.3836097855667871,0.18950287408487548,0.5437097730844547
2024-11-26,0.38213104542592985,0.19054529686617533,0.5417156115830855
2024-11-27,0.37994874122677197,0.18971200505286206,0.5387110160254687
2024-11-28,0.37895008564992577,0.1908125629267371,0.5373197735070553
2024-11-29,0.3823961586571785,0.19073439941831538,0.542045356348653
2024-12-02,0.38140286336310564,0.190250634378238,0.5406728650911486
2024-12-03,0.3829727396924408,0.18861007253945625,0.5427884853163525
2024-12-04,0.3811418387148983,0.1862634707185627,0.5402685912541416
2024-12-05,0.37464023072204283,0.18283367213012142,0.5312967561407033
2024-12-06,0.3740292912672141,0.18213200815016975,0.5304528641549389
2024-12-09,0.375873288608672,0.18080926813818246,0.5330347666748956
2024-12-10,0.3753894582470966,0.18045634828645357,0.5323880339745175
2024-12-11,0.3755498779199137,0.18019436495070837,0.5326119449364947
2024-12-12,0.37690661909857964,0.18134615398707662,0.5344680649961268
2024-12-13,0.3760322461180905,0.18021186721265117,0.5332772407685351
2024-12-16,0.3756989681439906,0.1801683821365899,0.5328186425893344
2024-12-17,0.37441347428098404,0.1807253058704907,0.5310497809055954
2024-12-18,0.3736226223080291,0.1806053881657042,0.529934336209756
2024-12-19,0.3777491006762342,0.18419167526040497,0.5356687397906034
2024-12-20,0.38061825765935636,0.1872147690005596,0.5396450947347468
2024-12-23,0.38365631960207325,0.19049127738345373,0.5438349664468268
2024-12-24,0.3838863938689279,0.19074545382067765,0.5441463950304173
2024-12-26,0.3838801268436288,0.19072767845626165,0.5441614354004484
2024-12-27,0.3861053145167721,0.191897892031079,0.5472449692524765
2024-12-30,0.3833325604911063,0.19026261955951124,0.543443176343413
2025-01-02,0.38183364248427154,0.18875468059625808,0.5413573525172389
2025-01-03,0.38130867530526874,0.18767321263040923,0.5407084488196809
2025-01-06,0.38271526063441674,0.18755092641296445,0.5426584407068485
2025-01-07,0.3833471790907866,0.1879844265254401,0.5435015737313282
2025-01-08,0.38212091315533414,0.18744547564498623,0.5418619856433864
2025-01-09,0.382051580145384,0.18733894202815343,0.5417764999618714
2025-01-10,0.3818306320290236,0.18753851289280873,0.5414603274123149
2025-01-13,0.3827241887225983,0.18702198810072895,0.5426480400541559
2025-01-14,0.38343171612693694,0.18723117513448687,0.5436128920711022
2025-01-15,0.3836640689510763,0.18780998735646326,0.5439346421737159
2025-01-16,0.3841402165358284,0.19008234106754185,0.5446156187656883
2025-01-17,0.38444174357369926,0.18985518649426075,0.5450410949095521
2025-01-20,0.38400592543498807,0.188093245642368,0.5444168887622546
2025-01-21,0.3833622943033206,0.18826244703196937,0.5435588900279289
2025-01-22,0.38478085531622985,0.18836733445416384,0.5455098602803952
2025-01-23,0.3840516128505221,0.18747059465788551,0.5445201138624445
2025-01-24,0.3866825433291734,0.18863797597124377,0.5481509004770881
2025-01-31,0.38234995148233447,0.18647486396271593,0.5421350313284069
2025-02-03,0.38991381616609994,0.18980342714627105,0.5524972356127997
2025-02-04,0.39148653674573863,0.1901095396886557,0.5545895075282673
2025-02-05,0.39123565834978385,0.18894064032652608,0.5542281748238175
2025-02-06,0.3802237704398333,0.18311732278681683,0.5391027599144979
2025-02-07,0.31179957507847444,0.14535414280139586,0.44490909936762846
2025-02-10,0.2987144041015979,0.13973091651102562,0.4258431108072541
2025-02-11,0.29856283992792637,0.14111481369870416,0.4256293767204731
2025-02-12,0.29912237730733965,0.14197228805216097,0.42638888014756576
2025-02-13,0.29481710622073404,0.1398331113070917,0.4204997646238966
2025-02-14,0.29461030144802564,0.13938241787830388,0.4202023510319344
2025-02-17,0.29579045428084744,0.13883258375882707,0.4218215407248673
2025-02-18,0.29467621416484985,0.13803309924876797,0.42028707073683635
2025-02-19,0.29171076959224035,0.13834404821635402,0.4161187249463524
2025-02-20,0.2933900228611097,0.13793051646365798,0.41841387684894216
2025-02-21,0.29191839850585777,0.13819812176232374,0.41635420521565886
2025-02-24,0.2915499627459226,0.1386507637866152,0.41584342665309504
2025-02-25,0.2932049406054873,0.13925766139443047,0.41807128273320787
2025-02-26,0.2941683524528216,0.13944861517313104,0.41939723705714355
2025-02-27,0.29508864813970187,0.13976917855941984,0.4207214649394212
2025-02-28,0.3064952731836551,0.14255880291689776,0.43648792098874695
2025-03-04,0.3096447547418001,0.14448419960025444,0.4408707738328831
2025-03-05,0.30944392000567117,0.1440080729590241,0.4405852421571792
2025-03-06,0.30784349935976435,0.1428237548975452,0.4383261499174065
2025-03-07,0.3069007176146141,0.1427079922402193,0.4371204184433551
2025-03-10,0.30761427619506737,0.1430534869317213,0.4381009900771534
2025-03-11,0.29588077677072994,0.13535420164661288,0.422049864064471
2025-03-12,0.29521272172907614,0.13506701025771048,0.4211038964663489
2025-03-13,0.29377468678816643,0.13398011884216204,0.4191389153670285
2025-03-14,0.29346801976672515,0.13284238650743793,0.41874216418334465
2025-03-17,0.29526012415816477,0.13323554741993573,0.4212633805686561
2025-03-18,0.2993507511919452,0.1353575287662356,0.4269511975439559
2025-03-19,0.2901390306388891,0.12881690845731636,0.41425733843530244
2025-03-20,0.28803901718805186,0.12698046534107915,0.411373449887786
2025-03-21,0.2876790022714859,0.1261848751539609,0.41067023654426194
2025-03-24,0.2858623542185626,0.12515352747487618,0.40832937460046104
2025-03-25,0.28461430367602253,0.12437130753069699,0.4065809874352473
2025-03-26,0.28442443550183766,0.12357548196614711,0.406327970764035
2025-03-27,0.2874676514023758,0.1250265837800233,0.41041598750849134
2025-03-28,0.2826552263513914,0.12299600731441623,0.4037592497235916
2025-03-31,0.2955634195551426,0.12541656024227413,0.421657911114978
2025-04-01,0.2958445949962561,0.12688420291154476,0.4220736197762058
2025-04-02,0.2956479306390516,0.12892179858264002,0.4218298924924221
2025-04-03,0.2965142904431093,0.12796099456872206,0.4229774882970189
2025-04-04,0.28996826423852196,0.12857971406263954,0.41391455842018465
2025-04-07,0.34037541959715006,0.16969126902567502,0.483336919862928
2025-04-08,0.3332638628117929,0.1677063260807034,0.4736888813083462
2025-04-09,0.33743832700337034,0.1720362728564626,0.4795042941763631
2025-04-10,0.37491291146839056,0.19930652479428573,0.5316702949477945
2025-04-11,0.37348734196184197,0.19890004299402492,0.5297074529485591
2025-04-14,0.3745238336861179,0.19983019447472103,0.5311368090729868
2025-04-15,0.37374450926865677,0.19927321206729096,0.5300741701445016
2025-04-16,0.37481727392896647,0.19978861420165217,0.5315557976326963
2025-04-17,0.3750357521288963,0.20055433678636414,0.5318748189605621
2025-04-18,0.37569406742566736,0.20180685953806934,0.5327735274202939
2025-04-21,0.3753275032701783,0.20134383927239136,0.5322609944590965
2025-04-22,0.37918469638169483,0.20280386089405703,0.5375396391438261
2025-04-23,0.3850585917223639,0.20162186731799808,0.5455835734528276
2025-04-24,0.38810369493677327,0.20361902559644285,0.5497616754750732
2025-04-25,0.3887252446091235,0.2047868466967941,0.550627209714356
2025-04-28,0.39027039590762636,0.20554378076177449,0.5527757501210251
2025-04-29,0.3909526377349717,0.2060124974613193,0.5537381088989973
2025-04-30,0.3910559820016016,0.20629250099616842,0.5538614132041868
2025-05-02,0.39113389632496154,0.2072209151351626,0.5539549050272591
2025-05-07,0.3909961047088809,0.2071340116784307,0.5537709765296321
2025-05-08,0.3960683884669797,0.20890353766834543,0.5607862509546123
2025-05-09,0.3972492767273823,0.210193199401379,0.5624106155749654
2025-05-12,0.39796941536635294,0.21044970910627406,0.5633775621336885
2025-05-13,0.3993579758494131,0.21138510627897578,0.565318205779803
2025-05-14,0.39920317848510267,0.2099802000228591,0.5650624927551553
2025-05-15,0.39722809917039403,0.2103822769940121,0.5622696816179965
2025-05-16,0.3968320600032821,0.20947727433075547,0.5617690294253058
2025-05-19,0.4006274372244254,0.2110731749066649,0.5670787364296037
2025-05-20,0.4016770715256687,0.2122249433430309,0.5685287290498452
2025-05-21,0.40207222090468614,0.21247590184807016,0.5690899509964505
2025-05-22,0.40335504171127196,0.21355092046106855,0.5709481730368022
2025-05-23,0.40309205298637213,0.21317470772697286,0.57058032952824
2025-05-26,0.40654949444716193,0.21425423039113076,0.5753485468458988
2025-05-27,0.40752177396158545,0.21485935899308697,0.5766809306329492
2025-05-28,0.4079824348688858,0.21463934284677194,0.5772655348938424
2025-05-29,0.4119463187171235,0.21592605402311074,0.5827346333987371
2025-05-30,0.41213788680466135,0.2159422652150186,0.583048400528637
2025-06-02,0.4102435988899026,0.21698861182914886,0.5805180640238564
2025-06-04,0.4112845268749794,0.21678194227352343,0.5819443035116816
2025-06-05,0.4084715783226229,0.21636810746529858,0.5780974401237321
2025-06-09,0.4103446944482699,0.21808385285579993,0.5806739339287355
2025-06-10,0.41896735854140876,0.22295859772689733,0.5925594317080785
2025-06-11,0.420195921928666,0.22401955655373454,0.594256042645519
2025-06-12,0.41883588980637193,0.2262357712144803,0.5923387532929191
2025-06-13,0.41888763926506656,0.22321314814971105,0.5923664840208652
2025-06-16,0.41963753144642685,0.2231051471188246,0.5934662531862722
2025-06-17,0.41880516340839125,0.2219051377631239,0.5922953404351942
2025-06-18,0.4190793212480928,0.22240121394854026,0.5927440225031484
2025-06-19,0.41871548057536506,0.22209819049875892,0.5922397072295265
2025-06-20,0.4201043997345262,0.22116876667723168,0.5941403431836074
2025-06-23,0.41991726669150736,0.22011349270954347,0.5939362203938536
2025-06-24,0.41672510494955073,0.20862532053402225,0.5895478608451032
2025-06-25,0.41270472495119787,0.20556564013743442,0.5840299616339618
2025-06-26,0.4097264878863083,0.20222476452563742,0.5799455982939808
2025-06-27,0.40916934152789003,0.20220536825474475,0.5791643836834247
2025-06-30,0.4094587161349991,0.20235873031489515,0.5795350028730005
2025-07-01,0.4097887414590318,0.20380776276979948,0.5799206708932508
2025-07-02,0.41154397884983684,0.20476102545058997,0.5823078151925518
2025-07-03,0.4134009697996723,0.20915986912307857,0.5849542528161636
2025-07-04,0.41522283716758385,0.21079314196592341,0.5874856497457869
2025-07-07,0.41457502799982354,0.21119679385924117,0.5865610809274566
2025-07-08,0.40910104422594773,0.20917064927925416,0.579021619482906
2025-07-09,0.4093546479719861,0.2090539914804264,0.579354858593974
2025-07-10,0.4099030056649501,0.2108219149665692,0.5800917796602795
2025-07-11,0.410446668918217,0.21098623312093057,0.5808567952341892
2025-07-14,0.40735847815389564,0.20973310234461678,0.5766110791727409
2025-07-15,0.406580909875191,0.2091867118931484,0.575530038941852
2025-07-16,0.40478461692749157,0.2082781109220898,0.5730240594172301
2025-07-17,0.4035470637721655,0.20616911649542932,0.5713167056986378
2025-07-18,0.40225047115883644,0.2058884908674651,0.5695015762795634
2025-07-21,0.40220904444004274,0.2059738901804828,0.5694824844939915
2025-07-22,0.4040451769395433,0.206330340514509,0.5720300877600081
2025-07-23,0.4015049383228205,0.20562896553128845,0.5684895607829311
2025-07-24,0.40099002514743703,0.20634447263164032,0.5677517065794933
2025-07-25,0.40097508908066176,0.20644209264219035,0.5677427269965468
2025-07-28,0.3979612832990729,0.2045414474450436,0.5635912639728661
2025-07-29,0.38812298862177563,0.20060415608193663,0.5500859143876393
2025-07-30,0.3868417613487685,0.20042220388271123,0.5483240745933906
2025-07-31,0.3847842653709961,0.20053784940737382,0.5455225623667074
2025-08-01,0.39899845151353097,0.20827882240226442,0.5651270941975649
2025-08-04,0.39778958785659985,0.20780052490946918,0.563454998114219
2025-08-05,0.39962736712756547,0.20912294115201646,0.5659970302001979
2025-08-06,0.39959362442668983,0.2092012918810832,0.5659606973071463
2025-08-07,0.39874424277231285,0.20856937905494904,0.5648298364805814
2025-08-08,0.399228920989048,0.20852384442281113,0.565510456782007
2025-08-11,0.398471407541666,0.20752279257465328,0.5644873430326461
2025-08-12,0.3983238349046189,0.20826746627030251,0.5642689350751533
2025-08-13,0.39824931575652783,0.20799642133949822,0.5641711218277994
2025-08-14,0.3987724162986282,0.20848033450021047,0.5649444960500584
2025-08-18,0.4018358662556414,0.2110690503598327,0.5691820575475454
2025-08-19,0.40184941547134123,0.21114184713968007,0.5692508284072846
2025-08-20,0.4026653786922052,0.21093477096952726,0.5704037777789777
2025-08-21,0.4020243301328356,0.21094182727247432,0.5695491080448961
2025-08-22,0.4015022319970944,0.2107554231886221,0.5688597741254271
2025-08-25,0.40266419690885774,0.21208222504591767,0.5704725911447782
2025-08-26,0.3952630183414314,0.2106218380584419,0.5602709737218095
2025-08-27,0.3956636978081629,0.21036858554087678,0.5608104352664196
2025-08-28,0.3961410219644801,0.2108377866098614,0.5614814782720234
2025-08-29,0.39910675836387355,0.2119392647622746,0.5656203422810058
2025-09-01,0.4036869698604124,0.21370818907074965,0.5718798769375647
2025-09-02,0.4039169912769903,0.2134543462422046,0.5721466896560327
2025-09-03,0.40147847890529287,0.21201294056833372,0.568749110589046
2025-09-04,0.40268248609203106,0.21200083682347234,0.5704230054200777
2025-09-05,0.4025562243901171,0.21249491663743153,0.5702412985103412
2025-09-08,0.40391646966588507,0.2138062207144072,0.5720766890494456
2025-09-09,0.40381560726304216,0.21399123225574054,0.5718297516932958
2025-09-10,0.40368086918344853,0.2136045590166772,0.5716605767193663
2025-09-11,0.40512540032985384,0.21435627980717203,0.573624795200675
2025-09-12,0.40888558138794734,0.21584133279543344,0.5788103029861184
2025-09-15,0.4090883930502329,0.21559267101982305,0.5791570279323869
2025-09-16,0.40925038037463873,0.21548205230301826,0.5794472128321495
2025-09-17,0.41204995583537724,0.2159880437720969,0.5833411037537399
2025-09-18,0.41184542943369645,0.21616940761821446,0.5831148100258131
2025-09-19,0.40881277928036314,0.21619390786481005,0.578970375875644
2025-09-22,0.4058042163061093,0.2146710471101953,0.574826187312816
2025-09-23,0.3972124813341227,0.21594548840306804,0.5629888364602396
2025-09-24,0.3974166978525581,0.21606516335623602,0.5632781894714501
2025-09-25,0.39650770786939926,0.21555501175313446,0.5620410359949923
2025-09-26,0.3978685006616516,0.21874490824363949,0.5639531522908536
2025-09-29,0.4010294493975986,0.21826654023619782,0.5682934629861472
2025-09-30,0.35536231208034885,0.18404236253953424,0.5058041582077341
2025-10-01,0.3642951681364069,0.18726405178858807,0.5181447798143827
2025-10-02,0.3572656922465871,0.1840752868730716,0.5083772029135218
2025-10-10,0.2984535929193521,0.1416023282052467,0.4260727766211503
2025-10-13,0.29566536737525284,0.1394847447509273,0.4221241552286724
2025-10-14,0.2887107668626618,0.136442737738063,0.41259529423531344
2025-10-15,0.2915016691069584,0.13891273678741842,0.4164479400567355
2025-10-16,0.2843544628420719,0.1348584575108011,0.40648393006209355
2025-10-17,0.2821154351168939,0.13288574912692358,0.40342528123450233
2025-10-20,0.2860009488476809,0.1324292052514207,0.4088031417651973
2025-10-21,0.2863680712945628,0.13380208110572203,0.4092268984353733
2025-10-22,0.2868446831034687,0.13347311354464172,0.40989172305782234
2025-10-23,0.28220529537554323,0.13195764212457803,0.40367728464156993
2025-10-24,0.2826308050482741,0.1313847817891554,0.4041505853632475
2025-10-27,0.2845484577419041,0.12989652693344933,0.4068082088408073
2025-10-28,0.28400842124798575,0.13005693346984265,0.4059846592950267
2025-10-29,0.28245433606548725,0.12877060124456224,0.4037519679266554
2025-10-30,0.28423291370741915,0.13157075017039271,0.4062663753130625
2025-10-31,0.28311384229530784,0.13059588177045797,0.40467322225511476
2025-11-03,0.2807288125280651,0.12966085498526542,0.4015416159549861
2025-11-04,0.2741378534494804,0.12783033349549314,0.39279815274839114
2025-11-05,0.2785739047407443,0.12804531261353602,0.39893584629146445
2025-11-06,0.27756138791818985,0.12625004751857888,0.397486640716678
2025-11-07,0.2849429320209459,0.13160781919604567,0.4077562790730138
2025-11-10,0.28808056682199895,0.13367179759065517,0.4121034928695311
2025-11-11,0.2848441316826153,0.12842469948411506,0.40765945605016984
2025-11-12,0.28748047123075554,0.12860441933298963,0.41120399594835444
2025-11-13,0.28554931510503134,0.12729213225667615,0.40857813096874107
2025-11-14,0.2996760506952608,0.14348892302063365,0.4280790579852799
2025-11-17,0.29899948351331457,0.1424234613448751,0.4269027527295963
2025-11-18,0.3107248810532404,0.142736062225311,0.4431004281563667
2025-11-19,0.3097962031578587,0.14148540008331376,0.44183799680747465
2025-11-20,0.3094612571978307,0.141366924645023,0.4413769978733848
2025-11-21,0.31898342086340176,0.14560606766843726,0.45446673191921394
2025-11-24,0.3162916857476092,0.1437240891780431,0.45083001849353904
2025-11-25,0.3125072632094336,0.1421607144942626,0.44559075671710857
2025-11-26,0.31819974240259885,0.14230710323880835,0.453475833741802
2025-11-27,0.317324048275083,0.1419230126567528,0.4521713873076067
2025-11-28,0.31014474521707147,0.13867925705428719,0.4421580980748889
2025-12-01,0.3102113256448727,0.13886472049265733,0.4423011876750475
2025-12-02,0.3090877679190595,0.13776112691532844,0.4407440724196435
2025-12-03,0.3093946520454695,0.1374105789227701,0.44117983592621224
2025-12-04,0.30778908345572786,0.13584191659799907,0.43894934871065183
2025-12-05,0.30546952766234026,0.1348938660947102,0.4357631210489342
2025-12-08,0.3029279203607957,0.1355121007082952,0.432260361659472
2025-12-09,0.30286977403520554,0.13703036520537462,0.43216693532018535
2025-12-10,0.30299013033377303,0.13698347741648745,0.4323427193307524
2025-12-11,0.30439553405631375,0.13691294447978444,0.4342235062977872
2025-12-12,0.30552324673730136,0.13728447459744905,0.43579024860334364
2025-12-15,0.304867647973825,0.13600013114466267,0.43489659269151115
2025-12-16,0.3125990386628836,0.14015316683446888,0.4454108356977687
2025-12-17,0.3064253088223088,0.14330728768576517,0.4368996830226218
2025-12-18,0.3117592775536245,0.14435422632286418,0.4442188673383057
2025-12-19,0.3118554114505235,0.14374240728209245,0.4442870059664306
2025-12-22,0.3141803599510787,0.14768100923250382,0.4475244994300065
2025-12-23,0.3152085939553341,0.1478876441942441,0.4489159241649871
2025-12-24,0.3148941970195146,0.14874317617191768,0.44853562693977184
2025-12-26,0.31478338175114506,0.14880298632277808,0.44845719705149845
2025-12-29,0.3109775544419923,0.1437360364398993,0.4431072654234032
2025-12-30,0.30993948172198166,0.1426754719676983,0.44161516183133537
2026-01-02,0.3068010357318414,0.14168418334707894,0.4373642465312485
2026-01-05,0.3096991839741025,0.14160505368588205,0.44139926171245264
2026-01-06,0.310034470336997,0.14294378015708684,0.4418586075340613
2026-01-07,0.3062894739025007,0.13950075160937395,0.4367276250761415
2026-01-08,0.3063485292628634,0.13921940882355,0.4367572249000078
2026-01-09,0.3076465326247149,0.14060941871545202,0.4385654913467199
2026-01-12,0.30703168732287733,0.14194300901039653,0.437714932981053
2026-01-13,0.30763250355537985,0.14134349292231208,0.4386286169001697
2026-01-14,0.30715947955641,0.14104939810328296,0.4379986558482887
2026-01-15,0.30770235010588554,0.14025525547257228,0.43878821673652635
2026-01-16,0.30820969063236425,0.14046293412015595,0.43947834174533573
2026-01-19,0.30273271869017576,0.1377532535120629,0.4319252911491817
2026-01-20,0.3009594472917198,0.13694131752214037,0.42937114377127666
2026-01-21,0.29339701499090487,0.13257137155600895,0.41887670911722
2026-01-22,0.29122355646027953,0.13145946737096398,0.4158480963285569
2026-01-23,0.29685854341526774,0.1336827077972698,0.4236713453040045
2026-01-26,0.28477733988540554,0.1278937556594315,0.40686001777300707
2026-01-27,0.2864957628558314,0.12776703202191755,0.40923263276756444
2026-01-28,0.28526129284634144,0.12766024556215255,0.4075368707146557
2026-01-29,0.26133843168063875,0.11713965580061429,0.37453644256402846
2026-01-30,0.26465091970078813,0.12095561466804823,0.37917251241626726
2026-02-02,0.27906903388119947,0.13450045968075647,0.39905216321486064
2026-02-03,0.29689000224422385,0.13986362026135715,0.4236822497951018
2026-02-04,0.29446709609260363,0.1391428986609832,0.42033648208185753
2026-02-05,0.29797611450996214,0.13946754315005816,0.4252705247294124
2026-02-06,0.30036622225455245,0.14088228626267915,0.4285637025777908
2026-02-09,0.3105415162854052,0.14464709269644205,0.44267272324777257
2026-02-10,0.30788282786000626,0.1441665017460513,0.43903073557792366
2026-02-11,0.3062759410246301,0.14353346736612446,0.4368026930540979
2026-02-12,0.30286005521122145,0.14255335944584208,0.43208837325300004
2026-02-13,0.3033966231347967,0.14366568971117474,0.43281746232068763
2026-02-19,0.307571818853318,0.15106789518764915,0.4385595527473976
2026-02-20,0.3060092487309936,0.15087772293648907,0.43640855714389604
2026-02-23,0.3068169233297626,0.15103583763990874,0.43751937538599067
2026-02-24,0.30397034219457014,0.1489482234263855,0.43362492072302117
2026-02-25,0.30364472587913816,0.14854465616988763,0.4331727309579959
2026-02-26,0.3038835631603103,0.15020582759909681,0.43351244204774575
2026-02-27,0.3021639418154407,0.14923038211974823,0.4311279077139063
2026-03-03,0.31807341734191896,0.1467843084028249,0.453155400984465
2026-03-04,0.38440263546592246,0.18677297983772764,0.5433017033908073
2026-03-05,0.4052172096502239,0.1997230095018199,0.5727095629748199
2026-03-06,0.40408306241090375,0.1998626187343137,0.5711494853311591
2026-03-09,0.41482292177683316,0.19990795896563626,0.5859190253955433
2026-03-10,0.4165962185704406,0.20040943968220487,0.5882654671452704
2026-03-11,0.41580549446224724,0.2000445007891876,0.5871853638873291
2026-03-12,0.4155530831757054,0.20028204023156093,0.5868390070502881
2026-03-13,0.41628825176194295,0.2005833456761594,0.5878570578873487
2026-03-16,0.4155597993813848,0.19997420867891552,0.5868666082492443
2026-03-17,0.41496698333227733,0.19946704334035864,0.586058437435347
2026-03-18,0.417919723670476,0.19926906459308064,0.5900793520930048
2026-03-19,0.41995275353369743,0.19992415438355912,0.592882148507241
2026-03-20,0.4190719045642577,0.19983791546952798,0.5916322483243247
2026-03-23,0.42996551224155216,0.21569862949007337,0.6066388051192408
2026-03-24,0.4313450750363727,0.2157334766777125,0.6085603930699366
2026-03-25,0.4320796384915111,0.21640005307092233,0.6095522343774287
2026-03-26,0.4316981428639604,0.21626431543641375,0.6090565475078026
2026-03-27,0.4309302672183324,0.2166858106075047,0.6079734388649899
2026-03-30,0.433390039825406,0.21632644057044761,0.6113785563528176
2026-03-31,0.4332342738657669,0.21379156460548457,0.611193983838593
2026-04-01,0.4409064718413883,0.21651192064977368,0.6217162164015548
2026-04-02,0.4432334203219484,0.2165692674090215,0.6249586023915045
2026-04-03,0.4427431451189294,0.21647067741487,0.62424103603234
2026-04-06,0.4420569924606931,0.21581246618957084,0.6233079757143022
2026-04-07,0.44512838570625834,0.21691680687542125,0.6275747860188375
2026-04-08,0.4531149940534689,0.2224098952767234,0.6386611436748455
2026-04-09,0.4558386156299,0.22368220803457245,0.6424089970538489
2026-04-10,0.4560113262618943,0.22359713283136756,0.6426352280763393
2026-04-13,0.4577211300354211,0.22468934865361137,0.6449899391629599
2026-04-14,0.45982822475415625,0.22593337820019394,0.6478765857492287
2026-04-15,0.4600663649712176,0.22648527494165638,0.6482112054538358
2026-04-16,0.4606801146372427,0.22675533196769151,0.6490936026915478
2026-04-17,0.4605177838443939,0.2273787588936589,0.6488396140578605
2026-04-20,0.4597238412984331,0.2273383699860477,0.6477284686181886
2026-04-21,0.4592724133646471,0.22716072268105816,0.6471126082552363
2026-04-22,0.45986527173008296,0.2276109167709498,0.6479325356922541
2026-04-23,0.46006611373860357,0.22781423837890563,0.6482582343439448
2026-04-24,0.45989367950996246,0.22809297819571828,0.6480054460940642
2026-04-27,0.45948066224039474,0.22699377220640732,0.6473978849581213
2026-04-28,0.4596198368315001,0.22717855545110519,0.6475620880986741
2026-04-29,0.4603157553994077,0.22745962237455847,0.6484934239784883
2026-04-30,0.4631131431890026,0.22849537230954134,0.6523772090442455
2026-05-04,0.46201867837478855,0.22875713650736004,0.6508215410512692
2026-05-06,0.4602363691113152,0.2274224063333746,0.6480338258249282
2026-05-07,0.45862442858507385,0.22633968121957096,0.6457931680942477
2026-05-08,0.4574801290763878,0.22618738198127974,0.6441903600621468
2026-05-11,0.4551134829625352,0.22466919793973014,0.6409862932773229
2026-05-12,0.4547284090813481,0.2249560920565239,0.6405250907861373
2026-05-13,0.45249379483406144,0.2241689391521724,0.6374786278646165
2026-05-14,0.4508592612967725,0.2188556850795006,0.6352541712838464
2026-05-15,0.4532006801985196,0.22600856368628996,0.6386053190460168
2026-05-18,0.45013694857854963,0.2252505120275407,0.6344492555842032
2026-05-19,0.44974279326154215,0.22388869185377683,0.6339335721009088
2026-05-20,0.4503716135720858,0.22534993419935193,0.634828681637278
2026-05-21,0.4531376426043116,0.22734112521941405,0.6386561632190269
2026-05-22,0.4540211039039242,0.22857229433156875,0.6397760010883053
2026-05-26,0.45419025850126915,0.22887229426537936,0.6400134825697912
2026-05-27,0.45096757399656573,0.228272914546785,0.6355836983089275
2026-05-28,0.4504796185063209,0.22867479549170955,0.6349342034049893
2026-05-29,0.4503462560356697,0.22884069058787723,0.6347993381875989
2026-06-01,0.44886253899267103,0.22791817302651868,0.6327689556939264
2026-06-02,0.44868683270346627,0.22706836177364664,0.6325343001868486
2026-06-04,0.44658400403256454,0.2258975079117146,0.6296670566048531
2026-06-05,0.4445178580659974,0.22592463075732258,0.6269593665332868
2026-06-08,0.4629829791627379,0.24485982500808542,0.652208352128582
2026-06-09,0.4645167151049354,0.24430968219684432,0.6539968790168883
2026-06-10,0.4652450008032257,0.2451027982030275,0.6549720000979148
2026-06-11,0.46307077952887515,0.2438522659830439,0.6519924271706103
2026-06-12,0.46463666294528616,0.24559147921357422,0.6541754615266395
2026-06-15,0.46662033813095577,0.24873755302106595,0.6569347111652024
2026-06-16,0.4668657232511167,0.24970410694929665,0.6572912446438933
2026-06-17,0.46280990852799786,0.24830197769513368,0.6517176449296967
2026-06-18,0.46104494390355194,0.24715526400559207,0.6493232328726037
2026-06-19,0.4600721129176078,0.24787472348415177,0.6479618884703588
2026-06-22,0.4578430796066208,0.24595422738045808,0.6449649987599451
2026-06-23,0.46576644540125833,0.2536306735616623,0.6560472690513987
2026-06-24,0.46390459382970434,0.2528916035045175,0.6534927696607269
2026-06-25,0.4620922496855865,0.25051307697194314,0.6508285744505922
2026-06-26,0.4666611854152831,0.25474789415375293,0.657136059848425
2026-06-29,0.46446319362120614,0.2541003059210847,0.6538417974370883
2026-06-30,0.4619050249343267,0.25259655071262316,0.6503147331720678
2026-07-01,0.4616588431639004,0.25231080449885107,0.6499544719460123
2026-07-02,0.4551226046169061,0.24863916724879231,0.6411735283367532
2026-07-03,0.45292510339733905,0.24735845280613952,0.6381144126309425
2026-07-06,0.4528273212974204,0.24757793419921642,0.63798638143326
2026-07-07,0.4513101629418246,0.24758986524916224,0.6359145992724383
2026-07-08,0.4543080601974513,0.25199407836853954,0.6400884538758138
2026-07-09,0.4533177302128876,0.25065980565384377,0.6387542071763708
2026-07-10,0.45467031726247353,0.2515017493619894,0.6406759051787009
2026-07-13,0.4524206140469741,0.251175860161682,0.6378598262750728
2026-07-14,0.45331650682580393,0.25194082800169215,0.6390868916757193
2026-07-15,0.45500725543153336,0.25287896967633733,0.6414378337199883
2026-07-16,0.4563619775666559,0.2539871065764114,0.6433734179846305
2026-07-20,0.46135640532707956,0.2576013870604815,0.6503202547580501
2026-07-21,0.4643372949653543,0.25874503924890374,0.6544149594799953
2026-07-22,0.46518954020404973,0.2594051979641318,0.6555931762679462
2026-07-23,0.4646120209483519,0.25925801309790264,0.6548367202712906
2026-07-24,0.4689774500256007,0.262143341973464,0.6609485569711068
2026-07-27,0.4687904697928058,0.262402224620556,0.6606454957742431
2026-07-28,0.47614287781007975,0.26845885571447997,0.670869982689646
2026-07-29,0.47722671771835473,0.2693608107926354,0.6723969060296464
2026-07-30,0.4749629495666913,0.26856010596133956,0.669192436450742
2026-07-31,0.47588477912881244,0.2712015717105267,0.6687129554497445
2026-08-03,0.4688157204955455,0.2706490869355208,0.6586658785935927
2026-08-04,0.4701502491261124,0.27215666666077165,0.6607083046938332
2026-08-05,0.47024834173583024,0.27326567957722303,0.6608444639841234
2026-08-06,0.4680475621809871,0.27189605499394603,0.6578166970931082
2026-08-07,0.46481487744207156,0.2706853161205627,0.6533569574958926
2026-08-10,0.4635563192291049,0.26875403703363127,0.6515789431945644
2026-08-11,0.46419109640576856,0.26815121506927786,0.6524898614025243
2026-08-12,0.4635636144424885,0.2671558551353449,0.6516641377921812
2026-08-13,0.46517903314652065,0.26823729920165273,0.6538612610691888
2026-08-14,0.4646073337720709,0.26592440826546276,0.6531076702145318
2026-08-18,0.4659793289271964,0.26619112481710866,0.6550658191649039
2026-08-19,0.46566692781379465,0.26714851077048357,0.6546616674783332
2026-08-20,0.4648392251214429,0.2667110953202517,0.6535020617058049
2026-08-21,0.46417989964542594,0.26672152096484153,0.6526540478852981
2026-08-24,0.4613021064970664,0.26438430790983813,0.6486733446726168
2026-08-25,0.4622600934691319,0.26506216990998477,0.6499769947641032
2026-08-26,0.46088631548097164,0.26737574134712117,0.6480963395251836
2026-08-27,0.44492570366351,0.25655986906633127,0.6269859092992504
2026-08-28,0.43334932063228254,0.2504972065279633,0.610765314278903
2026-08-31,0.4339009967486324,0.25012038931017616,0.611561459522151
2026-09-01,0.4283590517595511,0.24855869153594476,0.6040930870567773
2026-09-02,0.4284849947788784,0.2503843837726329,0.6042586409571453
2026-09-03,0.42779263535882806,0.24996263175535227,0.6032978529285778
2026-09-04,0.42705189151080875,0.2488207014434217,0.6022765495526676
2026-09-07,0.4261243220949621,0.24817327948391943,0.6010031945435257
2026-09-08,0.4267053873623447,0.24853638096961939,0.6017970447135221
2026-09-09,0.42554896011179644,0.24802294878329442,0.6002119297115396
2026-09-10,0.4230162184497922,0.24813292535447518,0.5966937661031746
2026-09-11,0.42228838647465783,0.24877324171176105,0.5956784385286144
2026-09-14,0.4220097145967795,0.24887389532474996,0.5953346311709201
2026-09-15,0.41350594927504825,0.23960622855834462,0.5837786098220287
2026-09-16,0.4120408079984464,0.24007934515403706,0.5818197970748961
2026-09-17,0.4111892657363725,0.23988147632354254,0.5806860710874371
2026-09-18,0.4108916334661818,0.23996818821254462,0.5802747564436482
2026-09-21,0.41134120346605846,0.24019113342407772,0.5809083475981774
2026-09-22,0.4101035801408859,0.24145585558806817,0.5791732226582902
2026-09-23,0.4084436038857907,0.2423970947604176,0.5768970147825704
2026-09-28,0.39848499826280853,0.23840856039815872,0.5630181973423842
2026-09-29,0.39498700485189636,0.23790355485392867,0.5582345262392325
2026-09-30,0.39472798068940246,0.23759426148085416,0.5578829805538783
2026-10-01,0.39364531337365305,0.2371628840809578,0.5563608764921012
2026-10-02,0.3928651959515913,0.23609300538814376,0.5552646444706406
