date,xs_mean,xs_disp,xs_disp_eq,n_absrz3,n_absrz3_dedup,n_same_dir,n_opposite_dir
2019-03-06,-0.0007538229790346031,0.006018886844660782,0.007051725571048991,0,0,0,0
2019-03-07,-0.004701241696987844,0.006334438381756098,0.005821696322552015,0,0,0,0
2019-03-08,-0.008693038766570706,0.012362058428243228,0.009582820162349659,0,0,0,0
2019-03-11,0.00318584084722991,0.0058214611385359405,0.006637001398348939,0,0,0,0
2019-03-12,0.010027084024789058,0.009860843387416494,0.006409300012780791,0,0,0,0
2019-03-13,-0.0004871156218646474,0.006510153420081113,0.005666984749406206,0,0,0,0
2019-03-14,0.0017392324287462107,0.009863575094263317,0.010705175306784729,0,0,0,0
2019-03-15,0.004646764409989612,0.011136378258644612,0.01157069084475584,0,0,0,0
2019-03-18,0.0014128720494498968,0.007913808342509222,0.009002090245447639,0,0,0,0
2019-03-19,-0.0013367458860075701,0.0054991191355469775,0.00505816702083421,0,0,0,0
2019-03-20,0.0008505027873373256,0.004947792456925951,0.006115414872980635,0,0,0,0
2019-03-21,0.0012252800279635547,0.011772212601911905,0.013109457093351142,1,1,1,0
2019-03-22,-0.00029203144477251975,0.007136154723805311,0.008510392565947612,0,0,0,0
2019-03-25,-0.015734462861899758,0.015824018905068182,0.008173041812890237,1,1,1,0
2019-03-26,0.0013375747200391956,0.00592371495795279,0.006882041349384077,0,0,0,0
2019-03-27,0.00047702895918061503,0.009368329580857431,0.010764519050455218,0,0,0,0
2019-03-28,-0.007374685848856774,0.008501853342794734,0.007437320099159539,0,0,0,0
2019-03-29,0.0068915627227159396,0.010576219271106939,0.008820033257849181,1,1,0,1
2019-04-01,0.011254469802923928,0.012262549357564398,0.009439962576085557,1,1,1,0
2019-04-02,0.003481091202881697,0.006872277677216567,0.006606904106606388,0,0,0,0
2019-04-03,0.010044828630193216,0.010958324313490052,0.007254034469971797,0,0,0,0
2019-04-04,0.0018512555784109496,0.0055205400697510175,0.005845142246466201,0,0,0,0
2019-04-05,0.0013320881951766912,0.006583237540408349,0.00782205469476787,0,0,0,0
2019-04-08,0.0015849035819022652,0.00753611583434857,0.006899774954494394,0,0,0,0
2019-04-09,0.0020994360804040798,0.005448529787643134,0.005332760348505099,0,0,0,0
2019-04-10,0.002532224179466685,0.005383088481126688,0.0056286762486805276,0,0,0,0
2019-04-11,0.0006842140014318999,0.00551449363885414,0.006728396339233327,0,0,0,0
2019-04-12,-0.00078667707728571,0.0045778428754879525,0.004478882982674695,0,0,0,0
2019-04-15,-0.00037188619860648237,0.005071091398239666,0.0052069855046863196,0,0,0,0
2019-04-16,0.0013204561368709723,0.006150153367964111,0.00683864510847835,0,0,0,0
2019-04-17,0.00256853783284995,0.007071959866907894,0.006898827479093645,0,0,0,0
2019-04-18,-0.00803386059507669,0.011825931821554397,0.009615470371790558,2,0,2,0
2019-04-19,0.0036669832407281383,0.008800108157038012,0.010723051420525332,0,0,0,0
2019-04-22,-0.0003427633522885044,0.006573341541748185,0.004775802155118363,0,0,0,0
2019-04-23,0.001925047455590687,0.004702211286731878,0.004575522365105332,0,0,0,0
2019-04-24,-0.0036925951443173995,0.009391893644192786,0.00876464965392693,0,0,0,0
2019-04-25,-0.00018428610164721972,0.00833471225035748,0.009715724738505866,1,1,0,1
2019-04-26,-0.007660376677817274,0.00855922161486892,0.007727462303042119,0,0,0,0
2019-04-29,0.009890513350546786,0.017033766378466406,0.010259777639619213,5,2,5,0
2019-04-30,-0.001435503700302821,0.00599805884676373,0.00493909969446156,0,0,0,0
2019-05-02,0.000914371906381635,0.005947126537314459,0.006085390360454233,0,0,0,0
2019-05-03,-0.0041615006278774855,0.0087209805128056,0.007071308412737018,0,0,0,0
2019-05-07,-0.007285447225441538,0.014464422042870222,0.014620984965426586,1,1,1,0
2019-05-08,-0.006091146732037591,0.0073700977460754375,0.007212178929471639,0,0,0,0
2019-05-09,-0.016804577823415972,0.021085288749951834,0.013902084244158234,8,5,7,1
2019-05-10,0.00098183556415882,0.006928034412218501,0.008480075975239853,0,0,0,0
2019-05-13,-0.011039954566345735,0.01255125421807146,0.009538782534635902,1,1,0,1
2019-05-14,-0.0016421356121047652,0.006775663389038315,0.007127052167811584,1,1,1,0
2019-05-15,0.010038285531292046,0.011253537180573429,0.010678691083234887,2,2,2,0
2019-05-16,-0.006139779975424449,0.013170955738073248,0.010566393370455727,0,0,0,0
2019-05-17,-0.002916181576291785,0.008554034056703304,0.008935670936824892,0,0,0,0
2019-05-20,-0.004678869092525599,0.011338388369047998,0.012966519247692864,0,0,0,0
2019-05-21,0.000729067355741098,0.009188207204845276,0.011001433004369978,0,0,0,0
2019-05-22,-0.0008032464556890013,0.00577875736307593,0.0051152526949182625,0,0,0,0
2019-05-23,-0.006733993867376479,0.009158240592012068,0.008806525389439037,0,0,0,0
2019-05-24,-0.0035618422444657254,0.011413570060128648,0.007287312434733724,1,1,1,0
2019-05-27,0.0011220609156745202,0.00764040924385886,0.009478951410957562,0,0,0,0
2019-05-28,0.00444975182244887,0.008736611582247858,0.01019239893569006,0,0,0,0
2019-05-29,-0.009197072931347135,0.011797033426728398,0.008721781843752491,0,0,0,0
2019-05-30,0.003411042214676635,0.00964182899186553,0.009835293158865407,0,0,0,0
2019-05-31,-0.0023717080195980143,0.01570548069308028,0.012114813604313351,1,1,1,0
2019-06-03,0.00222138493848528,0.018770487258848816,0.012025596320048208,5,3,3,2
2019-06-04,0.002025821744610831,0.008792237181806615,0.010496785433284845,0,0,0,0
2019-06-05,0.0022313472029011796,0.008986002254051979,0.011015115131816657,2,2,2,0
2019-06-07,0.0024647343726190265,0.006255389660557311,0.007433963677749048,0,0,0,0
2019-06-10,0.011075602320209984,0.012105166513445304,0.009263194395934269,2,1,2,0
2019-06-11,0.005111451123241086,0.009124149488176405,0.008737407698235087,0,0,0,0
2019-06-12,-0.0042570945122834564,0.009334652385138158,0.0075331230910278,1,1,0,1
2019-06-13,-0.00204323438779709,0.006731791341777892,0.006624415287586053,0,0,0,0
2019-06-14,-0.0014408341025060798,0.006770358535706022,0.0066415940329614676,0,0,0,0
2019-06-17,-0.0009835319615741627,0.00412843700197565,0.004638877115205783,0,0,0,0
2019-06-18,-0.00045259518721822007,0.006452514486142183,0.0057811613508310005,0,0,0,0
2019-06-19,0.007561891253437705,0.01213098460179395,0.0055612774992490925,1,1,0,1
2019-06-20,0.006472483443831815,0.00996734750277029,0.008199323341734862,2,2,1,1
2019-06-21,-0.0007122595682849505,0.009149035646411433,0.005801846431201369,0,0,0,0
2019-06-24,0.0017656748109405804,0.00755776970569195,0.007438826372882621,0,0,0,0
2019-06-25,-0.002800543998925565,0.006986008235576369,0.006370129609745176,0,0,0,0
2019-06-26,-0.00019813867880752483,0.007383369617181602,0.0058525368958854,0,0,0,0
2019-06-27,0.0021491547782305585,0.013840462384244811,0.0157228054865006,1,1,0,1
2019-06-28,-0.0031680498598238753,0.006231973436429187,0.006646388818735778,0,0,0,0
2019-07-01,0.00689587722545298,0.013141759816476412,0.012725648944197745,3,3,2,1
2019-07-02,-0.002668258667062503,0.006683905137410601,0.005729042315643553,0,0,0,0
2019-07-03,-0.00488174123979679,0.015432183949324142,0.00939787299977447,1,1,0,1
2019-07-04,0.003267159691748915,0.01130436553835426,0.01265162822154481,0,0,0,0
2019-07-05,0.001421663069629982,0.006811440254539087,0.008402274608085163,0,0,0,0
2019-07-08,-0.0150660013857094,0.019551626678249827,0.013875378313666874,7,4,7,0
2019-07-09,-0.006754478839759034,0.01229996504987846,0.014456263373109585,1,1,1,0
2019-07-10,0.00454677520484238,0.007592846985268475,0.006864801720401517,0,0,0,0
2019-07-11,0.010305846572757415,0.012367609454838611,0.009590287595550398,0,0,0,0
2019-07-12,0.0026120411137000254,0.0068966494534907965,0.007628748020858135,0,0,0,0
2019-07-15,-0.0001696450018763526,0.007156826707585139,0.008182612164463927,0,0,0,0
2019-07-16,0.0019929258962775856,0.006821528398128909,0.007383542357773546,0,0,0,0
2019-07-17,-0.005552636998277259,0.010533265749846829,0.00861617840316812,0,0,0,0
2019-07-18,-0.00399033585956274,0.007726503155116148,0.006882035701731731,1,1,0,1
2019-07-19,0.008412589717243759,0.011437654460445592,0.005696152476321754,0,0,0,0
2019-07-22,-0.00070766060571222,0.0058907471527895085,0.0061504739048800815,0,0,0,0
2019-07-23,0.0016071450079654496,0.006944103440423158,0.007686849014328095,0,0,0,0
2019-07-24,-0.00315471155276947,0.00887923342304373,0.007905626682791482,0,0,0,0
2019-07-25,-0.004052647208076901,0.009986808594895948,0.011465747470607857,0,0,0,0
2019-07-26,-0.00313036224566767,0.006482312355591075,0.0071760276489089775,0,0,0,0
2019-07-29,-0.012735286178939705,0.015915167725861473,0.014787891606151885,1,1,1,0
2019-07-30,0.003833159758794545,0.006708996095695697,0.006097690784411006,0,0,0,0
2019-07-31,-0.000986879160813188,0.008916660446210973,0.006914457021311394,0,0,0,0
2019-08-01,-0.006038897529587185,0.008071673936680254,0.008238909507245807,1,1,1,0
2019-08-02,-0.012662051005026492,0.01926850517033141,0.015747619766848717,5,5,5,0
2019-08-05,-0.02043542082969469,0.03351092502841163,0.03229427059802285,10,7,8,2
2019-08-06,-0.012967076986498826,0.013323013094606588,0.008830496502915548,1,1,1,0
2019-08-07,0.0035978588554004647,0.014615997865997528,0.013980483669554167,0,0,0,0
2019-08-08,0.009039911801460649,0.013701831553843935,0.012987985722836362,1,1,1,0
2019-08-09,0.003651386485171302,0.007883266638058887,0.008506277477818834,0,0,0,0
2019-08-12,0.0023993395066077353,0.008297708368984852,0.0074605061651821574,0,0,0,0
2019-08-13,-0.005822031525181075,0.010464431101252137,0.005363368447829212,0,0,0,0
2019-08-14,0.007705714233963592,0.012596673600287487,0.009230464987979905,0,0,0,0
2019-08-16,-0.005163165231441408,0.009019877576979201,0.0078268081920976,1,1,1,0
2019-08-19,0.00643592074772018,0.008099220487888952,0.006923515234712039,0,0,0,0
2019-08-20,0.006766188085244709,0.011155029435800901,0.010772352597494013,0,0,0,0
2019-08-21,0.0010292145667093295,0.006781799665395951,0.007922809274266562,1,1,0,1
2019-08-22,-0.00408408156886269,0.00757298661051146,0.00684698905576961,0,0,0,0
2019-08-23,-0.00011514867846464,0.006861079268475193,0.008323196185907919,0,0,0,0
2019-08-26,-0.017814091480585915,0.022343516566265903,0.01570251103512629,6,6,5,1
2019-08-27,0.0025106891896299,0.0074232062157505805,0.008305529402718087,0,0,0,0
2019-08-28,0.011825901590677795,0.015176213428414376,0.01566084181772159,2,2,2,0
2019-08-29,-0.0015196813146626886,0.004729131178998479,0.004568489911977664,0,0,0,0
2019-08-30,0.010380908946980998,0.013411432033284836,0.008327504176092832,2,2,2,0
2019-09-02,0.0023127507118264204,0.00886887180266722,0.00855483873192146,1,1,0,1
2019-09-03,-0.001803497688029746,0.003540122863846385,0.003262839744345861,0,0,0,0
2019-09-04,0.007512164626609666,0.012361319245256236,0.010095350020548897,0,0,0,0
2019-09-05,0.006822960822099135,0.010452967046436444,0.009085971446521339,0,0,0,0
2019-09-06,-0.00031280553652317,0.007060711927929455,0.005715888044832338,0,0,0,0
2019-09-09,0.001081538452565221,0.008149816924037672,0.00776997753933375,0,0,0,0
2019-09-10,0.00194876911313005,0.009890245249902433,0.010800383509151773,0,0,0,0
2019-09-11,0.005770209992344977,0.009754784936822926,0.010059224914188819,0,0,0,0
2019-09-16,0.006946135729511821,0.011287565743906009,0.008989598785525847,1,1,0,1
2019-09-17,0.0014617614371073698,0.011168074331179287,0.00863922150543654,0,0,0,0
2019-09-18,-0.0012688740199273299,0.013064456904215274,0.005771018710593601,0,0,0,0
2019-09-19,-0.0005519040701077748,0.007232433751661146,0.007276166898171227,0,0,0,0
2019-09-20,0.004728264463437755,0.006587069726235784,0.0066339052234210645,0,0,0,0
2019-09-23,-0.0020462308937489095,0.008879912200235025,0.010148247760362902,0,0,0,0
2019-09-24,-0.002945282350358726,0.012503015173054837,0.014542409809130042,0,0,0,0
2019-09-25,-0.010278463462054294,0.01390831634403067,0.012100134745413728,1,1,1,0
2019-09-26,0.0008996358946328344,0.006788513596191446,0.006886218020011128,0,0,0,0
2019-09-27,-0.005932525425306129,0.008720573417287146,0.008225147159162387,1,1,1,0
2019-09-30,-7.052827287244907e-06,0.008222808711221646,0.008466603920079327,0,0,0,0
2019-10-01,0.00307588910409374,0.016653278591152943,0.016798536982234578,1,1,1,0
2019-10-02,-0.011375946796679472,0.015031613782491517,0.007198064063178441,5,2,5,0
2019-10-04,-0.00511307258962964,0.01092790663245362,0.006639280433948375,1,1,0,1
2019-10-07,0.004524997361504726,0.014032615975178618,0.017233712488777073,2,2,2,0
2019-10-08,0.006922957230067421,0.012419971173878943,0.010346151082005595,1,1,1,0
2019-10-10,-0.005921856040434177,0.009038418768128824,0.007968452944222146,0,0,0,0
2019-10-11,0.005466288732139094,0.011524308043361223,0.008881231442826773,0,0,0,0
2019-10-14,0.006598444175115929,0.011420171356246324,0.00995905668875952,1,1,1,0
2019-10-15,0.0017761737173673305,0.008311222180157245,0.008786297152197574,0,0,0,0
2019-10-16,0.002896468978377945,0.006577439007888587,0.005944218849497297,0,0,0,0
2019-10-17,-0.0029067269655801004,0.005559851089227348,0.005446755861781824,0,0,0,0
2019-10-18,-0.004284210498515305,0.008701810171319543,0.00606123105206058,0,0,0,0
2019-10-21,0.0016759427951269605,0.008086566250573418,0.008781235033894934,1,1,0,1
2019-10-22,0.0062325368001378,0.01100588973417326,0.00807841431242261,0,0,0,0
2019-10-23,0.0009840795462033698,0.015874464645299787,0.0192314951904338,1,1,0,1
2019-10-24,0.003759226805562635,0.0077839525084073165,0.007336637761724473,0,0,0,0
2019-10-25,-0.001230233321959257,0.009605765594647155,0.011347208418148663,0,0,0,0
2019-10-28,0.0017125953188323704,0.008156814921320216,0.009239693482545554,1,1,0,1
2019-10-29,-0.00021431392263035506,0.006862488913334716,0.006160304354761898,1,1,1,0
2019-10-30,-0.00501045913921601,0.006924454023775024,0.005838007667053092,0,0,0,0
2019-10-31,0.0008654965957100747,0.005674809795007002,0.006506969534823237,0,0,0,0
2019-11-01,0.003172947648649847,0.007794223280612629,0.005966775373812657,0,0,0,0
2019-11-04,0.008597794981098746,0.010842491288512522,0.004642493613179109,0,0,0,0
2019-11-05,0.005862865201348083,0.006510652887780305,0.0045026965721422585,0,0,0,0
2019-11-06,-0.004142962681299505,0.005890731420104845,0.005599717800408344,0,0,0,0
2019-11-07,-0.001635310351876035,0.006017255967128786,0.006524940497880281,0,0,0,0
2019-11-08,2.3224304229254883e-05,0.007842024262471176,0.008246604641668254,0,0,0,0
2019-11-11,-0.0030922512691786115,0.007137552419059092,0.006405831644483673,0,0,0,0
2019-11-12,0.0029473197172919996,0.008885227562228303,0.007698961456637099,0,0,0,0
2019-11-13,-0.005304731745069774,0.007887233738030967,0.005141426940206542,0,0,0,0
2019-11-14,0.004318798332102836,0.005420988716585484,0.00408494942744684,0,0,0,0
2019-11-15,0.0064686657761221355,0.010774159790154659,0.0076071089302642385,0,0,0,0
2019-11-18,0.0002592695824261425,0.0032755533470885533,0.0023876020439820857,0,0,0,0
2019-11-19,-0.0029876166254901196,0.00985591067903639,0.011130229786073404,0,0,0,0
2019-11-20,-0.008208636819266235,0.012637694860946527,0.010651874152362038,0,0,0,0
2019-11-21,-0.007460588788605964,0.014672442541068595,0.009071612554170024,0,0,0,0
2019-11-22,0.0016518899042054548,0.006784748268422582,0.005302999608337937,0,0,0,0
2019-11-25,0.007736697562082279,0.010632970533266567,0.00822167838590819,0,0,0,0
2019-11-26,0.0024279052772506874,0.005891436606665351,0.007105455053337411,0,0,0,0
2019-11-27,0.0004314273082196499,0.004671051173015003,0.005688526276831769,0,0,0,0
2019-11-28,-0.0031794450508261405,0.006111891176664461,0.006737657053624433,0,0,0,0
2019-11-29,-0.008627345778286239,0.011367343943798033,0.005531346206252504,0,0,0,0
2019-12-02,0.000569937661861325,0.008529279210095919,0.004197469602082376,0,0,0,0
2019-12-03,-0.003948401186418581,0.006167056678414721,0.006004696834455641,1,1,1,0
2019-12-04,-0.0038189009460302633,0.010096766685307184,0.00888081082729724,1,1,1,0
2019-12-05,0.0011510408244646449,0.008933785497523177,0.008297401357014707,0,0,0,0
2019-12-06,0.007151640454519434,0.012101474167518857,0.012365484849563697,1,1,1,0
2019-12-09,0.0031736907258057357,0.005910630310929287,0.005172524781774302,0,0,0,0
2019-12-10,0.001024002332840885,0.0056224456868587324,0.006313841456706412,0,0,0,0
2019-12-11,0.0015347771232519848,0.004331114233150256,0.004797541778034648,0,0,0,0
2019-12-12,0.00965866142360851,0.012591707566652155,0.009288594477089952,0,0,0,0
2019-12-13,0.007492014779906309,0.01297166956769892,0.009008863840403284,1,1,0,1
2019-12-16,0.00025398815846182035,0.006141936326044934,0.007271561515261521,0,0,0,0
2019-12-17,0.007371082662499311,0.011327249001160685,0.01008984142417873,0,0,0,0
2019-12-18,0.00029224268107875515,0.005741403025811259,0.007053691485251125,0,0,0,0
2019-12-19,-6.481056261673488e-05,0.00446623695943736,0.00490662720844492,0,0,0,0
2019-12-20,0.002565456040073735,0.0033355134396764936,0.0029000263445023646,0,0,0,0
2019-12-23,0.0003313435331285101,0.008573902202326546,0.009594736349134367,0,0,0,0
2019-12-24,-0.002567994412795368,0.007115103500862107,0.00561852749966345,0,0,0,0
2019-12-26,0.006691497513039183,0.009006902833805558,0.009993541522527643,0,0,0,0
2019-12-27,0.010377546913476695,0.011184932097398652,0.00729938973261205,0,0,0,0
2019-12-30,0.001879042148353792,0.00711894653198144,0.008471387692199312,0,0,0,0
2020-01-02,-0.00444487907738819,0.012806728691691919,0.01342357591745911,3,3,2,1
2020-01-03,0.00103769784090701,0.010026736173701601,0.0074201712859844355,1,1,0,1
2020-01-06,-0.006106919743137403,0.014037708879640233,0.009186009142841735,1,1,0,1
2020-01-07,0.0035944757460786903,0.010778600188828775,0.005686886767358513,0,0,0,0
2020-01-08,-0.010113046585273691,0.014424493972299099,0.011650009114527946,3,3,2,1
2020-01-09,0.00695926777574189,0.02374220692807786,0.01472607258847319,3,3,1,2
2020-01-10,0.00526236929534034,0.01056225749101779,0.010815851832274693,1,1,1,0
2020-01-13,0.0029148737848631195,0.007721939013953954,0.00608247314137621,0,0,0,0
2020-01-14,0.0027095563707335707,0.008355006483098868,0.007056538135835883,0,0,0,0
2020-01-15,-0.00156839468858064,0.006607644133667312,0.006624932485564068,0,0,0,0
2020-01-16,0.004835722098343954,0.008183159628117338,0.007006459322023152,0,0,0,0
2020-01-17,0.00133220101177542,0.003879910060261936,0.004435351829179309,0,0,0,0
2020-01-20,0.0037732871398994555,0.007616229818949518,0.00802658042476553,0,0,0,0
2020-01-21,-0.006275317459228871,0.008959999212827155,0.004872810031013164,0,0,0,0
2020-01-22,0.007236256371651685,0.012611037395554905,0.010313906074961106,1,1,1,0
2020-01-23,-0.007314791392863179,0.014058507350835973,0.011672643959299126,2,2,2,0
2020-01-28,-0.022002077943842544,0.02522537413383167,0.014544578584796838,12,9,11,1
2020-01-29,0.004676123784758314,0.008737495823403394,0.009091448103958684,1,1,1,0
2020-01-30,-0.00991674348433135,0.014228847305347563,0.008996207943384665,0,0,0,0
2020-01-31,-0.007269636557505769,0.012315505835567614,0.012135720581810873,0,0,0,0
2020-02-03,-0.00107555112093377,0.011140761843369387,0.012130970141038642,1,1,0,1
2020-02-04,0.00757175297560531,0.016665229867196898,0.012473049224687916,1,1,1,0
2020-02-05,0.0027331957477219355,0.007551733757953126,0.007011641044104251,0,0,0,0
2020-02-06,0.01899695015448609,0.022198333912181043,0.013748793141761865,6,5,5,1
2020-02-07,-0.002644839278102914,0.00817681685622933,0.007164138953760431,0,0,0,0
2020-02-10,-0.0027099199929897172,0.007743575107098983,0.007265046611680125,0,0,0,0
2020-02-11,0.008081296274032972,0.011878296846016403,0.011232909700165284,1,1,1,0
2020-02-12,0.0042255998716901,0.007552055064340765,0.0069723944375322585,0,0,0,0
2020-02-13,-0.001427929781375779,0.008282042400313022,0.008406541214142357,0,0,0,0
2020-02-14,0.001476292135984628,0.006015365217516115,0.006159414987780328,0,0,0,0
2020-02-17,0.0026701886908583787,0.007027701631756203,0.008093131481865357,0,0,0,0
2020-02-18,-0.008539012479518573,0.012016982735578594,0.007594072083483315,0,0,0,0
2020-02-19,0.002334971098791605,0.005736609387480762,0.005138245936286348,0,0,0,0
2020-02-20,0.00024813569538855026,0.01040931837430211,0.011035413894650847,0,0,0,0
2020-02-21,-0.01002097644982916,0.014598630292996727,0.009954997244093353,1,1,1,0
2020-02-24,-0.02324167431652659,0.02750713100396918,0.014674937133474826,12,9,11,1
2020-02-25,0.005457147963592475,0.014669057446282326,0.014528184963699016,2,2,1,1
2020-02-26,-0.008069747302086396,0.015215927437826947,0.013341919269813185,3,3,3,0
2020-02-27,-0.01102230083453718,0.015014293907333462,0.0136187880794766,2,2,2,0
2020-02-28,-0.02962245368664908,0.025519955539288507,0.012572256211360287,11,11,11,0
2020-03-02,0.008552363589137977,0.019225666522520418,0.01920109135165095,2,2,0,2
2020-03-03,0.0038779605489168987,0.01317898978383798,0.014326047793773541,2,2,2,0
2020-03-04,0.011217261796760861,0.01664189935244143,0.01329224719625539,1,1,1,0
2020-03-05,0.007114936055043222,0.011219889908154467,0.009934284821586687,0,0,0,0
2020-03-06,-0.015372742716958734,0.01770080896376361,0.007299405874622953,3,3,2,1
2020-03-09,-0.0470849333559897,0.07898201692466345,0.015383369073204114,14,11,13,1
2020-03-10,0.005472792592041467,0.013816958918160718,0.011338717080850796,0,0,0,0
2020-03-11,-0.014895517807791386,0.025301149153239246,0.014856175407382434,0,0,0,0
2020-03-12,-0.03737682635382693,0.03129515789071201,0.010960459684718803,10,8,10,0
2020-03-13,-0.026982530263380662,0.02494291618249034,0.017689492653276254,9,9,9,0
2020-03-16,-0.024645816169999772,0.0319476285520961,0.02658763082151795,5,4,5,0
2020-03-17,-0.010335713912163754,0.026909314449372168,0.02960017076738765,4,4,3,1
2020-03-18,-0.046257438409581624,0.0456522577742404,0.020700637551721725,15,12,14,1
2020-03-19,-0.0632950895846587,0.0693035878588941,0.05704689424014311,15,12,14,1
2020-03-20,0.055418156088038885,0.05923355680199765,0.03557881587850643,14,11,13,1
2020-03-23,-0.050414095593583966,0.05248390438216602,0.02682466022585368,12,9,12,0
2020-03-24,0.05950647800555179,0.05690997966087238,0.025059499835889246,15,12,15,0
2020-03-25,0.03960132343383677,0.04222560803036834,0.033261337411419824,9,8,9,0
2020-03-26,-0.006978600814117615,0.017755313008038013,0.014544421842969597,1,1,0,1
2020-03-27,0.014243390789565763,0.02468665689297979,0.018628137405006195,3,3,3,0
2020-03-30,-0.00586069944860358,0.027392579884741853,0.017258049128712687,1,1,1,0
2020-03-31,0.01872977989623406,0.028258080027634684,0.030291098918457104,1,1,1,0
2020-04-01,-0.03083363144092919,0.032927231939962165,0.021346463568080724,3,3,3,0
2020-04-02,0.01764640455330537,0.02669475347594356,0.013458831356258265,1,1,1,0
2020-04-03,0.006582249004298114,0.019475217833696302,0.009413593460954618,0,0,0,0
2020-04-06,0.03342249668023824,0.03510153285873891,0.007076042392604463,1,1,1,0
2020-04-07,0.01308467000866081,0.020158651429450756,0.012025619266192803,1,1,1,0
2020-04-08,-0.010710404137486385,0.018887578673145597,0.008826661443261004,0,0,0,0
2020-04-09,0.014242647711087894,0.017469110868890296,0.014355922911965373,0,0,0,0
2020-04-10,0.00641141527048112,0.022471498327981846,0.015267438793381225,1,1,1,0
2020-04-13,-0.016170764981335118,0.015598282762624748,0.011714159235381208,0,0,0,0
2020-04-14,0.01414026470381367,0.01431184271147968,0.00868411532701197,0,0,0,0
2020-04-16,-0.0023440168681687196,0.032720296954798445,0.019044087416442933,0,0,0,0
2020-04-17,0.01218103438572892,0.02197211319264577,0.011135687437206348,0,0,0,0
2020-04-20,-0.010121584337653793,0.024163760089901995,0.006182471288459618,0,0,0,0
2020-04-21,-0.012699726862845906,0.026124172970973764,0.007162347780305609,0,0,0,0
2020-04-22,-0.017988570743939204,0.08025033036616668,0.010930362745816581,1,1,0,1
2020-04-23,0.008458586024671063,0.011382128303605622,0.006446895610924199,0,0,0,0
2020-04-24,-0.010302288114155067,0.013385304777506766,0.009308021265665807,0,0,0,0
2020-04-27,0.010841848913787444,0.038095673503479616,0.019998603237442892,1,1,1,0
2020-04-28,-0.006384928634388306,0.03734435316371456,0.006511388108896684,1,1,0,1
2020-04-29,0.009637293540850743,0.01848393136456175,0.009475894107118776,0,0,0,0
2020-05-04,-0.011624990259435874,0.03458234741110369,0.011039336468441074,0,0,0,0
2020-05-06,0.02143957876487918,0.04084117296472796,0.008963468379951824,1,1,1,0
2020-05-07,0.00037505272885071536,0.011183127043488455,0.009416532650613015,0,0,0,0
2020-05-08,0.01330787156069877,0.012312951832684707,0.010856663423879599,0,0,0,0
2020-05-11,-0.004592645759292222,0.008711480932177601,0.008606686191696281,0,0,0,0
2020-05-12,-0.006420783026789936,0.01053250646485164,0.011253500850184589,0,0,0,0
2020-05-13,0.00526917886627779,0.016068785937694535,0.018852666227493903,0,0,0,0
2020-05-14,-0.00917915648230909,0.010544702719814524,0.007194250502402561,0,0,0,0
2020-05-15,0.010362832738607391,0.01794390012335097,0.008420402548183301,0,0,0,0
2020-05-18,0.00788911255603304,0.018972251533484218,0.015052975786405907,0,0,0,0
2020-05-19,0.018664055966621223,0.025108349889887065,0.020717643775025833,1,1,1,0
2020-05-20,0.0035349848740682138,0.01387110604216668,0.017103450592010745,0,0,0,0
2020-05-21,0.00699396391916156,0.014193183347539457,0.008881565769971126,0,0,0,0
2020-05-22,-0.013582388900223615,0.014910995824443754,0.006967691039025854,0,0,0,0
2020-05-25,0.01189271964445183,0.013825843146445953,0.01209022367114231,0,0,0,0
2020-05-26,0.014769739365924971,0.01562951085641402,0.011678114355663098,0,0,0,0
2020-05-27,-0.0031636320566432613,0.014803314533195517,0.01745194150769263,0,0,0,0
2020-05-28,-0.005402787706029954,0.018205996405894046,0.01757482666377014,1,1,1,0
2020-05-29,0.0033064667445171702,0.010131881988036433,0.010695965096360619,0,0,0,0
2020-06-01,0.019118381647323147,0.019653338592929025,0.012087293908057949,0,0,0,0
2020-06-02,0.009819784995669763,0.013642766352175647,0.013569785920145471,0,0,0,0
2020-06-03,0.01833004892946661,0.03123893707246347,0.027496447682146197,1,1,1,0
2020-06-04,-0.0027373165536600107,0.013513688862111762,0.014397958532276383,0,0,0,0
2020-06-05,0.01028815790653288,0.013001249462151535,0.00905292490533025,0,0,0,0
2020-06-08,0.004311589022788544,0.013114212703769884,0.006841132513143987,0,0,0,0
2020-06-09,-0.001292470717040395,0.010318697082595361,0.009747733530767501,0,0,0,0
2020-06-10,0.0001780681495983306,0.0103568157279832,0.01145836307890814,0,0,0,0
2020-06-11,-0.0070386435890015695,0.017837253222911124,0.0181758391474345,0,0,0,0
2020-06-12,-0.01710162052920949,0.020274282828826817,0.013911425179374227,0,0,0,0
2020-06-15,-0.038557382855208426,0.037308958296691036,0.020962614426984674,4,4,4,0
2020-06-16,0.04223688372424819,0.039162635550741204,0.0151514142917851,3,3,3,0
2020-06-17,0.00233803647140141,0.011545064823886467,0.01398790034462738,0,0,0,0
2020-06-18,-0.0027230936025404748,0.004385245859959229,0.0045553853001824894,0,0,0,0
2020-06-19,0.004777215660466851,0.009806418105908344,0.0073053839118015955,0,0,0,0
2020-06-22,-0.0008436782331099126,0.011557493436741494,0.013316255034875872,0,0,0,0
2020-06-23,0.002560409725392432,0.008073124602344607,0.008850330962516815,0,0,0,0
2020-06-24,0.0074875887609209425,0.012415571063574566,0.00968130291902928,0,0,0,0
2020-06-25,-0.018313261124268246,0.02118999732163208,0.011463952564671021,0,0,0,0
2020-06-26,0.00650758704312267,0.011372579752396207,0.008029724134110608,0,0,0,0
2020-06-29,-0.01556405618863894,0.01354005270490565,0.004749824661578642,0,0,0,0
2020-06-30,0.007104145392020256,0.010904739236670602,0.007315408033262598,0,0,0,0
2020-07-01,0.00263640140312604,0.011231019870686925,0.01381934174619174,0,0,0,0
2020-07-02,0.010013612129557778,0.012152866716731558,0.008407944830971695,0,0,0,0
2020-07-03,0.005948488977733091,0.007320690394469818,0.0061036979216159476,0,0,0,0
2020-07-06,0.011870392170224326,0.017338773950581865,0.016833389989501464,1,1,1,0
2020-07-07,-0.0020100298675521707,0.010665451612505693,0.010300437500602931,0,0,0,0
2020-07-08,8.731667485627004e-05,0.005776584524219634,0.006478068262711716,0,0,0,0
2020-07-09,0.004836843476170825,0.008104587143993024,0.009082449311055013,0,0,0,0
2020-07-10,-0.008696370158638955,0.013482709871831523,0.011046326136631241,0,0,0,0
2020-07-13,0.013907420673696233,0.014545636407357655,0.00948956007815792,0,0,0,0
2020-07-14,-0.004547572328261369,0.007161275624998195,0.007377676629970016,0,0,0,0
2020-07-15,0.007524085391688355,0.011056373799456436,0.010770701502905931,0,0,0,0
2020-07-16,-0.005620710325801402,0.013463796421398553,0.014140212605809098,1,1,1,0
2020-07-17,0.005284832890742479,0.011078682924220649,0.011851041805307732,0,0,0,0
2020-07-20,0.0032750575284747957,0.009897164017287746,0.011139921557728154,0,0,0,0
2020-07-21,0.00857459412974311,0.013052542217016665,0.012437309097529688,0,0,0,0
2020-07-22,0.0023358777321086563,0.014091341111922713,0.015942434345103826,0,0,0,0
2020-07-23,0.0019164459858495065,0.010167032872871495,0.011670122587227487,0,0,0,0
2020-07-24,-0.010909057691094471,0.012258946378204853,0.010697264229280046,0,0,0,0
2020-07-27,0.005695040765956508,0.01230434040197851,0.012594314999744411,0,0,0,0
2020-07-28,0.009210946434511109,0.012963409542538456,0.008891118365554732,0,0,0,0
2020-07-29,0.0017002863593978252,0.010214708425209267,0.011976426234303958,0,0,0,0
2020-07-30,0.0039054195912737503,0.00892171463282241,0.010860269323051041,0,0,0,0
2020-07-31,-0.0036379294734644636,0.012115524792914658,0.013337717177829157,0,0,0,0
2020-08-03,0.0038624948687299688,0.014337696065858562,0.01729150085164154,1,1,0,0
2020-08-04,0.008605623855916521,0.009982283921092126,0.008068681707586298,0,0,0,0
2020-08-05,0.01165013820152028,0.01754654195663944,0.019128364259525958,2,2,2,0
2020-08-06,0.010931788657884042,0.016268829155840547,0.01654865888934342,1,1,1,0
2020-08-07,0.0030800845425975544,0.01565024253606669,0.018832729327927244,1,1,1,0
2020-08-10,0.008111650844147977,0.020982446013576378,0.022934456277288705,1,1,1,0
2020-08-11,0.00686670533727785,0.014818346639773461,0.014110381077646785,1,1,0,1
2020-08-12,-0.00608247356817041,0.016122587006437674,0.015126088754412797,1,1,0,1
2020-08-13,0.004653191036733127,0.006966024749953284,0.007168593918536855,0,0,0,0
2020-08-14,-0.008600238464746451,0.014982997861527738,0.015683759140196853,2,2,2,0
2020-08-18,-0.015064752326902275,0.025537730347316618,0.022903857474911613,4,4,3,1
2020-08-19,0.006144076511804974,0.008906469309906328,0.008182510760526486,0,0,0,0
2020-08-20,-0.025087409857819636,0.027687616135128896,0.01791196122796871,8,5,8,0
2020-08-21,0.009808970303235546,0.012527154751977812,0.009522326617301938,0,0,0,0
2020-08-24,0.008399032641204725,0.011530167770024179,0.009551640938531584,0,0,0,0
2020-08-25,0.010956756643966581,0.011717756837169059,0.007905445946747091,0,0,0,0
2020-08-26,-0.0008116205005660602,0.008304501556046845,0.009186600971327816,0,0,0,0
2020-08-27,-0.004939093425025365,0.011691767547807043,0.012191315300150168,0,0,0,0
2020-08-28,0.0050752725043013034,0.00847619035511486,0.008126207918139382,0,0,0,0
2020-08-31,-0.0018258807373917416,0.012135728440109262,0.010778198388980349,0,0,0,0
2020-09-01,0.005354849323786217,0.008731793475512319,0.00810163434257804,0,0,0,0
2020-09-02,0.004640158630450026,0.008674491247250423,0.008672986027894144,0,0,0,0
2020-09-03,0.0016910323525367594,0.014284596943042729,0.009544407699764092,0,0,0,0
2020-09-04,-0.013506632621328288,0.015365197474480029,0.014008694676688112,2,2,2,0
2020-09-07,8.969376976885804e-05,0.015105664247797744,0.015199956239060463,1,1,0,1
2020-09-08,0.002330229493544947,0.010827935715585952,0.009809482000969118,0,0,0,0
2020-09-09,-0.014715494165591429,0.01709767280494466,0.01147958684204062,3,3,3,0
2020-09-10,0.009195785196970844,0.011712923022856984,0.008509292570120765,0,0,0,0
2020-09-11,-0.0023532619466071596,0.006861010532721227,0.006432536227842411,0,0,0,0
2020-09-14,0.00841053296435177,0.013190142852692413,0.012666160691121309,0,0,0,0
2020-09-15,0.004569124926671523,0.006443478852322048,0.004722434406823428,0,0,0,0
2020-09-16,0.0003859408496779803,0.012724305595643623,0.010603358609525907,0,0,0,0
2020-09-17,-0.008165641846716696,0.014789502729616783,0.014303767793433994,2,2,2,0
2020-09-18,0.005736060508766154,0.01277425941232112,0.010892228456457096,1,1,0,1
2020-09-21,-0.009030557771835179,0.011790355085471856,0.012213166920234731,1,1,1,0
2020-09-22,-0.017322449201716834,0.018825540172190836,0.014151309695548562,2,2,2,0
2020-09-23,-0.00043517844877003533,0.011830340458583527,0.013642496572577377,0,0,0,0
2020-09-24,-0.023054834321465427,0.024070194603232887,0.017868061035011658,4,4,4,0
2020-09-25,0.004403772451109467,0.006879075590880014,0.007136077744652157,0,0,0,0
2020-09-28,0.013009851819136272,0.015491862757413884,0.0117718442365826,1,1,1,0
2020-09-29,0.008924209167578894,0.007382164281772498,0.00552487251597573,0,0,0,0
2020-10-05,0.0062967648295683175,0.022426698121097283,0.01728389251366327,1,1,0,1
2020-10-06,0.0034129197689941,0.010153695243790022,0.006834235317287828,0,0,0,0
2020-10-07,0.0022748563828992223,0.008807306817939516,0.007367121537017864,0,0,0,0
2020-10-08,0.002887007907226824,0.007494114023637445,0.008475735251541343,0,0,0,0
2020-10-12,0.004883985822489185,0.008529548493877782,0.008567814935866799,1,1,1,0
2020-10-13,0.00025946421569100504,0.009434382308430396,0.011429040858614285,1,1,0,1
2020-10-14,-0.008155353379631485,0.008531381065606403,0.006173469759265193,0,0,0,0
2020-10-15,-0.004073875183136436,0.013263636678277579,0.01338525107862821,0,0,0,0
2020-10-16,-0.00418285680131579,0.00720707040264004,0.007091888254160292,0,0,0,0
2020-10-19,-3.396727968363006e-05,0.012505476902616934,0.01538020088317961,0,0,0,0
2020-10-20,0.0005555155964548997,0.00979764538324769,0.011278856759761726,0,0,0,0
2020-10-21,0.002592354197775823,0.006965248220038509,0.0074058494181487855,0,0,0,0
2020-10-22,-0.006299121368242469,0.015110501470818999,0.01643070612852386,1,1,1,0
2020-10-23,0.003213256250241938,0.0096199496302193,0.011362470844413882,0,0,0,0
2020-10-26,-0.01252239416214295,0.015581975939869713,0.01662296415093116,1,1,1,0
2020-10-27,-0.0018923616176959243,0.011643035802226991,0.013597269883977353,0,0,0,0
2020-10-28,0.008580023729186856,0.01217620342555881,0.012650770284386022,0,0,0,0
2020-10-29,-0.004799153226096105,0.016484604260030563,0.01781953135120155,0,0,0,0
2020-10-30,-0.020615474544140918,0.01884873064262159,0.00847529297124802,2,2,2,0
2020-11-02,0.009042343719461105,0.016872978641148693,0.010814438061290687,0,0,0,0
2020-11-03,0.015940665416799123,0.020004821898256444,0.013999566757864757,1,1,1,0
2020-11-04,0.009281594067390726,0.01704705601586713,0.01756545416790575,1,1,1,0
2020-11-05,0.015188311223616292,0.01591288057663394,0.00698826694494998,0,0,0,0
2020-11-06,-0.0022967866360926346,0.009648490902452579,0.009778237162619958,0,0,0,0
2020-11-09,0.012219139333479727,0.011635976424427364,0.00879782998898649,1,1,1,0
2020-11-10,-0.0026410793274486144,0.022561399952304245,0.0236422069401756,2,2,2,0
2020-11-11,0.00868675466214954,0.018608583065029227,0.01653133798421286,1,1,1,0
2020-11-12,-0.0030906651665715745,0.008652590075616034,0.009475001841014347,0,0,0,0
2020-11-13,-0.0003134203822435555,0.010529803447554015,0.010513097461182709,0,0,0,0
2020-11-16,0.011930715334860027,0.01742255826850021,0.015188761604780632,1,1,1,0
2020-11-17,-0.0011003785588279305,0.0069519320695718805,0.005733606112879883,0,0,0,0
2020-11-18,0.0009938983314331429,0.007855727152930023,0.009018292913721963,0,0,0,0
2020-11-19,0.004046357924349045,0.00919745292270729,0.010451928728187643,1,1,1,0
2020-11-20,0.0023520733077880334,0.004155430441592715,0.004860863284895151,0,0,0,0
2020-11-23,0.009865670305493771,0.015367226408586175,0.011639144966607482,0,0,0,0
2020-11-24,0.0013485422418143293,0.01203263780241454,0.010888491905346888,1,1,0,1
2020-11-25,0.0004909812687821561,0.012291648709395973,0.011250661185677722,0,0,0,0
2020-11-26,0.004764958925178581,0.009754925733119332,0.009227267520464967,0,0,0,0
2020-11-27,0.0027663094059565746,0.00993753531786958,0.010166532005515632,0,0,0,0
2020-11-30,-0.009239697368585249,0.013737324893916415,0.013248510146778011,0,0,0,0
2020-12-01,0.012679151334667849,0.012722906799585964,0.01018079596279711,1,1,1,0
2020-12-02,0.007637777991171891,0.013378346253711579,0.008552498497088184,0,0,0,0
2020-12-03,0.005356598740579408,0.012550099294001145,0.013725902456767755,0,0,0,0
2020-12-04,0.008986825725806096,0.01656053795164109,0.015545107850323498,1,1,0,1
2020-12-07,0.0033783051273532554,0.01481329134972579,0.017914570583627786,0,0,0,0
2020-12-08,-0.011366024897109365,0.021165537238734985,0.021903666970261738,2,2,2,0
2020-12-09,0.01064718184039596,0.01569056468483221,0.011430217890850974,0,0,0,0
2020-12-10,-0.0009241636015071046,0.010793369237584616,0.012222801343144076,0,0,0,0
2020-12-11,0.005323822489754538,0.009485158769269983,0.008511088362519053,0,0,0,0
2020-12-14,-0.0014536083640306803,0.007579750825426135,0.009079684028291972,0,0,0,0
2020-12-15,-0.0009082415014925701,0.00575944885193921,0.006876954085299617,0,0,0,0
2020-12-16,0.006651239138825947,0.007236984916996915,0.007298031044683235,0,0,0,0
2020-12-17,0.003952309609040755,0.009576890431736785,0.010501262422887,0,0,0,0
2020-12-18,0.00035862507378946185,0.005661309265559839,0.006480731776937824,0,0,0,0
2020-12-21,0.0039869921124904536,0.00880140619819835,0.009712560689231107,0,0,0,0
2020-12-22,-0.01476515548323724,0.01343014418508716,0.009461444676433936,0,0,0,0
2020-12-23,0.002503268470655845,0.013984194994326805,0.01452590578618389,0,0,0,0
2020-12-24,0.008157767657496682,0.014526774658949826,0.009161340667558686,0,0,0,0
2020-12-28,0.0032780420764454885,0.008141198620279073,0.008743882648796409,0,0,0,0
2020-12-29,0.010085341727055032,0.016982122060781393,0.01676529143376205,1,1,1,0
2020-12-30,0.005969094656496922,0.015241347497200785,0.01078583970002025,0,0,0,0
2021-01-04,0.016005035486900236,0.028605484384602035,0.030703823602684158,4,4,4,0
2021-01-05,0.006140943123159726,0.01843954015536026,0.01673212494137368,1,1,1,0
2021-01-06,-0.0009129199403812103,0.015110373363827615,0.010043553168489405,0,0,0,0
2021-01-07,0.014288355333001213,0.017290632363107294,0.010861197569571842,0,0,0,0
2021-01-08,0.018173321302825198,0.03518229986751359,0.031970797985671554,3,1,3,0
2021-01-11,-0.0029318535825255186,0.013579342945968301,0.013023146678051694,1,1,0,1
2021-01-12,-0.0008922372939465866,0.0136444479360863,0.015103102935133682,0,0,0,0
2021-01-13,0.005149727102100844,0.008291475236640672,0.007343333600774757,0,0,0,0
2021-01-14,-0.00367571704310875,0.009252213629175093,0.010631265463933256,0,0,0,0
2021-01-15,-0.011516433825105537,0.015850995106100448,0.010253158883226862,0,0,0,0
2021-01-18,-0.011756562004677808,0.020732247164563983,0.020198557964597172,1,1,1,0
2021-01-19,0.013618603673955731,0.02397809148080102,0.023163771495070224,1,1,1,0
2021-01-20,0.00850476027589939,0.011622841707293293,0.012698338088454423,0,0,0,0
2021-01-21,0.008539888030162398,0.013454645344056671,0.012940962379071193,0,0,0,0
2021-01-22,-0.005747775618985321,0.008500949248472318,0.008901033400710984,0,0,0,0
2021-01-25,0.01069827597726584,0.016516363870608865,0.011102902777275993,0,0,0,0
2021-01-26,-0.01032965296552913,0.01737283934948154,0.010102573204110728,0,0,0,0
2021-01-27,-0.0027143193126602204,0.0066377384555981285,0.0067649457530146425,0,0,0,0
2021-01-28,-0.015223081876626892,0.014757347253018398,0.00611238068180353,3,3,2,1
2021-01-29,-0.01815951940050399,0.019682224281701445,0.013627066193138707,1,1,1,0
2021-02-01,0.020792085374081618,0.022961822170795683,0.01894227289833095,2,2,2,0
2021-02-02,0.008305037276254427,0.012455601269075647,0.009702498305201486,0,0,0,0
2021-02-03,0.006185257713950681,0.012819600007787672,0.013680826310102482,0,0,0,0
2021-02-04,-0.00600392725899093,0.012505823889537287,0.006321068692115236,0,0,0,0
2021-02-05,0.007676886315818324,0.01162781630769433,0.00967460815340614,0,0,0,0
2021-02-08,-0.003359575753971182,0.020212629353353675,0.023779419166878125,1,1,1,0
2021-02-09,0.001031813973709809,0.008297764441958474,0.007485257589040626,0,0,0,0
2021-02-10,0.004291893570415061,0.007889940682658494,0.006535407239148136,0,0,0,0
2021-02-15,0.008285360127734065,0.016444332114959742,0.013549113500439055,1,1,1,0
2021-02-16,-0.00020106398805854595,0.008185725858855285,0.00972969038599716,0,0,0,0
2021-02-17,-0.002474713911931205,0.010563278027677448,0.009749468111328534,0,0,0,0
2021-02-18,-0.009449561145657061,0.013560342170479784,0.006766529074126193,0,0,0,0
2021-02-19,0.0017737747364404584,0.011237110532213756,0.007512874378634677,0,0,0,0
2021-02-22,-0.005548911355083582,0.014546706466141309,0.01533654041913486,1,1,1,0
2021-02-23,-0.0022629041085549333,0.01558993205980739,0.013697396465939565,0,0,0,0
2021-02-24,-0.018475858585383937,0.018545798947324103,0.013525963009795994,1,1,1,0
2021-02-25,0.022742598275353458,0.024580026816870416,0.012746052671764421,1,1,1,0
2021-02-26,-0.018627579882089636,0.018139582671162804,0.00617980847970185,4,4,3,1
2021-03-02,0.005399207290403181,0.018425515213719504,0.010415656564965832,1,1,1,0
2021-03-03,0.0070421928048838124,0.010096322470982884,0.008981888195077373,0,0,0,0
2021-03-04,-0.006496265948287834,0.015766785195342803,0.014123890657857527,2,2,2,0
2021-03-05,-0.0006384980315567101,0.013686605539647002,0.008330191352001682,0,0,0,0
2021-03-08,-0.0018393242032730503,0.022466107388200277,0.024092839378095098,0,0,0,0
2021-03-09,-0.005336344873860775,0.012537626358872407,0.011860717961150848,0,0,0,0
2021-03-10,-0.004910564341440348,0.014937752090225189,0.016474939305100782,0,0,0,0
2021-03-11,0.01479068201376818,0.015775670869280785,0.01130928578551339,0,0,0,0
2021-03-12,0.006267814488180775,0.009859895357414532,0.007797294679512129,1,1,0,1
2021-03-15,-0.0014114848672889418,0.00866565084118402,0.009691548212616008,0,0,0,0
2021-03-16,0.0065847047252426336,0.013392540366513533,0.01310912798444788,0,0,0,0
2021-03-17,-0.00250627059771195,0.007793160174782348,0.008001033974861353,0,0,0,0
2021-03-18,0.0015509111608218314,0.007220556577336473,0.004830245797935603,0,0,0,0
2021-03-19,-0.008820891479840285,0.0182989878194661,0.009298747168711301,1,1,1,0
2021-03-22,0.0032544862214645746,0.009158010186108363,0.008929696563376496,0,0,0,0
2021-03-23,-0.006270866870954246,0.009765097460137531,0.009261000397597051,0,0,0,0
2021-03-24,-0.0035908535978549454,0.013026683860318843,0.010382731562681794,0,0,0,0
2021-03-25,0.003180141359434321,0.010269381022766089,0.010450165986117784,0,0,0,0
2021-03-26,0.005334687167202709,0.010270471921362748,0.00883795244703525,0,0,0,0
2021-03-29,0.0025983006347918593,0.009847200335350345,0.012079980127330215,0,0,0,0
2021-03-30,0.006699524385629615,0.012799474904001143,0.010402284219428713,0,0,0,0
2021-03-31,-0.002226975302144725,0.007650983241696975,0.008482149002806246,0,0,0,0
2021-04-01,0.004404888854100596,0.01436390897458296,0.0156255008130165,0,0,0,0
2021-04-02,0.005532769094821329,0.011252776412849002,0.01153229541199791,0,0,0,0
2021-04-05,0.0027814594164840235,0.012106317338103842,0.014975881861244877,0,0,0,0
2021-04-06,-0.0025568873806083347,0.0072757600188436454,0.007416801401666241,0,0,0,0
2021-04-07,0.0032971609787470846,0.007410148038610325,0.008481441616463525,0,0,0,0
2021-04-08,0.004545189309588844,0.007474164604914083,0.008510694877893426,0,0,0,0
2021-04-09,-0.0017912895317030164,0.007691291695835362,0.008344597821196042,0,0,0,0
2021-04-12,0.0032888052407167093,0.009762709298983907,0.011200399544882784,0,0,0,0
2021-04-13,0.0054271361993785,0.009595783630904835,0.007798289434393912,0,0,0,0
2021-04-14,0.0038463801244513498,0.007411346038551376,0.006029866368809405,0,0,0,0
2021-04-15,0.0032733982735621094,0.009821892880946943,0.008314325084555011,0,0,0,0
2021-04-16,0.0024539295975189875,0.006379960511527805,0.006924827496232607,0,0,0,0
2021-04-19,0.004454131670060301,0.009609675445254528,0.010724670201414018,0,0,0,0
2021-04-20,0.0016961782048504424,0.008008572296152304,0.00790614793072115,0,0,0,0
2021-04-21,-0.008516706641012724,0.01346082735567905,0.008110734728256122,0,0,0,0
2021-04-22,0.002975125283956252,0.00840924869595068,0.007591941984505186,0,0,0,0
2021-04-23,0.0022345209572128834,0.010960839215054592,0.013283129899706604,0,0,0,0
2021-04-26,0.0035539524478249143,0.0077099828855080235,0.006455721789082981,0,0,0,0
2021-04-27,0.002655367049221187,0.015987744384352295,0.019776315204071474,1,1,1,0
2021-04-28,-0.006664855757591221,0.01443080188289619,0.014974119072728161,1,1,1,0
2021-04-29,-0.0023570782850351048,0.009602212216736931,0.009889960033732171,0,0,0,0
2021-04-30,-0.004542364579434976,0.012891797336463817,0.014889852782593473,1,1,1,0
2021-05-03,-0.009193505568389215,0.016618425293292927,0.018209523556699574,1,1,1,0
2021-05-04,0.00506257410387832,0.008449905926734592,0.008049335873919374,1,1,1,0
2021-05-06,0.008481708505780877,0.018806318352847753,0.022656555616422634,2,2,2,0
2021-05-07,0.0051555055415222865,0.00927084537898572,0.00812605112199304,0,0,0,0
2021-05-10,0.011055514649130932,0.013885393047929157,0.011719713259663374,0,0,0,0
2021-05-11,-0.007931762416188521,0.018724636070090662,0.019958554736450425,1,1,1,0
2021-05-12,-0.0060578019618752225,0.013101058278352328,0.010564971609593299,0,0,0,0
2021-05-13,-0.01063133771709422,0.016608516655295353,0.017956143275713644,1,1,1,0
2021-05-14,0.006348711414997228,0.01617610564680537,0.016789226961239082,0,0,0,0
2021-05-17,0.0008754298267574803,0.011330142064645093,0.011597543692410657,0,0,0,0
2021-05-18,0.010170547462811878,0.012742462094917585,0.012101460750695037,0,0,0,0
2021-05-20,-0.007293918461236055,0.015047947273738751,0.01482223287962137,0,0,0,0
2021-05-21,-0.0031247452440940995,0.010907490143395353,0.01200304835389479,0,0,0,0
2021-05-24,-0.002997477526164781,0.01255627075563699,0.011581460615427917,0,0,0,0
2021-05-25,0.008957648675840316,0.010993762286901678,0.008581601285141637,0,0,0,0
2021-05-26,-0.003050728761892136,0.008478942889668559,0.009215114119385833,0,0,0,0
2021-05-27,0.001086368966647915,0.006348153377678418,0.007777597601688575,0,0,0,0
2021-05-28,0.004810795520116161,0.010436425645085163,0.011403588790763973,0,0,0,0
2021-05-31,0.0010524813006179807,0.007732245093736223,0.009035537277839952,0,0,0,0
2021-06-01,0.00157715780058147,0.005507407789133248,0.004514988446213886,0,0,0,0
2021-06-02,-0.0013985884504965,0.006256897690016361,0.007037030105893731,0,0,0,0
2021-06-03,0.004588131093358576,0.010153929026689837,0.010464844990514541,0,0,0,0
2021-06-04,-0.0014374334137112648,0.007631310377008581,0.008161679935211594,0,0,0,0
2021-06-07,0.001204259410718655,0.008143477532693535,0.009724570894679018,0,0,0,0
2021-06-08,0.0005566340272168586,0.005569069460275234,0.00634977342741582,0,0,0,0
2021-06-09,-0.005487039326392274,0.011008498754237768,0.006909953520246887,0,0,0,0
2021-06-10,0.002492398112163475,0.008536787854847202,0.009481284831787366,0,0,0,0
2021-06-11,0.004909649695492736,0.009878803432336597,0.010814713281593299,1,1,0,1
2021-06-14,0.0004946174370589471,0.009550230915724883,0.009429820923835843,1,1,1,0
2021-06-15,-8.91222377322204e-05,0.005090802746758338,0.006124771412211903,0,0,0,0
2021-06-16,0.0027936936483948503,0.009682176532187253,0.010172894124103398,0,0,0,0
2021-06-17,-0.002276210625597285,0.009558982617994793,0.007965375363349231,1,1,1,0
2021-06-18,0.001931762523166795,0.010499080751110647,0.01039657381716636,0,0,0,0
2021-06-21,-0.00643011523665621,0.010822981999625326,0.009226954153202037,1,1,1,0
2021-06-22,0.006674007151293525,0.010946264628951376,0.01114967008107823,0,0,0,0
2021-06-23,0.003565314215839684,0.008425828788438217,0.009702787137614341,0,0,0,0
2021-06-24,0.00245590786389007,0.008503772908443705,0.010175905863126382,0,0,0,0
2021-06-25,0.0029654140588059193,0.008854605454586235,0.010004725419135828,0,0,0,0
2021-06-28,0.00143503125465932,0.004399634891800543,0.004761237846046381,1,1,1,0
2021-06-29,-0.00289611415040367,0.009220035156690953,0.010365609063515647,0,0,0,0
2021-06-30,0.001956083614701743,0.004575589016470918,0.003410682142046461,0,0,0,0
2021-07-01,0.00026213979145628993,0.007832530552235133,0.007952818203790634,0,0,0,0
2021-07-02,-0.0008306891114534214,0.0077068671292406694,0.00788410855269641,0,0,0,0
2021-07-05,0.00319061325225486,0.007665415732969856,0.008820288284784827,0,0,0,0
2021-07-06,0.0005378147321892686,0.009835613570896193,0.009921138425168187,0,0,0,0
2021-07-07,-0.0029608234597222195,0.013215684617112552,0.011890713807078755,1,1,1,0
2021-07-08,-0.006175026565228134,0.009603329964860519,0.007183887094858172,0,0,0,0
2021-07-09,-0.0056351869206203945,0.011194870798738944,0.009008317499510674,0,0,0,0
2021-07-12,0.007938480014824962,0.007724550791658634,0.005856007111323043,0,0,0,0
2021-07-13,0.005425755915774986,0.007507229834122344,0.006612856566480301,0,0,0,0
2021-07-14,-0.00125367675608219,0.006610979933394626,0.006887004478076845,0,0,0,0
2021-07-15,0.00372648742512022,0.012361508121710498,0.004862704685222361,1,1,0,1
2021-07-16,-0.002622079131966065,0.006342555045305016,0.007126921692329817,0,0,0,0
2021-07-19,-0.005754553932529301,0.010370485253907293,0.00974960949413885,0,0,0,0
2021-07-20,-0.005238579899251851,0.012997492432659685,0.007396277370567163,1,1,1,0
2021-07-21,0.0006595598201323035,0.006041129178959526,0.0061035123418002445,0,0,0,0
2021-07-22,0.009806073703944825,0.014992494695092519,0.010419488927559784,0,0,0,0
2021-07-23,0.0034460299039004117,0.007689375787553603,0.008072677445104908,0,0,0,0
2021-07-26,-0.005967276630851325,0.010360548198931374,0.010187068792859584,1,1,1,0
2021-07-27,0.0008532175833287177,0.006864631743715839,0.007421587507577502,0,0,0,0
2021-07-28,-0.0022191130279688707,0.007994103945829594,0.008934029527011682,0,0,0,0
2021-07-29,0.002213399680860726,0.0061712505155297305,0.006552707885578612,0,0,0,0
2021-07-30,-0.0059222774065733185,0.01096423524852825,0.0090983576987019,0,0,0,0
2021-08-02,0.0047407597681380495,0.011063343936684485,0.011753886817327421,0,0,0,0
2021-08-03,-0.0012043854298036997,0.012335120125833418,0.012312001626497612,0,0,0,0
2021-08-04,0.00582964941496822,0.010035243162711002,0.006605271275870598,0,0,0,0
2021-08-05,-0.001793378534311055,0.009470816919820184,0.006710485252978799,0,0,0,0
2021-08-06,0.0002929896157262147,0.00728685518586556,0.004945489165215299,0,0,0,0
2021-08-09,-0.0035082569638446603,0.015123337468459152,0.01162205861497285,1,1,1,0
2021-08-10,-0.0015105319844931043,0.008813229719488174,0.00917084637374028,0,0,0,0
2021-08-11,0.0008649634509718546,0.013231442501880731,0.0148648318753696,1,1,1,0
2021-08-12,0.0016682249820137306,0.00917810560560341,0.01036716132083407,0,0,0,0
2021-08-13,-0.005557086796315315,0.011101142046142657,0.008654443783561165,0,0,0,0
2021-08-17,-0.008302681326520987,0.015439590542240752,0.013686934952162944,1,1,1,0
2021-08-18,0.00280789062174269,0.008155055499824437,0.008682566841195062,0,0,0,0
2021-08-19,-0.01862304045051722,0.01865871932055143,0.013646268794655254,5,5,5,0
2021-08-20,-0.008075793394643222,0.011650582628645352,0.010743076286096912,0,0,0,0
2021-08-23,0.00858076429015726,0.01223350453037233,0.010478412336241194,1,1,1,0
2021-08-24,0.012996201573457244,0.017359595641050662,0.014632090168207516,2,2,1,1
2021-08-25,0.004267576114396555,0.0068587628540024105,0.00618594608925366,1,1,0,1
2021-08-26,-0.0010439300773454948,0.006948439517715822,0.006113688794769765,0,0,0,0
2021-08-27,0.000998739375583135,0.004054663126474443,0.003498529248883464,0,0,0,0
2021-08-30,0.0015383229959547151,0.010860496130006574,0.013449313967393049,0,0,0,0
2021-08-31,0.009392718049923199,0.012679521132413172,0.007633574809459582,0,0,0,0
2021-09-01,0.00130519495273526,0.00509142067512892,0.005921298594528636,0,0,0,0
2021-09-02,-0.004514911551574386,0.008930711724313683,0.008853564939853339,0,0,0,0
2021-09-03,0.003958722555774218,0.00805369411975707,0.006759646563420304,0,0,0,0
2021-09-06,0.0002011395139914954,0.008516504626299671,0.007842683483212825,0,0,0,0
2021-09-07,0.0016030973885546996,0.010356599888483572,0.011703970151492717,0,0,0,0
2021-09-08,-0.0032792508184762313,0.010295131963113623,0.010920006674685631,0,0,0,0
2021-09-09,-0.007535873745538055,0.013186567726669544,0.010440252877136636,0,0,0,0
2021-09-10,0.003093955541360045,0.00984986697190232,0.01096378417480151,0,0,0,0
2021-09-13,0.00154932920205431,0.011571717459834114,0.012405114266193229,0,0,0,0
2021-09-14,0.00426601133377823,0.008665421869300083,0.009256550563064752,0,0,0,0
2021-09-15,3.3170775992538275e-05,0.007517569041910001,0.009198457132857002,0,0,0,0
2021-09-16,-0.002279774345265815,0.009985871494167308,0.00788072693924747,1,1,0,1
2021-09-17,0.0005809685284487001,0.006714070833363889,0.006854659418605733,0,0,0,0
2021-09-23,-0.00476432987767862,0.010006605772687461,0.01156572243008798,2,2,2,0
2021-09-24,0.001996467825616484,0.010507114639864852,0.01210505524759544,0,0,0,0
2021-09-27,0.00200293732482501,0.009125845234947891,0.010063914777675119,0,0,0,0
2021-09-28,-0.006839972851151246,0.015424585532481832,0.014514283527394704,2,2,2,0
2021-09-29,-0.008253491873931275,0.01154773390850526,0.007980067272617093,0,0,0,0
2021-09-30,0.0027550053247378577,0.005918918154027366,0.005711067665420352,0,0,0,0
2021-10-01,-0.01281259986603309,0.015405909129888665,0.00747065778190115,1,1,1,0
2021-10-05,-0.00863596508620794,0.021768727720406444,0.020551529016662875,1,1,1,0
2021-10-06,-0.010871520824505324,0.018979557946243984,0.01809847325088978,3,3,3,0
2021-10-07,0.01196676671280446,0.016981752791779776,0.010124705273249017,1,1,1,0
2021-10-08,0.0031143355961614845,0.013246453109266096,0.014325112012750803,0,0,0,0
2021-10-12,-0.00634911653394388,0.012728091085340154,0.008629741074628739,1,1,1,0
2021-10-13,0.008231255099581393,0.012616303413610768,0.012642401365166417,0,0,0,0
2021-10-14,0.010007375875642991,0.013772926190411153,0.013955146120073392,1,1,1,0
2021-10-15,0.005801710604200393,0.009305939726368633,0.008345936646790427,0,0,0,0
2021-10-18,-0.0004155406289848818,0.006800060507060934,0.005275239102497849,0,0,0,0
2021-10-19,0.004752991729248172,0.007835452261821113,0.005693927189922818,0,0,0,0
2021-10-20,-0.003927088860248045,0.009327649885862918,0.011137727465442763,0,0,0,0
2021-10-21,-0.0014794567008737099,0.00901503839981955,0.009324365498693882,0,0,0,0
2021-10-22,-0.0003992194908994169,0.007295071859148895,0.008071662727936363,0,0,0,0
2021-10-25,0.0042028030663998515,0.009781275616928167,0.008666139076981362,0,0,0,0
2021-10-26,0.005803674821119376,0.009157737084713988,0.007253912611305053,0,0,0,0
2021-10-27,-0.004225266102260478,0.006235795816638373,0.00413643822481903,0,0,0,0
2021-10-28,-0.0047089981038337106,0.013239328687510573,0.01481958502244277,2,2,1,1
2021-10-29,-0.008127575885407145,0.01316142638148207,0.0113678816515084,1,1,1,0
2021-11-01,0.003725244892816966,0.008713710662143612,0.009894203432248201,1,1,1,0
2021-11-02,0.004954669558321518,0.009460480721279215,0.008182668718088794,0,0,0,0
2021-11-03,-0.005100154195159229,0.011924283530215839,0.010718682779513508,0,0,0,0
2021-11-04,0.00225594082006573,0.010919603182736435,0.00731401202467991,0,0,0,0
2021-11-05,-0.000820167112512947,0.011019321871738375,0.012094221653897345,1,1,0,1
2021-11-08,-0.00017038477971373497,0.014142467518270033,0.012255858849271651,0,0,0,0
2021-11-09,0.00154354847257644,0.006202672997101047,0.007310906969368153,0,0,0,0
2021-11-10,-0.0074535449357241036,0.013336982490620342,0.01000852298730498,0,0,0,0
2021-11-11,-0.001398382220509185,0.012334640740097269,0.01162870333576801,0,0,0,0
2021-11-12,0.01024793099546756,0.013377037740114313,0.012464807283790628,1,1,1,0
2021-11-15,0.00789916117463524,0.01482012972834174,0.015378843339513679,1,1,1,0
2021-11-16,-0.0004181848566317652,0.006784169684336415,0.006769994953714304,0,0,0,0
2021-11-17,-0.007744264796690001,0.012017144636864869,0.011876951972571794,0,0,0,0
2021-11-18,-0.002446551638230065,0.008898636782682049,0.008450165458637629,0,0,0,0
2021-11-19,0.007900025310935355,0.010774154201597348,0.010310628395215151,0,0,0,0
2021-11-22,0.004029448856253648,0.020838314526465986,0.01614338681100511,1,1,1,0
2021-11-23,-0.006760335505046273,0.011996191618062698,0.012645070945887581,0,0,0,0
2021-11-24,0.0021171093284293035,0.01189349041815182,0.00969361418903351,0,0,0,0
2021-11-25,-0.002967799624510535,0.006594687477771714,0.0059893343114275945,0,0,0,0
2021-11-26,-0.009608941654077335,0.01563992108503706,0.011656497170364061,1,1,0,1
2021-11-29,-0.010499323214976876,0.013897851866538935,0.007456299534984434,1,1,1,0
2021-11-30,-0.015573625835469401,0.016933807462473843,0.01030750880214071,2,2,2,0
2021-12-01,0.009126996950758474,0.017008310208732978,0.013037210581082356,0,0,0,0
2021-12-02,0.0021365052443503155,0.018790552916540897,0.019644655972814933,1,1,0,1
2021-12-03,0.009728183462108096,0.009641884196304502,0.007444324866858747,0,0,0,0
2021-12-06,0.00082833538650637,0.007024594130368958,0.008574464808071083,0,0,0,0
2021-12-07,0.005820546801599035,0.010236179844582137,0.0065586776829365005,0,0,0,0
2021-12-08,0.007156921536318238,0.010947956566936428,0.012491067422036557,0,0,0,0
2021-12-09,0.00442935837997689,0.008135430800786603,0.008434784229831542,0,0,0,0
2021-12-10,-0.006261420540188985,0.009724568964672753,0.00763854355955996,0,0,0,0
2021-12-13,0.0028375056583226496,0.00977697243849131,0.008929505880972334,0,0,0,0
2021-12-14,-0.004314121172390346,0.007949537446622459,0.007167933596888155,0,0,0,0
2021-12-15,-0.0024433663505021622,0.006577821743288878,0.005499811871552435,0,0,0,0
2021-12-16,0.006509572460584022,0.008544560562656348,0.007736357723957579,0,0,0,0
2021-12-17,-0.0010545115028238864,0.01369959436295581,0.016703759308066984,1,1,0,1
2021-12-20,-0.012946923598541434,0.016114545687232112,0.007291226029365478,1,1,1,0
2021-12-21,0.004899159249678915,0.010468687448027203,0.009959486339510007,0,0,0,0
2021-12-22,0.0027484427072996856,0.008085044635159796,0.007118905578549524,0,0,0,0
2021-12-23,0.004811951702936378,0.007456927572584232,0.006089457190511649,0,0,0,0
2021-12-24,0.004092345540824975,0.008153970319105527,0.008947537224223562,0,0,0,0
2021-12-27,-0.0017181405495040006,0.007168468997499285,0.008205785206936298,0,0,0,0
2021-12-28,0.010293809270576798,0.012206320648885176,0.01023173591329028,0,0,0,0
2021-12-29,-0.00025821750557150413,0.00721432372441698,0.008942397638345022,0,0,0,0
2021-12-30,-0.002719020725417461,0.0071223586344828175,0.007576429104821069,0,0,0,0
2022-01-03,0.0014895338768330716,0.00677312570400851,0.006668366620247168,0,0,0,0
2022-01-04,-1.3828987943056113e-05,0.008938974758793336,0.010640027792171046,0,0,0,0
2022-01-05,-0.0058763772212528384,0.014898082195285373,0.014394341191985936,0,0,0,0
2022-01-06,-0.00912820506125216,0.013726534490849335,0.015133103136914797,2,2,2,0
2022-01-07,0.007541564469010045,0.011011639116974482,0.005394260412315301,0,0,0,0
2022-01-10,-0.006226774183014315,0.013628214141577144,0.015635778482032334,1,1,0,1
2022-01-11,-0.00024709083139792093,0.007776114566910118,0.009025542102430322,0,0,0,0
2022-01-12,0.01400990790067361,0.014214889726983267,0.010697566240121187,1,1,1,0
2022-01-13,-0.0014100630466036559,0.009331443809457994,0.010074479088812207,0,0,0,0
2022-01-14,-0.010708365111473096,0.013308817647412485,0.011740793379942637,0,0,0,0
2022-01-17,-0.005527972381423641,0.013518044458653199,0.012955869286758048,1,1,1,0
2022-01-18,-0.004565377959120002,0.008728826419164549,0.007565848985900387,0,0,0,0
2022-01-19,-0.005282832339963045,0.01084966700871254,0.011347128451425803,0,0,0,0
2022-01-20,0.005357981065666164,0.011840269040020343,0.013831038640983662,0,0,0,0
2022-01-21,-0.010620635402814457,0.012739975324144661,0.011609037466366968,0,0,0,0
2022-01-24,-0.00951463675521642,0.013606063334629872,0.010381790543289273,1,1,1,0
2022-01-25,-0.0166834718387357,0.016912613614360143,0.008705150093047887,2,2,2,0
2022-01-26,-0.0020380954052018766,0.011825598598708393,0.013329381295727773,0,0,0,0
2022-01-27,-0.020987483723579246,0.024268693398241645,0.015683272325724504,7,4,7,0
2022-01-28,0.014790167087877809,0.0191570736418747,0.014045628752845568,0,0,0,0
2022-02-03,0.0134379683099827,0.01606810097446448,0.016584591986197744,3,3,3,0
2022-02-04,0.0068554524784531865,0.012917170012981767,0.010521992802736892,1,1,0,1
2022-02-07,-0.005215419310315886,0.009171140496582034,0.006114755966440384,0,0,0,0
2022-02-08,-0.002789436602250623,0.007389951388544743,0.008397577694594247,1,1,0,1
2022-02-09,0.010726945156775771,0.014914877266649461,0.010832382403161329,1,1,1,0
2022-02-10,0.00031184193410753496,0.010313151278323097,0.011791463299103693,0,0,0,0
2022-02-11,-0.008125403668855452,0.012920850093157724,0.014341515044950183,0,0,0,0
2022-02-14,-0.00859914913747156,0.018714815556812182,0.006373909259406097,0,0,0,0
2022-02-15,-0.004296101177215555,0.011169603718219399,0.011399807142307448,0,0,0,0
2022-02-16,0.01365716503171616,0.020437891106747725,0.01364884117530899,1,1,1,0
2022-02-17,0.0022151720023931066,0.00712636238670826,0.007409556965160144,0,0,0,0
2022-02-18,-0.0014959281765392466,0.0064732799954336515,0.007127263830268035,0,0,0,0
2022-02-21,-0.0022748506619182053,0.005407110824546224,0.006501161840871736,0,0,0,0
2022-02-22,-0.007039428456456132,0.016230566306247342,0.005636293629646248,0,0,0,0
2022-02-23,0.004416964560213706,0.008918456759616307,0.006508577926338761,0,0,0,0
2022-02-24,-0.016714914388993554,0.02856076951830904,0.011539368264522306,3,3,1,2
2022-02-25,0.010906472564536408,0.019717905772617554,0.017838562698748128,0,0,0,0
2022-02-28,0.0062509891797326664,0.009386936508198098,0.009083225697327325,0,0,0,0
2022-03-02,0.008456334918624783,0.026455875434543905,0.01497304662259925,1,1,0,1
2022-03-03,0.013632521525563032,0.01712223726788072,0.010477390417345446,0,0,0,0
2022-03-04,-0.009263735724270961,0.015716378994216944,0.010585121647072237,0,0,0,0
2022-03-07,-0.005845865578285425,0.040543379764003865,0.007260789391513397,2,2,0,2
2022-03-08,-0.012021291863820751,0.015825083816719425,0.014761876985157176,1,1,1,0
2022-03-10,0.006446212918124135,0.033203558540303414,0.011530207448553782,1,1,0,1
2022-03-11,-0.0027904834697388002,0.008926165113037513,0.008999179901607873,0,0,0,0
2022-03-14,-0.005739076378463861,0.013394837224998948,0.015758162197048474,0,0,0,0
2022-03-15,-0.011824427378825112,0.01992306652947878,0.01578317350291738,2,2,2,0
2022-03-16,0.013578164682963186,0.01572355191473183,0.012218540246215026,1,1,1,0
2022-03-17,0.01003682990901297,0.015386436785839624,0.01150221478463918,1,1,0,1
2022-03-18,0.00754822531791167,0.01925677654582879,0.004609007877146291,1,1,1,0
2022-03-21,-0.0018334518240134608,0.013381676554529702,0.013341685404886726,0,0,0,0
2022-03-22,0.008142159333370865,0.014492320987255471,0.008800298332409084,0,0,0,0
2022-03-23,0.0065559026732831234,0.014191735002770016,0.009670246802687396,0,0,0,0
2022-03-24,0.0014351345270397706,0.011405446421411088,0.004336024588589475,0,0,0,0
2022-03-25,-0.0006333473169757951,0.00952462226549828,0.010257924163700857,0,0,0,0
2022-03-28,-0.003993454925651887,0.009331952405555776,0.0067008263380061404,1,1,0,1
2022-03-29,0.003201140594532511,0.012775165327892824,0.007934600255212953,1,1,0,1
2022-03-30,0.0031686047231973416,0.007632472706224371,0.00825749530687549,1,1,0,1
2022-03-31,0.0011148746863912477,0.011340962346702734,0.010235849020975699,0,0,0,0
2022-04-01,-0.005992637897820679,0.00978824314491588,0.007015362292513346,0,0,0,0
2022-04-04,0.0032655419947802723,0.006563062684110572,0.004765593997370147,0,0,0,0
2022-04-05,0.002919052689234197,0.012520118582546409,0.010390147122146625,0,0,0,0
2022-04-06,-0.007040843789669425,0.011009201585962943,0.009996636089220232,0,0,0,0
2022-04-07,-0.009587340211722018,0.012433210415403973,0.006101218855289779,0,0,0,0
2022-04-08,0.0031085865447978847,0.010488759473590467,0.012176334057397082,0,0,0,0
2022-04-11,-0.00520591052862523,0.013736630214656584,0.01612559203426798,0,0,0,0
2022-04-12,-0.0033930166408114595,0.00992410985980153,0.00885075247447703,0,0,0,0
2022-04-13,0.010502751093535745,0.013550770290439707,0.00827750550925719,0,0,0,0
2022-04-14,0.002155486581086475,0.007186661989761119,0.005911186360494609,1,1,0,1
2022-04-15,-0.00469820242962303,0.010076112819206185,0.00427384050912141,0,0,0,0
2022-04-18,-0.0006574376263724657,0.00818574299159898,0.00851356697897799,0,0,0,0
2022-04-19,0.00950064802359091,0.01146674385177959,0.010090995638400012,0,0,0,0
2022-04-20,-0.0023254302440381654,0.012782315210304152,0.009375821048706202,0,0,0,0
2022-04-21,0.0031197278358167,0.007384102372053925,0.00866039934418313,0,0,0,0
2022-04-22,-0.00658516116016992,0.009693642172994342,0.008933141570901111,0,0,0,0
2022-04-25,-0.018237372003388104,0.016727257926406034,0.00876223964804009,2,2,1,1
2022-04-26,0.004255258634914749,0.012480675844313808,0.014906919564180722,0,0,0,0
2022-04-27,-0.0025389305193232055,0.016136652483914576,0.014692182963379404,1,1,0,1
2022-04-28,0.0040409956590530555,0.011968117201550537,0.011220641455771067,0,0,0,0
2022-04-29,0.007715543516000056,0.016165762090349364,0.011622274617031924,1,1,0,1
2022-05-02,-0.007705260065110747,0.009576557083514159,0.009670634779524807,0,0,0,0
2022-05-03,0.0006951877570799048,0.007633034501720986,0.0076104037670272524,1,1,1,0
2022-05-04,-0.00022359746228808996,0.006789068918636999,0.008189018791358171,1,1,1,0
2022-05-06,-0.0073243117503492714,0.01707651369609527,0.0077775606861888915,0,0,0,0
2022-05-09,-0.01049282404845442,0.011109845080181646,0.008027843769755707,0,0,0,0
2022-05-10,-0.007439045449864586,0.016094941297284608,0.009993311439979792,0,0,0,0
2022-05-11,0.002349606628161095,0.012513824770439799,0.014900190012475643,0,0,0,0
2022-05-12,-0.011916133510319683,0.019600977220540487,0.017032924737475856,0,0,0,0
2022-05-13,0.013718318373158284,0.018617738568892594,0.01196922081122487,0,0,0,0
2022-05-16,5.420703622785415e-06,0.007104051989167836,0.006527198820791472,0,0,0,0
2022-05-17,0.007870465886493136,0.010956432640106291,0.007082552928930839,1,1,0,1
2022-05-18,0.0010541774014686148,0.008299619616237331,0.008347691607034208,0,0,0,0
2022-05-19,-0.011755118940956317,0.01660918526306117,0.015653276250953422,0,0,0,0
2022-05-20,0.013379229143761728,0.014112445680782655,0.009818085205590183,0,0,0,0
2022-05-23,0.0031792249040357356,0.006480901584841295,0.005956329379002986,0,0,0,0
2022-05-24,-0.011718507651505896,0.014565832459754102,0.011685747252764363,0,0,0,0
2022-05-25,0.00447535283392753,0.007764619210280623,0.008808191786446,0,0,0,0
2022-05-26,-0.00115002474600488,0.005785169739063053,0.006438373283560401,0,0,0,0
2022-05-27,0.006951150997929712,0.010114700132834822,0.007559830591290687,0,0,0,0
2022-05-30,0.01014208792102172,0.013045022946877363,0.010447968586856211,1,1,0,1
2022-05-31,0.0036513748871881864,0.0101789219855411,0.009190767495132599,0,0,0,0
2022-06-02,-0.007668656202435883,0.014129457074210261,0.008009291779400317,0,0,0,0
2022-06-03,0.004495019191016141,0.00966336519098475,0.00868449017153499,0,0,0,0
2022-06-07,-0.010160754015367838,0.01674259582938205,0.011627334691137504,0,0,0,0
2022-06-08,0.0022265213458769603,0.005717925021824357,0.00641845143695664,0,0,0,0
2022-06-09,0.0006625576348128849,0.0077862542590521906,0.008401770173552023,0,0,0,0
2022-06-10,-0.006245525278285455,0.012676260476234456,0.012862545011514619,0,0,0,0
2022-06-13,-0.027799744226866145,0.02699188658580802,0.013190821104379781,10,7,10,0
2022-06-14,-0.0028034929720176195,0.011080943302847576,0.008679274070889895,0,0,0,0
2022-06-15,-0.011206754671269135,0.018078433689312712,0.018297875924733687,1,1,0,1
2022-06-16,-0.00018654819729392987,0.00899707720928663,0.008983590741124313,1,1,1,0
2022-06-17,-0.005128735792894711,0.012117633665984291,0.012790382527017297,0,0,0,0
2022-06-20,-0.012799263639248335,0.018989874246361206,0.01595508373754454,1,1,1,0
2022-06-21,0.004831214383973907,0.007018163656647241,0.006815086341226981,0,0,0,0
2022-06-22,-0.01978615678940076,0.022662815696945598,0.017644175409810642,3,3,3,0
2022-06-23,-0.008241010689013869,0.01731270942570996,0.01979539887884172,1,1,1,0
2022-06-24,0.019222100483514342,0.019582394077569894,0.013482081118369803,2,2,2,0
2022-06-27,0.010871284249021116,0.014647399149554211,0.013434962319484227,1,1,1,0
2022-06-28,0.0034275909038339577,0.009990213053884398,0.0064389690378239845,0,0,0,0
2022-06-29,-0.013100053570320513,0.015759163475559047,0.011134172218756554,1,1,1,0
2022-06-30,-0.011569466642330616,0.019037367776986665,0.02001656629234659,1,1,1,0
2022-07-01,-0.010566889102029065,0.01619084698685316,0.014940975921208625,0,0,0,0
2022-07-04,0.0011287540077749981,0.01093212920166263,0.009229986167909255,0,0,0,0
2022-07-05,0.014800780942163227,0.017786411318507334,0.01758898714827883,0,0,0,0
2022-07-06,-0.019565311671884602,0.0257793848516679,0.01620082535807814,3,3,3,0
2022-07-07,0.00764746912858001,0.014920969769413825,0.00861303849707817,0,0,0,0
2022-07-08,0.0073484574370658055,0.01053167773950944,0.006541537553780931,0,0,0,0
2022-07-11,-0.003061558938516105,0.008157625019817658,0.008892417824392857,0,0,0,0
2022-07-12,-0.010155984612709874,0.013526943459914075,0.013732936364653373,0,0,0,0
2022-07-13,0.0025364776150921756,0.017946624606929137,0.012503098718102672,0,0,0,0
2022-07-14,-0.0014712246405601706,0.006534926259112468,0.0077637164620499854,0,0,0,0
2022-07-15,5.191078804405152e-06,0.011212007940369228,0.012593521170281728,0,0,0,0
2022-07-18,0.01370646664244501,0.016291717515898915,0.011855687428212639,1,1,1,0
2022-07-19,0.0017155216318903946,0.01131506527669553,0.009233909996718756,0,0,0,0
2022-07-20,0.00819925646068788,0.011348742310214231,0.010062670302522123,0,0,0,0
2022-07-21,0.0035104177138678095,0.009741042863213221,0.00858893953209677,0,0,0,0
2022-07-22,-0.0032629523849256247,0.008839374839571154,0.006666962104614361,0,0,0,0
2022-07-25,0.0002595358871885212,0.012427099743524638,0.009188894058722141,0,0,0,0
2022-07-26,0.002641967868172114,0.01152419417231478,0.005803525571735522,0,0,0,0
2022-07-27,0.00023369496132064088,0.007461226597724395,0.004845834070571508,0,0,0,0
2022-07-28,0.006110186819666355,0.010631894802741576,0.00900889512840894,0,0,0,0
2022-07-29,0.005468249804627999,0.010366643094874705,0.010175600668931667,0,0,0,0
2022-08-01,0.00134127475234509,0.0068883184096260805,0.008265284969289393,0,0,0,0
2022-08-02,-0.006456117411228024,0.010155551987156545,0.005869534399142772,0,0,0,0
2022-08-03,0.005031875829583822,0.007703153447974977,0.00765411618611801,0,0,0,0
2022-08-04,0.00319282319040759,0.012849247726471164,0.007956244529077757,0,0,0,0
2022-08-05,0.005952309502720503,0.012092359751077274,0.011568313249846602,0,0,0,0
2022-08-08,0.0018813816424120163,0.008025536736430193,0.009127036549630442,0,0,0,0
2022-08-09,0.0030621654965509275,0.00675341394903311,0.007886059946424126,0,0,0,0
2022-08-10,-0.007985414229250924,0.011577474208965708,0.010813388406100348,0,0,0,0
2022-08-11,0.01416025594125619,0.014080518523695667,0.008029747466352204,0,0,0,0
2022-08-12,0.0018072999575001515,0.006880844003330401,0.006286246793604013,0,0,0,0
2022-08-16,0.0007991329479594439,0.016436943608105034,0.011823250858327576,0,0,0,0
2022-08-17,-0.002904203865560535,0.0073477970602551625,0.008251125539378477,0,0,0,0
2022-08-18,-0.005183921624207664,0.007616247431843708,0.0069669047278703026,0,0,0,0
2022-08-19,-0.00376834601182957,0.010439415700119668,0.009745617813847376,0,0,0,0
2022-08-22,-0.008973849382072597,0.011329020984688255,0.008881348540120576,0,0,0,0
2022-08-23,-0.008655295908658956,0.012358425999265262,0.006714128299532085,0,0,0,0
2022-08-24,0.004459690380580734,0.011196816046277286,0.010654135941272482,0,0,0,0
2022-08-25,0.00906570534229255,0.01107930968938827,0.0073866816825449415,0,0,0,0
2022-08-26,-0.0018011410665376003,0.007231904233209639,0.008049825714381212,1,1,0,1
2022-08-29,-0.018072430864069455,0.018897525268789236,0.01225511425058203,2,2,2,0
2022-08-30,0.011743494232992781,0.012284725742326957,0.010195660012154113,1,1,1,0
2022-08-31,0.0010894969998492502,0.0152724121872629,0.01114826777533611,0,0,0,0
2022-09-01,-0.018020947847585476,0.01834583683704421,0.011081130172281678,0,0,0,0
2022-09-02,-0.0013020857676371768,0.009275306453614776,0.010593851774977757,0,0,0,0
2022-09-05,-0.0010080435798681953,0.00990673363975805,0.011370731503215216,0,0,0,0
2022-09-06,0.0026605861980098598,0.003995671339330316,0.004293610562388236,0,0,0,0
2022-09-07,-0.010014112498584525,0.013450508484033155,0.009573447671830075,0,0,0,0
2022-09-08,0.004773512316488208,0.013350095047863978,0.011212606670785203,0,0,0,0
2022-09-13,0.022969887475891647,0.023779731761610013,0.013710850482684441,5,2,5,0
2022-09-14,-0.015525110835747365,0.01732385296987769,0.013527441547032639,1,1,1,0
2022-09-15,-0.0025356202838356994,0.008429532406536587,0.007354413500778767,0,0,0,0
2022-09-16,-0.011968092862560887,0.010937479522398739,0.008643317950939136,1,1,1,0
2022-09-19,-0.007198786089554383,0.01063879013585808,0.01126157223669992,0,0,0,0
2022-09-20,0.005033677057998508,0.006312153096069809,0.006388112437425567,0,0,0,0
2022-09-21,-0.006599453140833468,0.008879180875088235,0.007097779955785918,0,0,0,0
2022-09-22,-0.007740384468028129,0.01024428404122805,0.007438020617787504,0,0,0,0
2022-09-23,-0.01020660829729116,0.014809501687795384,0.01510873621982203,2,2,2,0
2022-09-26,-0.027237517652600084,0.02561548455010573,0.017651208878444596,6,6,6,0
2022-09-27,0.002092327220059055,0.008593823897207536,0.010174198396463208,0,0,0,0
2022-09-28,-0.015351114139808946,0.018941331389231708,0.014367025158792953,1,1,1,0
2022-09-29,0.005230837443373269,0.014094754366318792,0.011173982944791149,1,1,1,0
2022-09-30,-0.005550945977843645,0.011806661763849475,0.011704506862589248,0,0,0,0
2022-10-04,0.020375109761723707,0.019507680639475878,0.015010216286110949,1,1,1,0
2022-10-05,0.0016759885841238053,0.01286630226972997,0.013281292340352297,1,1,1,0
2022-10-06,0.00872454747887062,0.014439251208439485,0.015114717393514698,0,0,0,0
2022-10-07,-0.00502245890691676,0.009949336141867923,0.010416565653111824,1,1,1,0
2022-10-11,-0.017089916262689516,0.02030585457559184,0.010752063624087585,2,2,2,0
2022-10-12,0.0036383647751606573,0.008989977117638812,0.006527946411549346,1,1,1,0
2022-10-13,-0.009729360492515549,0.010708051099463139,0.005687844701483478,0,0,0,0
2022-10-14,0.02039714768916672,0.01773342166280238,0.008268842744906557,1,1,1,0
2022-10-17,-0.0022234275189423293,0.0121056973648207,0.013662838643305444,0,0,0,0
2022-10-18,0.010688733136663735,0.015525405692004172,0.012699169828772797,0,0,0,0
2022-10-19,-0.005114024909775137,0.012795681572352776,0.01280685930595083,0,0,0,0
2022-10-20,-0.007293726048002628,0.012911708339282532,0.0070313761999468444,0,0,0,0
2022-10-21,-0.0041621336151005705,0.008667913811795585,0.00879289402521887,1,1,0,1
2022-10-24,0.00864898555741939,0.019129422314492404,0.022427319531585048,2,2,1,1
2022-10-25,0.0016691017520715304,0.009065731555145375,0.010974770800374442,0,0,0,0
2022-10-26,-0.000226605660099995,0.007169611059381853,0.006496895001342921,0,0,0,0
2022-10-27,0.013308955853744375,0.016991331439475142,0.014207944524798012,0,0,0,0
2022-10-28,-0.0069565599083924404,0.018427367903123694,0.020563455299963295,1,1,1,0
2022-10-31,0.005773264832614973,0.015527210315636239,0.014803425692736006,1,1,1,0
2022-11-01,0.005550795652255739,0.010766714385215113,0.009532687135972202,0,0,0,0
2022-11-02,0.0009698926550221549,0.010000301089571074,0.011284430599317172,1,1,0,1
2022-11-03,-0.007682003343227594,0.011932891512643927,0.013230992513090394,0,0,0,0
2022-11-04,0.0023525591201329897,0.011444995331700295,0.013179417321766832,1,1,1,0
2022-11-07,0.008024361676293676,0.014068715971710475,0.013818446182945475,0,0,0,0
2022-11-08,0.004913636176941235,0.013704649441836105,0.013344183712075493,0,0,0,0
2022-11-09,0.00350027768910691,0.014452071508022942,0.012086775743257247,0,0,0,0
2022-11-10,-0.0073029779841839795,0.010501433871825732,0.004852230379094208,0,0,0,0
2022-11-11,0.0245923885407303,0.02895681189130767,0.01608671936590388,5,4,4,1
2022-11-14,0.00194900935841699,0.011274151611413152,0.012971068830832874,0,0,0,0
2022-11-15,0.003405972582589098,0.015056175813267824,0.01412905317075952,0,0,0,0
2022-11-16,8.9624624494615e-05,0.008979320531649118,0.010553403141748305,0,0,0,0
2022-11-17,-0.008001102413889485,0.01016250246394305,0.005957301049049068,0,0,0,0
2022-11-18,-0.003562587648068472,0.0066840412285250105,0.004472282658819523,0,0,0,0
2022-11-21,-0.006200335816983929,0.012723418413361555,0.011995409167847863,0,0,0,0
2022-11-22,-0.004514520286084606,0.00906044613907982,0.00936415649197896,0,0,0,0
2022-11-23,0.006360196790553529,0.008018479857740311,0.006920073516845536,0,0,0,0
2022-11-24,0.0027722508091631492,0.01638356596768983,0.0136698842679799,0,0,0,0
2022-11-25,-0.00017963671726111004,0.008566409861090241,0.010182548871261425,0,0,0,0
2022-11-28,-0.012056027695177354,0.014865327212647168,0.007739149401873094,0,0,0,0
2022-11-29,0.010380286640083267,0.016880074784509324,0.013157205659976244,1,1,1,0
2022-11-30,0.0037149639242946746,0.011376787517719563,0.010733953181719338,0,0,0,0
2022-12-01,0.01041122023598358,0.011432160435797855,0.00928477813712503,0,0,0,0
2022-12-02,-0.009314778805822835,0.015916254766781015,0.007239790988970046,0,0,0,0
2022-12-05,-0.0024497538523021805,0.01081319106401522,0.013063861401376201,0,0,0,0
2022-12-06,-0.00855513777362711,0.015548644995784086,0.01233318882264794,0,0,0,0
2022-12-07,-0.006141298836917825,0.011075631738882333,0.008119958785769646,0,0,0,0
2022-12-08,-0.003075161104839347,0.006982893607182755,0.00617236971534832,0,0,0,0
2022-12-09,0.005464862420788618,0.014818162087980133,0.014774748064747467,0,0,0,0
2022-12-12,-0.004837212126946685,0.008100634287665682,0.008292843462311926,0,0,0,0
2022-12-13,0.0015981959776072952,0.01095111843129818,0.010755617421711303,0,0,0,0
2022-12-14,0.009401680275891753,0.011078250400751687,0.01096668157940555,0,0,0,0
2022-12-15,-0.008130259219041657,0.012948798044633558,0.007325241547025897,0,0,0,0
2022-12-16,-0.0068402270977584775,0.00983218555899559,0.010649640751195481,0,0,0,0
2022-12-19,-0.004344331153033552,0.0071448705217386325,0.007594153590384243,0,0,0,0
2022-12-20,-0.008975394643093415,0.012498989711409916,0.012610283858341865,0,0,0,0
2022-12-21,0.0022238571470479503,0.007157579495002023,0.007508632103394285,0,0,0,0
2022-12-22,0.00916332497947498,0.010928939950621082,0.007692947982690196,0,0,0,0
2022-12-23,-0.015199479426950598,0.015057593232879784,0.01217663066617059,0,0,0,0
2022-12-26,0.0035495769420151547,0.0061783879564579905,0.0060451302969537195,0,0,0,0
2022-12-27,0.005364417737094887,0.005506895704919456,0.003500049334184927,0,0,0,0
2022-12-28,-0.010153934758877785,0.01266690099743639,0.012986651148690166,1,1,0,1
2022-12-29,-0.013119883512643819,0.01291496136280614,0.00824147229911903,0,0,0,0
2023-01-02,1.5598746587649212e-05,0.016107938053114897,0.017129458543621568,2,2,1,1
2023-01-03,0.003229882146404235,0.007685393188496596,0.008682525898780536,0,0,0,0
2023-01-04,0.006090993014066606,0.020962552479316575,0.016416398778732317,1,1,1,0
2023-01-05,0.0038558121252479103,0.019060465749810376,0.020211951443930527,2,2,2,0
2023-01-06,0.008387907221429354,0.01262087578003621,0.012098374269720947,0,0,0,0
2023-01-09,0.012631213196632693,0.01774779155266141,0.009713063340138803,1,1,1,0
2023-01-10,-0.0005195814947653025,0.006689086304438004,0.008269713546581825,0,0,0,0
2023-01-11,0.00512069607598799,0.010144796596864673,0.012145384806424334,0,0,0,0
2023-01-12,0.004939597495402805,0.009383564502899332,0.0057031662646180245,0,0,0,0
2023-01-13,0.005957720105856868,0.009158205648129315,0.010035647916779382,0,0,0,0
2023-01-16,0.00727346534035333,0.011887126018241273,0.012567786410003801,1,1,1,0
2023-01-17,-0.00636615494032815,0.008233044993311896,0.006964790439484233,0,0,0,0
2023-01-18,-0.001112179760224649,0.008939369683867514,0.007343079672955056,0,0,0,0
2023-01-19,-0.0029209891172783447,0.011536590575965209,0.009811417687789984,1,1,1,0
2023-01-20,0.006159035577592821,0.008432462139943062,0.006276825865224939,0,0,0,0
2023-01-25,0.011751206684780479,0.014673316210130098,0.012311299424380221,0,0,0,0
2023-01-26,0.01129855776486886,0.014863456177468011,0.014215987113635,2,2,2,0
2023-01-27,0.0024453405394014595,0.007547406089637673,0.006180835931805351,0,0,0,0
2023-01-30,-0.00989592895566999,0.012777054599713195,0.009361785658421232,1,1,1,0
2023-01-31,-0.009041800707301356,0.011840579594931568,0.00910932758589113,0,0,0,0
2023-02-01,0.01076414796532813,0.00962030963839637,0.007736000624040155,0,0,0,0
2023-02-02,0.004551200173403715,0.01544717832042956,0.01469452441636513,0,0,0,0
2023-02-03,0.0012058170524780602,0.009987018642154526,0.009389839929118828,1,1,0,1
2023-02-06,-0.008841506844984586,0.016300331399247667,0.0100144122099579,2,2,1,1
2023-02-07,0.005311176563921006,0.009887983774118363,0.010225275775682142,0,0,0,0
2023-02-08,0.010261327150597473,0.012367237368696297,0.009504589306083886,0,0,0,0
2023-02-09,0.00010886015155557,0.01311310786799028,0.015787263516464502,0,0,0,0
2023-02-10,-0.004791727276974343,0.00845135477608306,0.00944583830191371,0,0,0,0
2023-02-13,0.0010968966905869244,0.00723791187644613,0.006789685914215847,0,0,0,0
2023-02-14,0.003624881677048173,0.011442242452293255,0.013370739871822699,0,0,0,0
2023-02-15,-0.009358706083634932,0.01710915057205592,0.01639749519057873,0,0,0,0
2023-02-16,0.012877594167665993,0.017257831252941665,0.015158782254276087,1,1,1,0
2023-02-17,-0.007087158912268408,0.014108011356965423,0.015024273707515308,0,0,0,0
2023-02-20,0.00698789195213807,0.011486402845904908,0.012203417614729506,0,0,0,0
2023-02-21,0.0017912492065725798,0.010515217020968057,0.012600162926707872,0,0,0,0
2023-02-22,-0.012742282353536314,0.012553345967167978,0.006425476350292586,0,0,0,0
2023-02-23,0.0017959045394739693,0.012233821348204896,0.010317218813074108,0,0,0,0
2023-02-24,-0.00270909792121195,0.01076107457103771,0.007827088595572027,0,0,0,0
2023-02-27,-0.0017640019117356673,0.009798893818449898,0.009292473421091465,0,0,0,0
2023-02-28,0.00339411778593771,0.008327656438868535,0.008695531266801485,0,0,0,0
2023-03-02,0.0017925722919648497,0.014851159339984623,0.01733094762885312,0,0,0,0
2023-03-03,0.005249397106374584,0.015701379576042014,0.018898548930937738,0,0,0,0
2023-03-06,0.00830496555159426,0.016440191629842945,0.018268911103783883,0,0,0,0
2023-03-07,0.0006199623461448401,0.00825011432500379,0.008319978380292236,0,0,0,0
2023-03-08,-0.00827447759502177,0.013865887441344354,0.009037594736070718,1,1,0,1
2023-03-09,-0.0033253936340818303,0.010242845050996426,0.012276321884521846,0,0,0,0
2023-03-10,-0.011066490624966622,0.012681267225847498,0.007398211092107876,0,0,0,0
2023-03-13,0.00687165968875039,0.012454863172022799,0.010630845706415606,3,3,2,1
2023-03-14,-0.018153628048468616,0.021555241097624318,0.012979284437008817,1,1,1,0
2023-03-15,0.008095986534436574,0.016889424703515427,0.013596175928732348,0,0,0,0
2023-03-16,-0.0030428009720900205,0.017062897726529903,0.013010987643461308,1,1,1,0
2023-03-17,0.008170074813165656,0.01903408388953194,0.02218681585287954,1,1,1,0
2023-03-20,-0.00296394674447739,0.01494418432937187,0.0074290486191002,1,1,0,1
2023-03-21,0.004581572769706612,0.00810048174163212,0.007692373570067635,0,0,0,0
2023-03-22,0.007987498973429192,0.01375299472762192,0.010861378656506368,0,0,0,0
2023-03-23,-1.096825913829945e-06,0.012454225992213878,0.011970852882833095,1,1,0,1
2023-03-24,0.0006713004439331998,0.012935507954092948,0.01572786342220576,0,0,0,0
2023-03-27,0.0026398032589208054,0.008799874799905093,0.009277930626221398,0,0,0,0
2023-03-28,0.006231841348846772,0.015468432694674326,0.013683245092782147,0,0,0,0
2023-03-29,0.005955649417101455,0.009056114846440796,0.010378880943319261,0,0,0,0
2023-03-30,0.0034757453903290748,0.007710195045513581,0.00702353566509119,0,0,0,0
2023-03-31,0.00882239095054725,0.008551715825985119,0.005504277904919553,0,0,0,0
2023-04-03,0.006496281057907808,0.01941813443238319,0.014488968121337858,1,1,0,1
2023-04-04,0.0023801539534774705,0.015142372026137097,0.01779406737774367,1,1,1,0
2023-04-05,0.005416269594757396,0.011519629759962537,0.012543695584716776,0,0,0,0
2023-04-06,-0.006914634596044235,0.01257610705582246,0.009703617711448011,0,0,0,0
2023-04-07,0.009300785664720552,0.014425019887207756,0.013045749095407502,0,0,0,0
2023-04-10,0.007367329261204146,0.01756708807673775,0.020195138444195123,0,0,0,0
2023-04-11,0.009273661747841961,0.01216352391473168,0.010394337693604434,1,1,1,0
2023-04-12,0.0007068293709183344,0.02021972709940787,0.024908997201129487,2,2,1,1
2023-04-13,-0.0024553190400433203,0.009384292716548845,0.00975513525380864,0,0,0,0
2023-04-14,0.007335115302195818,0.013539326973712863,0.014714121593272953,0,0,0,0
2023-04-17,0.00212815381687052,0.009916656279747568,0.01063089922494315,0,0,0,0
2023-04-18,-0.002940459255914081,0.008863698038469502,0.010118832393137926,0,0,0,0
2023-04-19,0.0012006638273533846,0.006737123445278196,0.007541994275138589,0,0,0,0
2023-04-20,-0.007533816046646065,0.010390001742109337,0.010767013408143775,0,0,0,0
2023-04-21,-0.006200497398960167,0.012014950142258654,0.013123886850111304,0,0,0,0
2023-04-24,-0.005873474618160641,0.010170925640912406,0.010545238297383472,0,0,0,0
2023-04-25,-0.004426308071082641,0.015295054254901163,0.014634977375713024,0,0,0,0
2023-04-26,-0.004023369180249303,0.0078066844955430766,0.00858454877185502,0,0,0,0
2023-04-27,0.0039640062857515855,0.01866481577416235,0.018549888444373625,0,0,0,0
2023-04-28,0.00021496910346597398,0.009748766052785454,0.011854260179244326,0,0,0,0
2023-05-02,0.007178954621694588,0.008705028160802947,0.007463794320419837,0,0,0,0
2023-05-03,-0.009852538389458838,0.015090774769257883,0.009441742748614177,0,0,0,0
2023-05-04,-0.0019105459658375803,0.013003535995227498,0.011236547351975748,0,0,0,0
2023-05-08,0.004164043175670862,0.014435828173319926,0.01249746557529664,0,0,0,0
2023-05-09,-0.00019504590323721498,0.0076277769170757384,0.008582189308824654,0,0,0,0
2023-05-10,-0.004544324906957145,0.008756720301614783,0.009270360734508204,0,0,0,0
2023-05-11,8.066561665706509e-05,0.008357936765076929,0.010267148661516911,0,0,0,0
2023-05-12,-0.005670570824515388,0.010029203632093638,0.006426361271666489,0,0,0,0
2023-05-15,0.0002859566120548551,0.005897112186877132,0.006443114684302606,0,0,0,0
2023-05-16,0.0016336777746744976,0.0089906591403402,0.010257853751673793,0,0,0,0
2023-05-17,0.002795474948917939,0.01124889043155205,0.01249121973728756,0,0,0,0
2023-05-18,0.006239532644357279,0.011117017173461146,0.008247242132209977,0,0,0,0
2023-05-19,0.0040753447807746895,0.01511712498598898,0.016198075336189093,0,0,0,0
2023-05-22,0.0033770975377428944,0.010990014106132021,0.009216180750402803,0,0,0,0
2023-05-23,0.0024192392186501246,0.009297183328731794,0.009457723011331869,0,0,0,0
2023-05-24,-0.0017485117519702054,0.007192053618705225,0.0053583965995151455,0,0,0,0
2023-05-25,-0.0035557995285840026,0.010064162426051945,0.01157208351170983,0,0,0,0
2023-05-26,-0.0017224351114741218,0.00938381524701711,0.008205666757182557,0,0,0,0
2023-05-30,0.006127707121876366,0.01309666595705188,0.01323517209556624,1,1,1,0
2023-05-31,-0.0026434960066607535,0.01285198689348936,0.00824274928390895,0,0,0,0
2023-06-01,-0.0005761616747170147,0.008592457652860744,0.010047428755980711,0,0,0,0
2023-06-02,0.007982733324044266,0.011936031095631204,0.008655728037383301,1,1,0,1
2023-06-05,0.004201936849722616,0.010401759642560855,0.00805286343320245,0,0,0,0
2023-06-07,-0.0007695791070824949,0.012887548870772586,0.014472161778558678,1,1,0,1
2023-06-08,-0.003505516304552076,0.00789969503493636,0.007041709476314715,1,1,1,0
2023-06-09,0.00719198517415431,0.013156555136279564,0.009026744079783357,0,0,0,0
2023-06-12,-0.002594971697588885,0.008091270993708688,0.007554940763736346,0,0,0,0
2023-06-13,0.0013450082298676045,0.011212498730818326,0.00977351229953767,0,0,0,0
2023-06-14,-0.005344527524619461,0.017861725123417844,0.01899167711126955,1,1,1,0
2023-06-15,-0.00012608628643055497,0.00887133017341639,0.009921265676456714,0,0,0,0
2023-06-16,0.006500061281743606,0.008627039223580909,0.006136074374049477,0,0,0,0
2023-06-19,-0.0013422306736881444,0.004689534487116402,0.003830131346366329,0,0,0,0
2023-06-20,-0.0035762204896777525,0.00620625429399999,0.007194138168041038,0,0,0,0
2023-06-21,-0.00403530038555144,0.011725849204501721,0.012455968415724805,0,0,0,0
2023-06-22,0.0006876692573120799,0.006651612314502957,0.0074683180190132595,0,0,0,0
2023-06-23,-0.00546466319986665,0.012693160412293075,0.009103927440753511,0,0,0,0
2023-06-26,0.0040343317155474056,0.007404051505411921,0.008736749487260055,0,0,0,0
2023-06-27,-0.00193701758744832,0.010942027806659248,0.013521390736891884,1,1,1,0
2023-06-28,-0.00351430968866771,0.012208888628627764,0.013102679826166268,0,0,0,0
2023-06-29,0.0002949874558202957,0.007068045173282256,0.006700848363614089,0,0,0,0
2023-06-30,0.00465023991524213,0.007265497123402376,0.007782265703910872,0,0,0,0
2023-07-03,0.01126865857500535,0.01577123730501878,0.015794750681406206,0,0,0,0
2023-07-04,-0.002566049606942295,0.004908956361952951,0.004756142273102884,0,0,0,0
2023-07-05,-0.0019556928513186746,0.009361980224029839,0.009653917400759314,0,0,0,0
2023-07-06,-0.007917706548801081,0.012639565313360631,0.012339521482814765,0,0,0,0
2023-07-07,-0.006037260058758219,0.011370337330456821,0.00999295243653746,0,0,0,0
2023-07-10,-0.0010441288705953455,0.007309561934959642,0.007335198666734982,0,0,0,0
2023-07-11,0.009099151015494885,0.0127696031075733,0.008895027386499338,3,1,3,0
2023-07-12,0.004066133907829259,0.010435221692651578,0.011547196807484103,1,1,1,0
2023-07-13,0.007379812952777576,0.008318450985886272,0.007086647293638689,0,0,0,0
2023-07-14,0.009302237777705679,0.012799669781870814,0.00968217493821768,0,0,0,0
2023-07-17,-0.0034115975816577477,0.00944953677503391,0.008988917723432986,0,0,0,0
2023-07-18,0.001853318878153859,0.016229349665464448,0.01959918152192865,0,0,0,0
2023-07-19,0.00603658583013479,0.009851287185019115,0.011432546448940147,0,0,0,0
2023-07-20,0.000463053462525125,0.005399250053995515,0.005950199301350741,1,1,0,1
2023-07-21,0.0050421220989113995,0.01204291467432109,0.014088886907699008,0,0,0,0
2023-07-24,0.003022354353087858,0.022374679077890716,0.027769805255120985,1,1,1,0
2023-07-25,0.008104161847211949,0.01669134207254456,0.0188466246953703,1,1,1,0
2023-07-26,-0.01045955257693051,0.01797018232572985,0.01881673561877824,2,2,2,0
2023-07-27,0.0028872963005033346,0.03441982376077959,0.04271098476500746,6,6,4,2
2023-07-28,0.004392856619664184,0.01547163743834767,0.017718043516048297,0,0,0,0
2023-07-31,0.00806253327016663,0.01276968021419737,0.014332673714200076,0,0,0,0
2023-08-01,0.008136050548645963,0.013829635654789545,0.013613408431478633,1,1,1,0
2023-08-02,-0.014993094127169523,0.020403179740232005,0.016865792099640238,5,3,5,0
2023-08-03,-0.0005356326448286952,0.014835218166784283,0.01485474409417506,0,0,0,0
2023-08-04,0.0015348344161447297,0.010768890499372493,0.010950933411338655,0,0,0,0
2023-08-07,-0.008900058269926521,0.016753452011059166,0.01787754319403956,0,0,0,0
2023-08-08,3.1385116536600254e-05,0.009612930647843168,0.009921562104654655,0,0,0,0
2023-08-09,0.0053599114035057125,0.013418413561491472,0.014809900404603253,1,1,1,0
2023-08-10,-0.00106193603158679,0.00781571372650436,0.006970550748450898,0,0,0,0
2023-08-11,-0.00237241543956105,0.008553960134108649,0.008920932552884843,0,0,0,0
2023-08-14,-0.007624741379478606,0.00862845439446094,0.007272464869889036,0,0,0,0
2023-08-16,-0.010560399634190426,0.015069230281749049,0.014630670490157097,0,0,0,0
2023-08-17,-0.0008954682797845951,0.010087807020651594,0.011265548071685765,0,0,0,0
2023-08-18,-0.0022118303498474897,0.010147250617942026,0.010948921853112255,0,0,0,0
2023-08-21,0.001710190063893945,0.007696960767461507,0.008652938244340344,0,0,0,0
2023-08-22,0.002558254806157895,0.009925006017193037,0.010730611830510302,0,0,0,0
2023-08-23,-0.0032279791008011046,0.009109659152148654,0.01061533737304973,0,0,0,0
2023-08-24,0.007063142788390289,0.013961123847829543,0.012372102403109366,0,0,0,0
2023-08-25,-0.00564569645202003,0.012539776425604283,0.012502850024441445,2,2,2,0
2023-08-28,0.00629940686078434,0.008619016932682794,0.009203105397812047,0,0,0,0
2023-08-29,0.004717503596276438,0.007623577332601348,0.008113125287268434,0,0,0,0
2023-08-30,0.005705707975152005,0.006723380536197523,0.006513567359377138,0,0,0,0
2023-08-31,0.00112519748321149,0.004885848950434841,0.006072696324586386,0,0,0,0
2023-09-01,-0.0001432950019694272,0.013148558552184017,0.013073835307666275,0,0,0,0
2023-09-04,0.005151170752521298,0.01123910358695162,0.012309331237508313,0,0,0,0
2023-09-05,0.0010462488726502399,0.004505387216066962,0.004472292816268718,0,0,0,0
2023-09-06,-0.0033814931963109646,0.007978955088550668,0.007800660045297571,1,1,1,0
2023-09-07,-0.006181764732043399,0.008463203825494573,0.007947351059452323,0,0,0,0
2023-09-08,0.0015307059714126702,0.010379460121365647,0.01249775906957804,0,0,0,0
2023-09-11,0.0007176542454566734,0.010992698690256677,0.013463058548630205,0,0,0,0
2023-09-12,-0.004577071965686396,0.00827268281996698,0.008736898550746377,0,0,0,0
2023-09-13,-0.0020793549176525887,0.009665856577869402,0.010645713048717137,0,0,0,0
2023-09-14,0.007769966927356775,0.011532238311460323,0.009794125794026911,0,0,0,0
2023-09-15,0.009693969363262752,0.01247271545978259,0.011882955189416693,1,1,1,0
2023-09-18,-0.00522354446166753,0.010162544165307123,0.00935875945500293,0,0,0,0
2023-09-19,-0.003221806561797437,0.007070883861092856,0.005765586580797995,0,0,0,0
2023-09-20,0.0011653268854171673,0.009655713160582025,0.010613107925261751,0,0,0,0
2023-09-21,-0.011715738841651255,0.01360432757057249,0.009804722984210224,0,0,0,0
2023-09-22,-0.001009711596910812,0.006528802396896681,0.006283172772827528,0,0,0,0
2023-09-25,-0.00614916725466993,0.014022961777855005,0.0165358271983011,0,0,0,0
2023-09-26,-0.00787995896955775,0.010950173542221883,0.008509881009500746,1,1,0,1
2023-09-27,0.0036610867583385795,0.009670524412960615,0.008565243519926553,0,0,0,0
2023-10-04,-0.02180539016175529,0.02026646443434305,0.014672650535405021,6,5,6,0
2023-10-05,-0.0014614797576385347,0.013013078839173305,0.00783232639315436,2,2,1,1
2023-10-06,0.005186262204757836,0.011860235832324992,0.011031835533647427,1,1,1,0
2023-10-10,0.0012220646581712548,0.01784566581173116,0.01827063297899221,2,2,2,0
2023-10-11,0.009469797368085318,0.016800779386679017,0.01671365274595532,0,0,0,0
2023-10-12,0.00898944943873334,0.01564651238846128,0.012077164689520813,0,0,0,0
2023-10-13,-0.0054182479359890885,0.010040885998903466,0.007870779229664025,0,0,0,0
2023-10-16,-0.001914643743251154,0.012782999060203007,0.005375283264999442,1,1,0,1
2023-10-17,0.0032352821201246753,0.010585451182074023,0.010019129477261825,0,0,0,0
2023-10-18,0.00031005404450770507,0.013667617261455867,0.015201950388757692,0,0,0,0
2023-10-19,-0.013268757223189967,0.014959462380944965,0.009229116785275129,0,0,0,0
2023-10-20,-0.009359755390954818,0.016785872481143948,0.011128110511835354,1,1,0,1
2023-10-23,-0.006695221361277754,0.008483132719571051,0.007841288436063498,1,1,1,0
2023-10-24,0.006167108032442111,0.013573176458245744,0.013903172327969069,0,0,0,0
2023-10-25,-0.007234485233944256,0.019129335681165302,0.022350297551357184,0,0,0,0
2023-10-26,-0.016013271441753647,0.022216775112126417,0.015923486675572116,1,0,1,0
2023-10-27,0.0022665464893410698,0.008320728563038131,0.010059179958169177,0,0,0,0
2023-10-30,0.0003843399049235307,0.01257165984935924,0.015425452470365857,0,0,0,0
2023-10-31,-0.01209599553861709,0.016685101187795145,0.01740219932896596,0,0,0,0
2023-11-01,0.0039619839468137364,0.01327217235189822,0.010855679055208728,0,0,0,0
2023-11-02,0.014738568738459787,0.022531277905300115,0.023777617755415623,1,1,1,0
2023-11-03,0.006486088605190302,0.01165508080144838,0.010229505289849346,1,1,0,1
2023-11-06,0.03469404485847726,0.05681529471961522,0.05653714902798162,10,7,9,1
2023-11-07,-0.013905693459690902,0.025085422375662414,0.027854482520627135,2,2,2,0
2023-11-08,-0.008091726294972342,0.015677956318805614,0.015626244265685717,0,0,0,0
2023-11-09,-0.0011388986337873953,0.008462072997954774,0.007421817714594965,0,0,0,0
2023-11-10,-0.00471409629375507,0.011583183224167713,0.012590502792308436,0,0,0,0
2023-11-13,-0.0014195037893649102,0.009383694610865979,0.011157701382414108,1,1,0,1
2023-11-14,0.011720500196048571,0.012713658552587624,0.012492663170271439,0,0,0,0
2023-11-15,0.01165904145504873,0.015573025980777744,0.010200801057822138,1,1,0,1
2023-11-16,-0.0031641418218182104,0.008773651624555586,0.008318433844563518,0,0,0,0
2023-11-17,-0.00502311611685684,0.01114670984370071,0.0063018134175157,0,0,0,0
2023-11-20,0.007875335367857051,0.01379729961787216,0.01088211348676146,0,0,0,0
2023-11-21,0.004973768538350284,0.005209108403990333,0.004385167757916855,0,0,0,0
2023-11-22,0.00022325909382860419,0.0043503422535709725,0.004443569866377359,0,0,0,0
2023-11-23,0.0011493196672168649,0.006630869110618201,0.0064226948410508215,0,0,0,0
2023-11-24,-0.002475067483034435,0.006965141015172653,0.006496477566464725,0,0,0,0
2023-11-27,-0.002624237473542284,0.007720192368166254,0.00748266857785482,0,0,0,0
2023-11-28,0.004016853033837875,0.008573129201267337,0.007204440647297178,0,0,0,0
2023-11-29,0.001366205601145235,0.011395636526202797,0.012145333741035439,0,0,0,0
2023-11-30,0.004750613434259055,0.007193608319873487,0.005253475674081371,0,0,0,0
2023-12-01,-0.004845685949651273,0.011592442541481448,0.008480118356958291,0,0,0,0
2023-12-04,0.0011820121317201644,0.011378415145671297,0.008542983197112924,1,1,1,0
2023-12-05,-0.00717089994447829,0.010768089636085556,0.009437077964660012,1,1,1,0
2023-12-06,0.001000642435303688,0.006107347067460775,0.006282647508155945,0,0,0,0
2023-12-07,-0.00424800248929011,0.009338743402197413,0.0052216124077790445,0,0,0,0
2023-12-08,0.00727856630363959,0.012359915892366657,0.010837884586885409,0,0,0,0
2023-12-11,0.003496633528423284,0.007129538522460762,0.005449204026900649,1,1,0,1
2023-12-12,0.0035559634414044595,0.005128410602225961,0.004369199125101051,0,0,0,0
2023-12-13,-0.00825068773439524,0.014715877118892575,0.011381828815533202,0,0,0,0
2023-12-14,0.009086015723834408,0.01434538162051452,0.012039215808613061,3,3,2,1
2023-12-15,0.0037408267421841952,0.010383858014589105,0.010296368134819144,0,0,0,0
2023-12-18,0.003743121566532232,0.0075608855486088995,0.00837576903882861,0,0,0,0
2023-12-19,0.0030696083809820915,0.00543380584565398,0.006354895209808521,0,0,0,0
2023-12-20,0.009217323824571428,0.013060166186534992,0.010512120488374499,0,0,0,0
2023-12-21,-0.002900927091399645,0.006920590992849729,0.007371258264331823,0,0,0,0
2023-12-22,0.0003998081317375895,0.005762562394488306,0.006526729584151569,0,0,0,0
2023-12-26,-0.0011144510229696538,0.008055668318764303,0.00877557113487081,0,0,0,0
2023-12-27,0.008127919739521663,0.01055418391943784,0.009200838918540686,0,0,0,0
2023-12-28,0.009912322196165741,0.014133303115644695,0.010145868552363737,1,1,1,0
2024-01-02,0.0007659125211066746,0.014281852947799807,0.015963740773985616,2,2,1,1
2024-01-03,-0.015747392237315912,0.018582650242206376,0.010641493750859895,1,1,1,0
2024-01-04,-0.0048650017272299255,0.016129035747907017,0.012111682485510618,1,1,1,0
2024-01-05,-6.89086976757455e-05,0.008269985049946516,0.009672246853733584,0,0,0,0
2024-01-08,-0.004054095652792785,0.006088992928634093,0.00655416081766515,0,0,0,0
2024-01-09,0.0006267121501580453,0.010834849499091349,0.009255965714956684,0,0,0,0
2024-01-10,-0.00291699133248178,0.012133233845950267,0.009065146975767708,0,0,0,0
2024-01-11,0.00203020417996285,0.006278394220108384,0.006446883462828346,0,0,0,0
2024-01-12,-0.006472429563238155,0.011096707550522267,0.006624178504073002,0,0,0,0
2024-01-15,8.391459236578511e-05,0.011406262151339606,0.013264581253696329,0,0,0,0
2024-01-16,-0.004429628050608403,0.009943184537193792,0.00752459314586558,0,0,0,0
2024-01-17,-0.013521918756782072,0.01774159516732912,0.013538084295854621,0,0,0,0
2024-01-18,0.0003739680445841543,0.008161633962441241,0.008744151539529498,0,0,0,0
2024-01-19,0.005044140522684306,0.012957927134440212,0.013273733734898409,0,0,0,0
2024-01-22,-0.0012331169739142503,0.01661326378597441,0.020507355483663545,0,0,0,0
2024-01-23,0.005468747112082608,0.010116652664570135,0.010224767376903103,0,0,0,0
2024-01-24,4.745756564866481e-05,0.007406648971906938,0.008549768436762402,0,0,0,0
2024-01-25,0.002078323467802425,0.012934621499833652,0.015699697143833756,2,2,2,0
2024-01-26,0.005969748759201447,0.012504242288702937,0.01491950202568252,0,0,0,0
2024-01-29,0.005669183360389054,0.013767119487146692,0.01491163212308581,1,1,1,0
2024-01-30,-0.001683221407472135,0.008292759606796058,0.009309577064720211,1,1,1,0
2024-01-31,-0.001773522410609011,0.013253930692020272,0.015894016705846135,2,2,0,2
2024-02-01,0.008430604624199216,0.020772332702815158,0.02173982840866978,3,3,3,0
2024-02-02,0.016972753430336204,0.027322733804389952,0.021863522857196577,8,5,7,1
2024-02-05,-0.006045590571793365,0.014225237422419526,0.015217002381111577,1,1,0,1
2024-02-06,-0.003391101780018851,0.01383491394807237,0.016915394359140162,3,3,2,1
2024-02-07,0.009549946812123946,0.014519077189051417,0.014924725666599532,2,2,2,0
2024-02-08,0.008117365110802485,0.011172610024426856,0.012153616345162245,0,0,0,0
2024-02-13,0.009176119279104415,0.013446924447971768,0.011181695765810865,1,1,1,0
2024-02-14,-0.006640382813649534,0.010112520752600935,0.007891392210925333,0,0,0,0
2024-02-15,-0.00089735550803054,0.008989501736702142,0.010115423706251599,0,0,0,0
2024-02-16,0.01085926911565261,0.012851186249103322,0.012711815741446265,1,1,1,0
2024-02-19,0.005916380302474855,0.012746607148812825,0.012787186598347874,1,1,1,0
2024-02-20,-0.003311843459109099,0.011997185457380469,0.012460274719701025,0,0,0,0
2024-02-21,-0.001083339323418006,0.006215151455205812,0.006037147491230713,0,0,0,0
2024-02-22,0.0038458524259170506,0.008137181647872171,0.008755111690183344,0,0,0,0
2024-02-23,0.0036110530166341783,0.008127852776231655,0.009143868736778697,0,0,0,0
2024-02-26,-0.0062791344477637415,0.013012605369987693,0.013513549694133067,1,1,1,0
2024-02-27,-0.0037410560449238294,0.00999191956823666,0.00854683947416775,0,0,0,0
2024-02-28,0.009305201215588681,0.010424833932128846,0.008553727816345981,0,0,0,0
2024-02-29,0.0005992864666653852,0.007476679106404193,0.00901794892163401,0,0,0,0
2024-03-04,0.01284504219580308,0.012567572263834379,0.010844262688229803,2,2,2,0
2024-03-05,-0.003968126518262753,0.010824241981316296,0.009259245503141337,0,0,0,0
2024-03-06,7.91746881074651e-05,0.007391981865511236,0.008979377284674734,0,0,0,0
2024-03-07,0.0012922338983675451,0.008200085080981587,0.009267577979245606,0,0,0,0
2024-03-08,0.008275209284208235,0.013378135972724688,0.012296141990109772,0,0,0,0
2024-03-11,-0.006537938683355076,0.010280054233762163,0.008895877296737815,0,0,0,0
2024-03-12,0.0077074083689025715,0.011257219159879983,0.012089732800902767,0,0,0,0
2024-03-13,0.002534680763135008,0.009341870096026338,0.010945231164393561,0,0,0,0
2024-03-14,0.006083317042339755,0.012329727418768312,0.013608113864673907,0,0,0,0
2024-03-15,-0.006640512523492059,0.014245618926649948,0.009177820427804866,0,0,0,0
2024-03-18,0.0034946792726394302,0.009861916684116734,0.011191856000323148,0,0,0,0
2024-03-19,-0.003925269663051352,0.011770895343238183,0.01134067627834945,0,0,0,0
2024-03-20,0.0034569106803536975,0.011265947310508872,0.009018308985826073,0,0,0,0
2024-03-21,0.01310106463212626,0.018639096558551626,0.010756229511020834,2,2,1,1
2024-03-22,-0.0011945044717888802,0.006861866381126938,0.005002066418151904,1,1,0,1
2024-03-25,0.0014106161338769134,0.010881380891421736,0.013297757897298347,0,0,0,0
2024-03-26,0.0029502930930949,0.008371245854996904,0.00828307529777112,0,0,0,0
2024-03-27,-0.002746713993511565,0.012061713006559362,0.01433696710527821,0,0,0,0
2024-03-28,0.00039541705220856474,0.008177278341649542,0.00937684754933866,0,0,0,0
2024-03-29,-0.0012602722154224598,0.009798432170750283,0.010324152845716325,0,0,0,0
2024-04-01,0.00073077029785578,0.008898436298663092,0.009754231180518628,1,1,1,0
2024-04-02,-0.005521368244992597,0.012587766393815729,0.013909565765991677,0,0,0,0
2024-04-03,-0.010933918339940599,0.013674304008727777,0.00790882430457321,0,0,0,0
2024-04-04,0.009031150585689629,0.011927029690770774,0.010816394100730138,0,0,0,0
2024-04-05,-0.007310164243219469,0.010466997615591705,0.006444270401424679,0,0,0,0
2024-04-08,0.0031455848567288483,0.010483566593161154,0.009637486834606551,1,1,1,0
2024-04-09,-0.0002861572482521241,0.006083275587411523,0.005630317738193508,0,0,0,0
2024-04-11,-0.001354110718237309,0.01106026737100679,0.013576710884709712,0,0,0,0
2024-04-12,-0.002278155953344639,0.016099033384743434,0.01721012239143304,1,1,0,1
2024-04-15,-0.001311547622483544,0.009292777744573873,0.010412570581334806,0,0,0,0
2024-04-16,-0.01228097125026913,0.017081208000474527,0.009512643106788657,0,0,0,0
2024-04-17,-0.006498683537731295,0.007409356272334014,0.005580998239185838,0,0,0,0
2024-04-18,0.00901019296656338,0.018062979602381957,0.015102664805919031,1,1,0,1
2024-04-19,-0.008957927936978522,0.014169565360598203,0.007717574040079992,0,0,0,0
2024-04-22,0.008542839370448349,0.022137153488136895,0.022643783314425913,0,0,0,0
2024-04-23,-0.001411731693147089,0.009122253089546098,0.007984853010424389,1,1,1,0
2024-04-24,0.010409311222026735,0.01681838600135529,0.015819136626127783,0,0,0,0
2024-04-25,-0.007774338940304555,0.013341515086230687,0.011561076588451008,0,0,0,0
2024-04-26,0.01019411323760236,0.01284095103535118,0.013479817242459401,0,0,0,0
2024-04-29,0.007479405347004389,0.010797609706611849,0.008802738715053693,1,1,1,0
2024-04-30,-0.00012728308219189555,0.00487881319063919,0.004684042708875589,0,0,0,0
2024-05-02,-0.00687720150035378,0.011451511538501515,0.010812079147872241,1,1,1,0
2024-05-03,-0.0012307547756439097,0.007655379217544861,0.008971878092390868,1,1,1,0
2024-05-07,0.007099061090015344,0.017038500313233597,0.01527664243705712,0,0,0,0
2024-05-08,0.0029644332274545806,0.007494575444508621,0.008008144738395164,0,0,0,0
2024-05-09,-0.00459804751810801,0.010549814375302244,0.007953664724978679,0,0,0,0
2024-05-10,0.0035400608665810034,0.009092138258654908,0.009772519925452902,0,0,0,0
2024-05-13,-0.003138673506867642,0.008379407884697536,0.008979703158104563,0,0,0,0
2024-05-14,0.0014873760564144648,0.006513484799598464,0.007316868380488348,0,0,0,0
2024-05-16,0.00711906528228246,0.010947585770914665,0.008266529634756612,2,2,1,1
2024-05-17,-0.00935575116389041,0.019576396488602092,0.021217401030897424,2,2,2,0
2024-05-20,0.00560372350126951,0.007952248682526485,0.005971708764508313,1,1,1,0
2024-05-21,-0.003311638143547565,0.008480189369291772,0.00869544825810741,0,0,0,0
2024-05-22,0.0003988387261172948,0.010552471681810381,0.012928746701983357,0,0,0,0
2024-05-23,-0.00405360438107926,0.007830102275272116,0.007824512438079264,0,0,0,0
2024-05-24,-0.008592993599585392,0.01047570946866899,0.0053288826495445675,0,0,0,0
2024-05-27,0.008604834654615227,0.010818984669955256,0.009034289297712595,0,0,0,0
2024-05-28,-0.0006232893242030348,0.0067766774380274295,0.007881884852067882,0,0,0,0
2024-05-29,-0.00563843648266145,0.013145002816446465,0.010655527583043061,0,0,0,0
2024-05-30,-0.00840392794472276,0.012129376165102604,0.007963786765121121,1,1,0,1
2024-05-31,0.002231019290987643,0.0075882166086497504,0.007748922417523592,0,0,0,0
2024-06-03,0.005252546316518365,0.013807534826781868,0.010436839870510048,0,0,0,0
2024-06-04,-0.002900571319997515,0.01551571072134959,0.01369862741679699,1,1,1,0
2024-06-05,0.005606231419615309,0.010028721154864001,0.009403379323498875,0,0,0,0
2024-06-07,0.010999884710956523,0.012508940083111316,0.010519913094865826,0,0,0,0
2024-06-10,-0.005368825773569686,0.010657883588468382,0.0071204055680077274,1,1,1,0
2024-06-11,0.004679109088459798,0.007599741359145131,0.006435652424049142,0,0,0,0
2024-06-12,0.0035793529087931445,0.00797100299063853,0.008128179847831166,0,0,0,0
2024-06-13,0.00190732494891987,0.008242011086597162,0.008714905963680622,0,0,0,0
2024-06-14,-0.0012780828610586717,0.008185617760141421,0.00995738526081244,0,0,0,0
2024-06-17,-0.00085455547337742,0.009473140795005242,0.011246115832702257,0,0,0,0
2024-06-18,0.004577531522284925,0.010253030153902562,0.00983612312643293,0,0,0,0
2024-06-19,0.0068085438838945255,0.010057463887581245,0.006838458216595231,0,0,0,0
2024-06-20,0.00286171698633309,0.006824810425188068,0.0077102913414725935,0,0,0,0
2024-06-21,-0.003057437282696985,0.008686649531827975,0.0067416043049617945,0,0,0,0
2024-06-24,-0.005725238102281679,0.008384042682470408,0.008160209702786393,0,0,0,0
2024-06-25,0.0011762393467953359,0.009034560864413845,0.010762319250158109,0,0,0,0
2024-06-26,0.0021421032712448784,0.009046964867663121,0.009825955072943194,0,0,0,0
2024-06-27,-0.0021991735535824746,0.004055010382864867,0.004666701996200038,0,0,0,0
2024-06-28,0.004105335441798084,0.007739405641737095,0.007296181826967154,0,0,0,0
2024-07-01,0.0028324209426283846,0.01067435956719612,0.013006745455706147,0,0,0,0
2024-07-02,-0.0036733451216123896,0.0157772511071234,0.017485863372433987,1,1,1,0
2024-07-03,0.007187410518217576,0.010123773220205547,0.010887012556054064,0,0,0,0
2024-07-04,0.005921973144888832,0.00959796972258775,0.007167453086971154,0,0,0,0
2024-07-05,0.0072473733943977815,0.01491185036108618,0.01398663904520501,1,1,1,0
2024-07-08,-0.00031454212200722465,0.008300864457873924,0.009326732453330691,0,0,0,0
2024-07-09,-0.0004557769032843801,0.0075189785918435325,0.00896238172011408,0,0,0,0
2024-07-10,-0.002396118006919132,0.005918921660037936,0.00551087193920996,0,0,0,0
2024-07-11,0.005397728562987205,0.008245509900045397,0.0076258855993320785,0,0,0,0
2024-07-12,-0.0037284086185185557,0.011288215656248596,0.009263249216047141,1,1,1,0
2024-07-15,-6.257316891673502e-05,0.008056693213120547,0.008542680435005723,0,0,0,0
2024-07-16,-0.0015359215525700604,0.011886936493997646,0.01418355117116575,0,0,0,0
2024-07-17,-0.006146263356141605,0.012717505460581301,0.013387787865438403,1,1,1,0
2024-07-18,-0.0032931311983006805,0.012210801431239595,0.009068619181331698,1,1,1,0
2024-07-19,-0.003554274094587734,0.011407722398445331,0.009966606770888512,0,0,0,0
2024-07-22,-0.010134582358361722,0.014279425908270695,0.015363600474310074,1,1,1,0
2024-07-23,-0.0003908819289468286,0.009289732583219976,0.0111694502355594,0,0,0,0
2024-07-24,-0.004545265279856004,0.010321196250148094,0.010714498839064564,0,0,0,0
2024-07-25,-0.01150901307944465,0.016336469141985437,0.015470459961930175,3,3,3,0
2024-07-26,0.004152348733548547,0.013502899891868266,0.01598352051315736,1,1,1,0
2024-07-29,0.008559296188641305,0.01033032757209386,0.007408918218227829,0,0,0,0
2024-07-30,-0.0067828815163534254,0.010100064860512434,0.008409465427866991,0,0,0,0
2024-07-31,0.004561994843575686,0.013057644448995653,0.013430661735730555,0,0,0,0
2024-08-01,0.006224680835518441,0.010988827926320908,0.01080198064017101,0,0,0,0
2024-08-02,-0.02572059116015956,0.02960181073969561,0.0187352656044186,10,7,10,0
2024-08-05,-0.06000603595375702,0.059322324430159605,0.029243931943385117,16,13,15,1
2024-08-06,0.022400757560190214,0.025039748531323586,0.018456805238389024,6,6,5,1
2024-08-07,0.00992116600973014,0.01824916827241335,0.017097348313340133,1,1,1,0
2024-08-08,-0.0037284372766971602,0.013310962429515075,0.013031714276784625,0,0,0,0
2024-08-09,0.011672825552214106,0.014187967930021984,0.012871812341662571,1,1,1,0
2024-08-12,0.0069857431469247345,0.008075206641854077,0.006302550973035205,0,0,0,0
2024-08-13,0.0024587419473819524,0.009418370647467875,0.008873156191543614,0,0,0,0
2024-08-14,0.006795649417922758,0.010458241365552862,0.00957520173818887,0,0,0,0
2024-08-16,0.011065862890428053,0.018960520509006065,0.015629535316884335,3,3,3,0
2024-08-19,-0.005713377989066685,0.015235244139135014,0.015835629834048008,2,2,2,0
2024-08-20,0.005007959825064814,0.01178731060230783,0.00918088037982929,0,0,0,0
2024-08-21,8.907706950430765e-05,0.009256014853284684,0.011445870995167562,0,0,0,0
2024-08-22,-0.00042977712360148533,0.009802688766140783,0.011100233599473255,0,0,0,0
2024-08-23,0.0012566709982784244,0.009913646464271812,0.011286701370198335,0,0,0,0
2024-08-26,0.00217834098254376,0.0121341887839642,0.011529529955232022,1,1,1,0
2024-08-27,-0.0027446628914456553,0.009506731974528703,0.007151122329599597,1,1,1,0
2024-08-28,-0.0012778643697837228,0.014437097335883638,0.01694297881551112,1,1,0,1
2024-08-29,-0.00479831381090612,0.01583019416498334,0.017553472566700347,0,0,0,0
2024-08-30,0.004681184061557696,0.00976260592419964,0.010828326924558465,0,0,0,0
2024-09-02,0.0004746928039866214,0.01921511935406537,0.02067148574172067,0,0,0,0
2024-09-03,-0.0034197259795065945,0.01088018279085215,0.011438076428894873,0,0,0,0
2024-09-04,-0.02498299731015164,0.025206181185726043,0.013388141947459666,6,3,6,0
2024-09-05,-0.0020309466389869003,0.004613125202268156,0.004319073907202395,0,0,0,0
2024-09-06,-0.00877906757890317,0.013187030493980142,0.013480944992862292,0,0,0,0
2024-09-09,-0.004491054847963097,0.009623571308657297,0.010166880124480315,0,0,0,0
2024-09-10,-0.0011835135585208652,0.008747439519698719,0.009733806003815822,0,0,0,0
2024-09-11,-0.0049012493076520235,0.020026911094862872,0.02325285586116552,2,2,2,0
2024-09-12,0.016327337532076096,0.0182167420827165,0.013831445867704432,0,0,0,0
2024-09-13,0.008179881248337639,0.016450455178128816,0.01937398395240266,1,1,1,0
2024-09-19,0.006616959963328281,0.01231740610977933,0.013135959676617723,0,0,0,0
2024-09-20,0.006347947102635372,0.008110535023297507,0.009266657702892518,0,0,0,0
2024-09-23,0.004557755346818994,0.008415729477414216,0.009851291288885558,0,0,0,0
2024-09-24,0.008757967114221424,0.014228909156421539,0.01461935462171147,1,1,1,0
2024-09-25,-0.006722652227966715,0.015589727780120901,0.016081025646067924,1,1,1,0
2024-09-26,0.015906833074559097,0.026324748477830756,0.013068037634865614,4,2,4,0
2024-09-27,-0.0009168210097562192,0.01569889102789282,0.019475361887840974,1,1,0,1
2024-09-30,-0.00704210489474375,0.02243105009977878,0.02303576581895001,1,1,0,1
2024-10-02,0.00202531634776043,0.026759279121290246,0.03138362134472239,1,1,0,1
2024-10-04,0.006812667134845149,0.011954262851420282,0.011170301530565916,0,0,0,0
2024-10-07,0.014314084559154292,0.0169510522103537,0.014410089477633278,2,2,1,1
2024-10-08,-0.005100756148898874,0.017805568534164134,0.019998125336125775,1,1,1,0
2024-10-10,-0.0008346553583305153,0.013563864127427987,0.015005280032377536,0,0,0,0
2024-10-11,-0.00246061539712645,0.01715761991710016,0.01999220035638668,1,1,0,1
2024-10-14,0.005353088968169105,0.012775876916432415,0.013629648712560472,1,1,1,0
2024-10-15,-0.0010637408854404754,0.015434696916304627,0.013366682680796648,0,0,0,0
2024-10-16,-0.0053531792072074895,0.010080230887449188,0.009006463114502785,0,0,0,0
2024-10-17,-0.0005692747700610552,0.00730138903317088,0.008830996691902586,0,0,0,0
2024-10-18,-0.001771408417280526,0.0145971388129619,0.01758037786001239,1,1,0,1
2024-10-21,0.002503602096789649,0.008663869922940106,0.007593288398704752,0,0,0,0
2024-10-22,-0.007578878259515945,0.016087521948592854,0.016188956738427844,0,0,0,0
2024-10-23,0.009073723592702585,0.013656092850783138,0.014084425668036296,0,0,0,0
2024-10-24,-0.0007575782012531011,0.02395344396689374,0.029542079287664717,1,1,0,1
2024-10-25,0.0029599895510606157,0.011940630086455628,0.013500562136124316,1,1,1,0
2024-10-28,0.004167006977978604,0.01818806232805996,0.019761809866009696,1,1,0,1
2024-10-29,0.00012160213898121165,0.011436740383951764,0.013116424583966703,0,0,0,0
2024-10-30,-0.009226568200795867,0.022603486253921206,0.02575717557908004,1,1,1,0
2024-10-31,-0.005526882134685517,0.013545011375715066,0.011921863842363576,1,1,1,0
2024-11-01,-0.004305483128391858,0.012959419932928375,0.013041676345680242,0,0,0,0
2024-11-04,0.011938262747751496,0.01814218590608054,0.01735829917160819,0,0,0,0
2024-11-05,0.0004880866397657626,0.012890690483067674,0.015639837205527436,0,0,0,0
2024-11-06,-0.002192475020797333,0.021295041630337908,0.02612457977623454,2,2,0,2
2024-11-07,-0.00114970967279726,0.01406830079826588,0.014291682822470229,1,1,1,0
2024-11-08,0.0014854448240282827,0.010364066180142345,0.012315149809518764,0,0,0,0
2024-11-11,-0.006798045621111555,0.01738429026635526,0.018272317021434323,0,0,0,0
2024-11-12,-0.01312399078531612,0.016405374128774297,0.011951272464347058,1,1,1,0
2024-11-13,-0.016110640604119084,0.02228642725530943,0.01873637675453945,1,1,1,0
2024-11-14,-0.004989362089910975,0.009157480735244179,0.009870865628549405,0,0,0,0
2024-11-15,-0.00445486916863754,0.021871642117970814,0.02666979480506502,1,1,0,1
2024-11-18,0.007597943795371868,0.019053126336956244,0.018286289564694327,2,1,2,0
2024-11-19,0.0012074484257579851,0.011901665497657376,0.010238274563018932,0,0,0,0
2024-11-20,0.003508800628391983,0.0076368368097728,0.009286602952399237,0,0,0,0
2024-11-21,0.0014316268954812947,0.006982915880465872,0.008039846069064768,0,0,0,0
2024-11-22,0.0017374049293140278,0.012968293367594667,0.014686418640758701,0,0,0,0
2024-11-25,0.008208911352819185,0.0161979816359181,0.017873347143032136,0,0,0,0
2024-11-26,-0.006042116197327354,0.010365402040481416,0.010967025664136588,0,0,0,0
2024-11-27,-0.0012138195735030134,0.015564458843272342,0.01872540132923598,0,0,0,0
2024-11-28,0.0032072675929083598,0.011479533145652372,0.013825183767245923,1,1,0,1
2024-11-29,-0.011155559535405393,0.01885526301948637,0.017657583341203965,1,1,0,1
2024-12-02,0.004774911350437145,0.01447443196143211,0.016344436220061848,0,0,0,0
2024-12-03,0.012635704963080455,0.014674163135239292,0.01234746960704827,1,1,1,0
2024-12-04,-0.005886465250761121,0.017073129043316593,0.016245115170761715,2,2,2,0
2024-12-05,-0.004800068194191094,0.022661690343636905,0.027319242671754035,2,2,2,0
2024-12-06,-0.0027911748459062244,0.013581270708870984,0.01676814280801397,0,0,0,0
2024-12-09,-0.019421507350725332,0.02877754510957322,0.027428130845548973,3,3,3,0
2024-12-10,0.017136634943068406,0.023848514536145494,0.023620514477747424,1,1,1,0
2024-12-11,0.0050878639386228285,0.01202411991657756,0.01310875169328918,0,0,0,0
2024-12-12,0.010149029591308844,0.011789377380462023,0.009526725839396755,0,0,0,0
2024-12-13,-0.0017592649443648654,0.010017576334125963,0.011563516895482902,0,0,0,0
2024-12-16,-0.002551425624947695,0.007859596947297641,0.008172599937463063,0,0,0,0
2024-12-17,-0.005637077947321053,0.014926332466397426,0.016844555294774032,0,0,0,0
2024-12-18,0.00735879674312218,0.01311757529553408,0.011686155261500011,1,1,1,0
2024-12-19,-0.015273776619827446,0.01740089048983472,0.011438977951274298,3,3,3,0
2024-12-20,-0.012079334621227884,0.011297840225105707,0.00767549487972144,0,0,0,0
2024-12-23,0.013665579312793542,0.012110608424537648,0.007889120524407678,1,1,1,0
2024-12-24,1.9252151104787694e-05,0.0050665959350582575,0.005990263431172059,0,0,0,0
2024-12-26,-0.00015469996708273605,0.009710312220564798,0.011527068454962212,0,0,0,0
2024-12-27,-0.005604396461826585,0.012202680709886534,0.014083959997676844,0,0,0,0
2024-12-30,0.0019103539446815448,0.0113132845376637,0.013350948345910432,0,0,0,0
2025-01-02,-0.00406152169064792,0.014125162768392305,0.015557367935097946,2,2,1,1
2025-01-03,0.012842859852173549,0.01947052694591611,0.020281469513528026,0,0,0,0
2025-01-06,0.009352592647652966,0.016792400432606366,0.014640366016528189,0,0,0,0
2025-01-07,0.0009532091847102416,0.006572200080561386,0.007111357335352313,1,1,0,1
2025-01-08,0.00508614585167455,0.011311213947777827,0.012361997237955714,0,0,0,0
2025-01-09,0.000825625819936245,0.006370129644460912,0.00499452240880994,0,0,0,0
2025-01-10,-0.0008101175899334148,0.009311028604506081,0.010467667670999917,0,0,0,0
2025-01-13,-0.005493647056486029,0.016800807742431183,0.009375129266644452,1,1,0,1
2025-01-14,0.00476942841895098,0.009947138574869768,0.01029179494159487,0,0,0,0
2025-01-15,-0.002798705511395177,0.006207832215935846,0.007192388612376516,0,0,0,0
2025-01-16,0.010333461157239994,0.012098863960422396,0.010351901624056194,0,0,0,0
2025-01-17,-0.0008049833874602749,0.007112642960899135,0.00843323035878101,1,1,0,1
2025-01-20,0.002991479854228175,0.011910585296536911,0.013446912078135427,0,0,0,0
2025-01-21,-0.0029948750085249188,0.014815939259015965,0.018260571234198282,0,0,0,0
2025-01-22,0.0062294963133013624,0.011860049167328041,0.009792211781073734,0,0,0,0
2025-01-23,-0.00501806748216349,0.01027436687463156,0.01029132309440808,1,1,0,1
2025-01-24,0.00380630643883798,0.00732530648737214,0.007055768967367261,0,0,0,0
2025-01-31,-0.00025904557227366087,0.01827013045385627,0.020614443293016867,1,1,0,1
2025-02-03,-0.022160796546447394,0.02358615884600963,0.014769286800921499,1,1,1,0
2025-02-04,0.006776757527458062,0.013520165351411375,0.010151258221075548,0,0,0,0
2025-02-05,0.00568628093456113,0.014442917018187689,0.01521789783191245,1,1,0,1
2025-02-06,0.004579347607177901,0.011959710666009421,0.011426758437606972,0,0,0,0
2025-02-07,-0.0013640208495913496,0.007011963681073262,0.007577482894472938,0,0,0,0
2025-02-10,0.001400027679869425,0.005966405485340821,0.006840765606906734,0,0,0,0
2025-02-11,0.0021311689103966575,0.006867613534223303,0.00467501212127606,0,0,0,0
2025-02-12,-0.0017958643143137945,0.0045451911823412485,0.004474585862963498,0,0,0,0
2025-02-13,0.006132111119361101,0.015506529722880108,0.014533266077891497,0,0,0,0
2025-02-14,0.00614692485762257,0.008070039124298465,0.008687705685007858,0,0,0,0
2025-02-17,0.004604650689668307,0.010452914478341522,0.008063773170706907,0,0,0,0
2025-02-18,0.0019484761060156435,0.005921278178122931,0.005079485507671691,0,0,0,0
2025-02-19,0.009542239748696054,0.0162650711481616,0.014985454446238843,0,0,0,0
2025-02-20,-0.002256306425651185,0.01106347538964172,0.01264628820677122,0,0,0,0
2025-02-21,0.00401794363661565,0.008276847367273604,0.009462989656611296,0,0,0,0
2025-02-24,-0.004237980457845049,0.011202966085776117,0.010796123683093111,0,0,0,0
2025-02-25,-0.0059181247952361255,0.010420976042612886,0.01023950585765381,0,0,0,0
2025-02-26,0.002477125381582355,0.010203337658512394,0.007570867887656752,0,0,0,0
2025-02-27,5.672432356255523e-05,0.007369523157210494,0.008082418943678577,0,0,0,0
2025-02-28,-0.01913625740626227,0.024766617238736608,0.013812263879575204,8,6,7,1
2025-03-04,-0.005537310298917898,0.01250018284064641,0.013611564725528867,0,0,0,0
2025-03-05,0.0031686682719099454,0.010720578834181932,0.011379733789570651,0,0,0,0
2025-03-06,0.0026568737963630694,0.01652851540543885,0.018768397150992832,0,0,0,0
2025-03-07,-0.00177519482447027,0.01776711834315664,0.02211471426703882,0,0,0,0
2025-03-10,0.0013264188464629915,0.0061930926601435395,0.007547236023289165,0,0,0,0
2025-03-11,-0.01017415421416162,0.011647431508877341,0.010285522034996872,2,2,2,0
2025-03-12,0.00912049167441537,0.016513201844549127,0.017296067386655196,0,0,0,0
2025-03-13,-0.0018251982035350253,0.008383174481052346,0.007510062060705947,0,0,0,0
2025-03-14,0.0020971326072208745,0.013468333014386819,0.015958007870227213,0,0,0,0
2025-03-17,0.008745533354004008,0.013908790973653551,0.011686133673035549,0,0,0,0
2025-03-18,0.0037185132494781,0.0061295667515210775,0.007105258353541401,0,0,0,0
2025-03-19,0.0015555736362094649,0.01153166775973473,0.011746799848976308,0,0,0,0
2025-03-20,0.00347531802062881,0.014357423986029707,0.01720761185503256,0,0,0,0
2025-03-21,-0.0025855883262369,0.010778004401632998,0.011926724444545005,0,0,0,0
2025-03-24,0.0015441348018972727,0.009903893290255065,0.012056546727900293,0,0,0,0
2025-03-25,-0.002135553592564675,0.012644101878364622,0.0151575546222905,0,0,0,0
2025-03-26,0.004767011360437735,0.009705345506786044,0.010437363678365251,0,0,0,0
2025-03-27,-0.009466046633692025,0.011148274414129125,0.007857790336792845,0,0,0,0
2025-03-28,-0.01043180818932982,0.015593227279493846,0.011134394614199282,0,0,0,0
2025-03-31,-0.019177624506286666,0.023353575563121554,0.015306222178192634,8,5,7,1
2025-04-01,0.010976926618542281,0.014062153067882124,0.01206453978267808,0,0,0,0
2025-04-02,-0.006566766335453229,0.00986486797675232,0.011133061419061717,0,0,0,0
2025-04-03,-0.009032451344382035,0.012086731846972136,0.010956707973059665,1,1,0,1
2025-04-04,-0.01033137794009676,0.02058230659484318,0.021436334689645342,3,3,3,0
2025-04-07,-0.051464792651535585,0.0446760511556139,0.01792047465300201,17,14,16,1
2025-04-08,0.0081616834967722,0.02189233278341387,0.026441948836327295,3,3,0,3
2025-04-09,-0.016022483780411687,0.019809956349007007,0.015115881722308816,3,3,3,0
2025-04-10,0.04585977997946899,0.04466035545723566,0.027296888958605138,16,13,15,1
2025-04-11,-0.0031753992746409573,0.014165052360563497,0.014763288259533576,0,0,0,0
2025-04-14,0.005665140209695058,0.00963241627422128,0.007996525534359155,1,1,0,1
2025-04-15,0.004601866073699666,0.01114460613754191,0.012410064736142881,0,0,0,0
2025-04-16,-0.010442003046710708,0.015766736601812454,0.0124357337197774,0,0,0,0
2025-04-17,0.008225484832774802,0.011588825835879604,0.007656476332855427,0,0,0,0
2025-04-18,0.004573429071658251,0.006553542324463419,0.006502883003889754,0,0,0,0
2025-04-21,-0.0002599262757339351,0.007814009307292747,0.008677318607942469,0,0,0,0
2025-04-22,-0.00031320202105085567,0.008374474738432409,0.0059952574472286035,0,0,0,0
2025-04-23,0.015419155870117477,0.023470341060331794,0.01629985194255643,3,3,2,1
2025-04-24,-0.002155362776696451,0.00995787300059403,0.007730307794450108,0,0,0,0
2025-04-25,0.007115486233269035,0.0118746111243795,0.01243553770330135,1,1,1,0
2025-04-28,-0.0016932506253386451,0.00865006445699818,0.01031942027671782,0,0,0,0
2025-04-29,0.003543501281874999,0.010548847053416008,0.006753343361878675,0,0,0,0
2025-04-30,-0.004431272210386689,0.012126132960207375,0.012966483932382724,1,1,0,1
2025-05-02,0.000354922684562013,0.009314848166832859,0.010147830990548074,0,0,0,0
2025-05-07,0.0031695039783082544,0.012424557454170282,0.009926176473753108,1,1,1,0
2025-05-08,0.0005712439021785798,0.009039762903514369,0.00526582738927316,0,0,0,0
2025-05-09,-0.00257101321457663,0.011651194154076092,0.009667249069828186,0,0,0,0
2025-05-12,0.010679073440735697,0.016428680028188876,0.015365987814723158,0,0,0,0
2025-05-13,0.0032507823229916853,0.012515522755621995,0.014936170735757351,0,0,0,0
2025-05-14,0.007384372229038917,0.011399516946123298,0.008998021733851017,0,0,0,0
2025-05-15,-0.010234684812463042,0.009500088001116631,0.007237539706323945,1,1,1,0
2025-05-16,-0.0011501144619554527,0.012281660776694852,0.01280641290870041,0,0,0,0
2025-05-19,-0.005424999477328085,0.011503790743802136,0.010445472048819413,0,0,0,0
2025-05-20,-0.0010088444121999298,0.011223013708289936,0.013730965819636691,0,0,0,0
2025-05-21,0.0047763045617939485,0.010556499714769265,0.009169605456188102,1,1,1,0
2025-05-22,-0.00823353197658575,0.009583583322565427,0.006614013618887832,0,0,0,0
2025-05-23,-0.00361331212263084,0.008618766563496564,0.010299404272389607,0,0,0,0
2025-05-26,0.009750598163288658,0.013469613061280278,0.011699652751601067,0,0,0,0
2025-05-27,0.0004171076810575099,0.007462926575377972,0.008815046604987775,0,0,0,0
2025-05-28,0.010997999341540398,0.019431788369049945,0.020460352435383217,1,1,1,0
2025-05-29,0.012734676616635595,0.015358731826265043,0.009566885787631775,1,1,1,0
2025-05-30,-0.006754521261909545,0.012868930560585658,0.011634640746052288,0,0,0,0
2025-06-02,-0.002153226394631784,0.012085075526388355,0.010456065180258677,0,0,0,0
2025-06-04,0.01587224652861063,0.020270994905330905,0.01477497500918396,3,3,2,1
2025-06-05,0.0051938648041591675,0.014022019962958385,0.012047543746125575,0,0,0,0
2025-06-09,0.010234453160051326,0.016962733773398443,0.015721931785074063,1,1,1,0
2025-06-10,0.00640499293110588,0.010595166161348072,0.01206795632011206,0,0,0,0
2025-06-11,0.010148027475358003,0.013307827060592484,0.011832258803030436,0,0,0,0
2025-06-12,0.001454080618744765,0.011800334946462864,0.008414933330262313,0,0,0,0
2025-06-13,-0.0023870561546359068,0.023630912768680522,0.015070970157969267,1,1,0,1
2025-06-16,0.005884540374146831,0.012618076151887732,0.010223432602037499,0,0,0,0
2025-06-17,-0.000781657197977378,0.0064795631514428555,0.005686459185296807,0,0,0,0
2025-06-18,0.00507319171386918,0.010038195568443787,0.00805806053615449,0,0,0,0
2025-06-19,0.0023243454499892744,0.01054220138775516,0.011909151036134599,0,0,0,0
2025-06-20,0.006090074304752666,0.013085824419604895,0.011470614266546187,0,0,0,0
2025-06-23,-0.0019245623372993802,0.01321253309642653,0.013791774174217841,0,0,0,0
2025-06-24,0.008280390964097231,0.043109157707010716,0.01620637800287704,2,2,1,1
2025-06-25,0.006374224196294398,0.01060650016161107,0.012340670998645527,0,0,0,0
2025-06-26,-0.004218965068983208,0.007974273878898052,0.0073111814844927184,0,0,0,0
2025-06-27,-0.0044847208697293,0.010099593783207485,0.011440078277269738,0,0,0,0
2025-06-30,0.0025310915964452,0.011769424318781476,0.01365290974646703,0,0,0,0
2025-07-01,0.005524761138305726,0.007946861978869192,0.009098650775004038,0,0,0,0
2025-07-02,0.0012792514759843619,0.008960746397226984,0.010678734281032687,0,0,0,0
2025-07-03,0.016163644184031736,0.018482535782131715,0.0180132807702673,1,1,1,0
2025-07-04,-0.009287296312930569,0.013988493305950086,0.011230275258326438,0,0,0,0
2025-07-07,0.00157667983317537,0.009502262092667366,0.011072347844214191,0,0,0,0
2025-07-08,0.010547117267071722,0.019646980624526075,0.020811850926397406,2,2,2,0
2025-07-09,0.001732116490271705,0.007653764523065472,0.008002587490370618,0,0,0,0
2025-07-10,0.009294799326124325,0.010457792733179188,0.008841315042350237,0,0,0,0
2025-07-11,0.003109695693306569,0.008986520488783047,0.008137279586175042,0,0,0,0
2025-07-14,0.005830564363374609,0.011665649347490668,0.012587848862293943,0,0,0,0
2025-07-15,0.004062086322174425,0.01233916969504611,0.012080476133183353,0,0,0,0
2025-07-16,-0.007558621143222843,0.013522995554787509,0.01474992424879817,2,2,2,0
2025-07-17,0.004458055819813804,0.011307123775501434,0.013028648530595979,1,1,1,0
2025-07-18,0.0031008590778623204,0.011526485941706644,0.013336831074047555,0,0,0,0
2025-07-21,0.00311595054017442,0.010900302595857597,0.0121620866365882,0,0,0,0
2025-07-22,-0.005866140969079114,0.010105140893718174,0.008134879574717192,0,0,0,0
2025-07-23,0.00513509683078376,0.012601077350975359,0.014555825890554023,0,0,0,0
2025-07-24,-0.000945955472556095,0.00932865957051445,0.009960908964328838,0,0,0,0
2025-07-25,0.0005545979977616085,0.005612369782693182,0.0057870157226228005,0,0,0,0
2025-07-28,-0.0022735738737505932,0.01802138562443186,0.022051378077379977,2,2,0,2
2025-07-29,0.002860517440553048,0.008152191396701942,0.008294217051781296,0,0,0,0
2025-07-30,0.00390886455568697,0.013152282939019728,0.012378498009301043,0,0,0,0
2025-07-31,-0.004486788163319492,0.014465170794685093,0.016994172849594744,0,0,0,0
2025-08-01,-0.027358920698470575,0.03091849697837484,0.0198261927570817,10,7,10,0
2025-08-04,0.0037196939871767544,0.014506418936025528,0.013017528597413787,2,2,1,1
2025-08-05,0.01169853895603494,0.015499659670771134,0.012860269986016545,0,0,0,0
2025-08-06,0.0004393593234686623,0.005192363252827098,0.005459166101860042,0,0,0,0
2025-08-07,0.0014447637694236552,0.008835864565020071,0.00894152846236674,0,0,0,0
2025-08-08,-0.0009326727514342855,0.008776918682825192,0.007903176327097661,0,0,0,0
2025-08-11,0.0021980560318903353,0.009934788763384788,0.010246809141805908,0,0,0,0
2025-08-12,-0.0005573289865556236,0.0061267901694137825,0.005062658934618743,0,0,0,0
2025-08-13,0.005968386870813252,0.0111178324176179,0.008540539087092363,0,0,0,0
2025-08-14,0.0009555495049658653,0.006368575088281348,0.007947039305118347,0,0,0,0
2025-08-18,-0.010971249722607693,0.013763210940710861,0.011918565086746161,2,2,2,0
2025-08-19,-0.0034900411042013075,0.008437558147709147,0.009030984447991374,0,0,0,0
2025-08-20,-0.002333456105603905,0.007813111806748478,0.00867182344368339,0,0,0,0
2025-08-21,0.0010313227520918448,0.006396498884053435,0.006963232487542969,0,0,0,0
2025-08-22,0.001387044574649199,0.008565366739239369,0.00876328375058346,0,0,0,0
2025-08-25,0.009909960029946825,0.009844010290187154,0.007067091743068475,0,0,0,0
2025-08-26,-0.0005424077475232032,0.007790025641120742,0.007014455980665791,0,0,0,0
2025-08-27,-0.0018677424522795978,0.007740914154356879,0.007545526587356899,0,0,0,0
2025-08-28,0.0009229195387326153,0.008626237008446955,0.009939049769194113,0,0,0,0
2025-08-29,-0.0006043522644056915,0.010699197251857358,0.012382259513817427,1,1,0,1
2025-09-01,-0.005893595479257191,0.0146512522924526,0.01131597656060611,0,0,0,0
2025-09-02,0.003145569023891859,0.008703631887978524,0.0077171277163440785,0,0,0,0
2025-09-03,0.003455042491404462,0.006956214574215408,0.0074748784294801736,0,0,0,0
2025-09-04,-0.00047480275020418477,0.010763292385122922,0.010030847708787387,1,1,0,1
2025-09-05,0.00407121551100429,0.007794432426429487,0.008847205213844677,0,0,0,0
2025-09-08,0.0027299332962685057,0.005440532171360778,0.005978247136583091,0,0,0,0
2025-09-09,0.005771777974083901,0.011198191156180107,0.010014912971037985,0,0,0,0
2025-09-10,0.01006190313552452,0.015688761631903837,0.013569933211107362,1,1,1,0
2025-09-11,0.0028757980578821333,0.006311786095900443,0.006184907116396169,0,0,0,0
2025-09-12,0.009769058859397505,0.017336803787774774,0.012421607057305932,1,1,1,0
2025-09-15,0.00305405854223825,0.009219121379418445,0.009790941329710224,0,0,0,0
2025-09-16,0.003701010384825566,0.012439927859888294,0.01141035853947402,0,0,0,0
2025-09-17,-0.005020671168677717,0.009925903179461217,0.007316450469833719,0,0,0,0
2025-09-18,0.006064334047866084,0.014095475690707647,0.012255597298701959,0,0,0,0
2025-09-19,-0.00033930852399990713,0.00799202251070786,0.009449372681734292,0,0,0,0
2025-09-22,0.005073010904132385,0.010211976367614955,0.010105874557201567,0,0,0,0
2025-09-23,0.0026185853272948987,0.00841188946179714,0.007973074887312932,0,0,0,0
2025-09-24,-0.0028983347519930215,0.01202834194068103,0.012692648437919762,0,0,0,0
2025-09-25,-0.000404860036176575,0.010472446190481674,0.011467137888177941,0,0,0,0
2025-09-26,-0.011246195816812035,0.01760378359455667,0.01123660076467287,4,1,4,0
2025-09-29,0.007450298173006055,0.011128003799773748,0.00696903856691536,0,0,0,0
2025-09-30,-0.002658113305987335,0.008648249966064763,0.004765985586158861,0,0,0,0
2025-10-01,0.0026799847644196,0.008863780738267251,0.008073216441378093,1,1,1,0
2025-10-02,0.011334283814070428,0.019316977210778435,0.01183700277632778,1,0,1,0
2025-10-10,0.00399526160023469,0.023474647312801123,0.023907505508699897,3,3,3,0
2025-10-13,0.00015271264754229517,0.019204790041005174,0.020689079922218512,1,1,0,1
2025-10-14,0.0017183409281866396,0.02166013470973185,0.02603823222468478,1,1,0,1
2025-10-15,0.0117638849993171,0.018578112424491443,0.011787750553791958,0,0,0,0
2025-10-16,0.011159629519489636,0.024954472357866308,0.025902684506170864,2,2,2,0
2025-10-17,0.000960188113363889,0.018984640071506655,0.020661704339739677,1,1,1,0
2025-10-20,0.008984429399843471,0.01616087038202839,0.00786214221885711,1,1,0,1
2025-10-21,0.005307737096945318,0.008008339841615465,0.00808728868098309,0,0,0,0
2025-10-22,0.006110252102384459,0.016418533665502492,0.011799333411033607,1,1,0,1
2025-10-23,-0.004609728195808867,0.013853118075031158,0.0075242084266871284,0,0,0,0
2025-10-24,0.012888113795033162,0.02376919511459451,0.0230441601215198,1,1,1,0
2025-10-27,0.011222060642188437,0.020749133521537164,0.0175896145343183,1,1,1,0
2025-10-28,-0.00365071223366846,0.012299499898128107,0.010638693076063912,1,1,1,0
2025-10-29,0.005552425452585155,0.01600646502186139,0.012948611275799498,1,1,0,1
2025-10-30,-0.0043663612246720674,0.01176887013640244,0.014283398996282275,0,0,0,0
2025-10-31,0.0021445891558748947,0.015836037208985767,0.01821456430602581,1,1,1,0
2025-11-03,0.008982240143213204,0.019368157572263303,0.014761238777818788,0,0,0,0
2025-11-04,-0.0044398234285162146,0.02192107995468219,0.020297770776453308,3,3,2,1
2025-11-05,-0.01201912266461604,0.019329740846098852,0.01452997321956727,1,1,1,0
2025-11-06,0.005595267264692855,0.011760652081211393,0.012140801479712339,2,2,2,0
2025-11-07,-0.010563963124352968,0.014097478759640712,0.009938775612430374,0,0,0,0
2025-11-10,0.016433800825915425,0.021589820269748067,0.01685452614276506,3,3,3,0
2025-11-11,0.004118702580514785,0.01063764677719116,0.011027334604565162,0,0,0,0
2025-11-12,0.013155500020012109,0.017547480302093646,0.017596543698296243,5,5,4,1
2025-11-13,0.0063625380841066375,0.01492983308051536,0.010690792726464856,1,1,0,1
2025-11-14,-0.020711594546599897,0.02946608504012236,0.017025188731955968,7,4,7,0
2025-11-17,0.0016981075467087548,0.01820207541761684,0.015856090722908733,1,1,1,0
2025-11-18,-0.019257548575625068,0.02244216942144135,0.011575950746148787,3,3,2,1
2025-11-19,0.0006571137442617436,0.011849622662338341,0.01201951667595331,0,0,0,0
2025-11-20,0.008979637122365219,0.016488480448937536,0.01117707095990338,1,1,1,0
2025-11-21,-0.021723120554221462,0.028391689894911486,0.01869757055519604,7,4,7,0
2025-11-24,-0.0032783846098077907,0.011162965859738633,0.013480765121434875,0,0,0,0
2025-11-25,0.005056781131679438,0.009714114730973953,0.010332742963361723,0,0,0,0
2025-11-26,0.016896497577627147,0.02151453874297919,0.016160725956179678,1,1,1,0
2025-11-27,0.00434854933933954,0.01180390095302736,0.013257706972827759,0,0,0,0
2025-11-28,0.002685172036550011,0.015972676593689998,0.01725188498862243,1,1,0,1
2025-12-01,0.002919757686028781,0.00815116786220829,0.009128102613585232,0,0,0,0
2025-12-02,0.00731479785194525,0.01573976776368265,0.013815732713548612,0,0,0,0
2025-12-03,0.0029099349552935425,0.00920007779022699,0.007624742803406292,0,0,0,0
2025-12-04,-0.0008284434596454147,0.009055280682917735,0.010617628337615561,0,0,0,0
2025-12-05,0.007972909323767059,0.01785916585923939,0.018491714249835815,1,1,1,0
2025-12-08,0.00582145049338537,0.015386415684574531,0.016855686744407954,0,0,0,0
2025-12-09,-0.0034117838961802765,0.008819491254320902,0.008027156304788965,0,0,0,0
2025-12-10,4.779451246824935e-06,0.00469728148030967,0.005386090476920345,0,0,0,0
2025-12-11,-0.005442234105285973,0.007846737790296356,0.007038268961634703,0,0,0,0
2025-12-12,0.008131851541807424,0.011154325736110181,0.008989838788446993,0,0,0,0
2025-12-15,-0.00565412341146671,0.016912039094920287,0.013449141778484684,0,0,0,0
2025-12-16,-0.018265237501848004,0.020918151101318613,0.01875268766982823,1,1,1,0
2025-12-17,0.008281508241367763,0.015551854147167843,0.014212394402246479,0,0,0,0
2025-12-18,-0.012094467420705805,0.016176734145843863,0.01562860238435054,0,0,0,0
2025-12-19,0.005242747890915505,0.008770286018783598,0.008218366106155095,0,0,0,0
2025-12-22,0.014425751965121822,0.017736900549274275,0.014957255444549553,0,0,0,0
2025-12-23,-0.0006714861014787998,0.008299896698007785,0.007150165729979149,0,0,0,0
2025-12-24,-0.0014300993087605575,0.008130978173523111,0.0077606757735645005,1,1,0,1
2025-12-26,0.0006313122322056103,0.010809339265532618,0.012125081636694382,0,0,0,0
2025-12-29,0.006546955347923465,0.018775439054826103,0.013856129403302659,0,0,0,0
2025-12-30,-0.003193469356771645,0.012932440064271186,0.013522768156899165,0,0,0,0
2026-01-02,0.008986483498313408,0.024125950606385914,0.023647674561014013,0,0,0,0
2026-01-05,0.011777911058116536,0.023800212623522242,0.016558660417877295,0,0,0,0
2026-01-06,0.00777002467234211,0.013833095290254938,0.01296896090289855,0,0,0,0
2026-01-07,0.000980490871229115,0.01620163725139355,0.01773277752762739,0,0,0,0
2026-01-08,-0.0032873200807823,0.008158849489234527,0.009801750236816764,0,0,0,0
2026-01-09,0.006220063245952041,0.014719595925300083,0.014922814553911815,1,1,1,0
2026-01-12,0.007230734832017508,0.01400126931307591,0.016187942850680353,0,0,0,0
2026-01-13,0.013986842051897652,0.02310412124337538,0.026006357501912384,1,1,1,0
2026-01-14,0.0012619613095690451,0.01285442735547795,0.014747842083314833,0,0,0,0
2026-01-15,0.006635021671116755,0.016513814753921958,0.015616148775671907,0,0,0,0
2026-01-16,0.0009925462856527187,0.011153807291936648,0.009692880072139212,0,0,0,0
2026-01-19,0.00905815218267376,0.021429900165118,0.024764057471469654,1,1,1,0
2026-01-20,0.0033620626560549164,0.01388376538562747,0.01608955769649338,0,0,0,0
2026-01-21,0.00044651293272081414,0.027623337603715853,0.032540390970101224,3,3,1,2
2026-01-22,0.006870943809562072,0.021159700587736967,0.024891930972362423,1,1,1,0
2026-01-23,0.00818100846895102,0.016814847058000622,0.018170765411959573,1,1,1,0
2026-01-26,0.009713517313943414,0.031441068528921416,0.03692451347798324,2,2,1,1
2026-01-27,0.012333095304028624,0.025017681659095476,0.019394268058681413,1,1,1,0
2026-01-28,0.015345640092959554,0.027091016020945043,0.02935140768726152,3,3,2,1
2026-01-29,0.013819830118706963,0.01714196944626701,0.013002244502095181,1,1,1,0
2026-01-30,-0.010424738875683326,0.026001462435076346,0.02422236614373157,1,1,0,1
2026-02-02,-0.03631440864876845,0.046968707979561694,0.027614189394907906,8,5,7,1
2026-02-03,0.03326982995251269,0.046546676524879885,0.02420123579511732,9,6,8,1
2026-02-04,0.01039843417441216,0.015588378726453448,0.014296120058656048,0,0,0,0
2026-02-05,-0.017061326685451687,0.02835336068711511,0.019392468238536124,6,3,5,1
2026-02-06,-0.01018039569680423,0.016165362205399873,0.017356210689808346,0,0,0,0
2026-02-09,0.02313773095605135,0.02800636260805023,0.013466766844382971,1,1,1,0
2026-02-10,0.0031753426412035046,0.013002151722195971,0.015347382978544582,0,0,0,0
2026-02-11,0.005096849070714379,0.013038026938697702,0.01505068639644747,0,0,0,0
2026-02-12,0.013486515597312839,0.023520791022955324,0.017540025525789326,0,0,0,0
2026-02-13,-0.01028194384909089,0.011847058869884273,0.0106879939357333,0,0,0,0
2026-02-19,0.02272209156866338,0.024822316059309513,0.02053396263317292,2,2,2,0
2026-02-20,0.009888707453825625,0.017331385272759858,0.015130088957537606,0,0,0,0
2026-02-23,-0.0021508628840198347,0.011830935858653122,0.010491355442909252,0,0,0,0
2026-02-24,0.00863736767019467,0.01983171668014234,0.0190059759499729,0,0,0,0
2026-02-25,0.01015171919075366,0.02061573145184271,0.02007724849166823,0,0,0,0
2026-02-26,0.017384481109850452,0.032565874726349406,0.02780223449766567,1,1,1,0
2026-02-27,0.0005722677141859448,0.015140587013501369,0.017709777824620687,0,0,0,0
2026-03-03,-0.03010640284139048,0.06440571521765155,0.03712659310377165,11,8,9,2
2026-03-04,-0.08005272415875543,0.09643747549794274,0.061944121839910556,14,11,13,1
2026-03-05,0.0567931294530863,0.06875840299057938,0.047581668450534444,10,7,10,0
2026-03-06,0.008670147923291205,0.016698830168825687,0.017382234398593564,0,0,0,0
2026-03-09,-0.020197635270022496,0.07796042297591543,0.024083575700958496,8,5,7,1
2026-03-10,0.01338379485332665,0.05292977593546643,0.020193355594586824,6,3,4,2
2026-03-11,0.0017212718701550805,0.016755511969490263,0.012175253614640016,0,0,0,0
2026-03-12,0.0026817633408545557,0.024164928386222428,0.006459436265467582,1,1,0,1
2026-03-13,-0.006958249165350698,0.01662595710350975,0.012792362596520461,0,0,0,0
2026-03-16,-0.00042356662054907025,0.016903596823183112,0.015059019666544446,0,0,0,0
2026-03-17,0.007590000537636189,0.015547891093719271,0.012122883815527914,0,0,0,0
2026-03-18,0.018832558879926457,0.03700330021893129,0.01901072339123726,1,0,1,0
2026-03-19,-0.013499653327760288,0.02483340632836418,0.010923564521905016,1,1,1,0
2026-03-20,0.000773174884715027,0.01192132841973891,0.009017337110302653,0,0,0,0
2026-03-23,-0.04030158259254711,0.04964749048268172,0.018116598986545492,9,6,9,0
2026-03-24,0.01329434950952725,0.03294678858360077,0.014957968985923475,1,1,0,1
2026-03-25,0.013222494239235794,0.016027530086759022,0.011145394315264574,0,0,0,0
2026-03-26,-0.012036927182586322,0.02549858453700456,0.017958519644050947,0,0,0,0
2026-03-27,0.0009756812545328952,0.009917089432894086,0.010646501850719052,0,0,0,0
2026-03-30,-0.012027876320920176,0.030195295109125598,0.015621298210610025,0,0,0,0
2026-03-31,-0.01933321842658112,0.03281726558122979,0.02298701019067171,0,0,0,0
2026-04-01,0.0364742819770402,0.055837239621076666,0.029038608484167658,8,5,7,1
2026-04-02,-0.022036636251310745,0.040346006771826474,0.02285419946450312,0,0,0,0
2026-04-03,0.009164445021112695,0.019476372575105143,0.014746670096137796,0,0,0,0
2026-04-06,0.005204205136329086,0.012676980138316331,0.011535208503786122,0,0,0,0
2026-04-07,0.0026556007691644853,0.012381302397772277,0.009608901857051799,0,0,0,0
2026-04-08,0.025720323496212154,0.06851856170998359,0.023567158670355633,4,3,2,2
2026-04-09,-0.005762711150288645,0.01707903807585829,0.00952410590418245,0,0,0,0
2026-04-10,0.009859705020612798,0.010987631139913301,0.007402444364086395,1,1,1,0
2026-04-13,-0.001813954638054292,0.01514558758772604,0.008350311667731584,0,0,0,0
2026-04-14,0.008171597628213218,0.021452550203299007,0.009138254522620943,0,0,0,0
2026-04-15,0.011332715905336486,0.021919417066641994,0.012371565039778114,0,0,0,0
2026-04-16,0.010030355329254774,0.013438842171432855,0.007464841507155842,0,0,0,0
2026-04-17,0.0028721075466946362,0.009752833927134705,0.009598672889993413,0,0,0,0
2026-04-20,0.0008410711258665935,0.009447722377611654,0.008717157157862188,0,0,0,0
2026-04-21,0.011649383591966602,0.02589653924023353,0.025643406325552603,0,0,0,0
2026-04-22,0.00179905810685419,0.009487057137318386,0.009131877996393593,0,0,0,0
2026-04-23,0.001911207157919565,0.017134586150254556,0.010757854875966288,0,0,0,0
2026-04-24,0.00424124776515171,0.012682443694583306,0.01416656677791201,0,0,0,0
2026-04-27,0.007580010813194335,0.01794598008691153,0.016438611311581627,0,0,0,0
2026-04-28,0.0062737607472673155,0.016199553387088433,0.018026600230968127,0,0,0,0
2026-04-29,0.0034280304759654245,0.008869888914782515,0.007531076040738698,0,0,0,0
2026-04-30,-0.006310343448794831,0.027312777009286995,0.013672325336253517,0,0,0,0
2026-05-04,0.012620521483732558,0.03827902346424828,0.019945639190556246,0,0,0,0
2026-05-06,0.015406358992804212,0.045148556729539206,0.03151323892892112,0,0,0,0
2026-05-07,0.004602691635164186,0.019338746931061742,0.012177362363723672,0,0,0,0
2026-05-08,0.0038134514902568245,0.0140575016748771,0.017148304791736204,0,0,0,0
2026-05-11,0.013991392037960477,0.036765661555769935,0.02868938087035939,1,1,1,0
2026-05-12,-0.011961637084408346,0.02246153959045446,0.020846844123491175,0,0,0,0
2026-05-13,0.00973092056526355,0.027164429943026935,0.02791733844269304,0,0,0,0
2026-05-14,0.01068159373438254,0.013930335813397704,0.010897765065007711,0,0,0,0
2026-05-15,-0.0270188737188733,0.040727794648202635,0.023469394344774547,3,2,3,0
2026-05-18,-0.007043558202534481,0.019334474806810956,0.017594445364712618,1,1,1,0
2026-05-19,-0.016635648148342546,0.027305657685384975,0.025091018974579327,0,0,0,0
2026-05-20,-0.013248247147372601,0.016531480151390006,0.01785843217861768,0,0,0,0
2026-05-21,0.03581589298672872,0.05701325113312992,0.03785984898030735,3,2,3,0
2026-05-22,0.013159031533946947,0.01983559051371161,0.020608915578603133,0,0,0,0
2026-05-26,0.004642018986981694,0.024618943919824696,0.014635308228316237,0,0,0,0
2026-05-27,-0.0027863961994119392,0.024750335914241153,0.024737220334026727,0,0,0,0
2026-05-28,-0.0058336944575936005,0.01606894368806472,0.01896971359778781,0,0,0,0
2026-05-29,0.00940599371836204,0.029669758593813187,0.022600756494696356,0,0,0,0
2026-06-01,0.006297257917895987,0.03228490875568707,0.02438661567999666,0,0,0,0
2026-06-02,-0.003990899387406575,0.01678036655010125,0.019294286139098695,0,0,0,0
2026-06-04,0.0023370509272765253,0.020990268521059376,0.018526872738844163,0,0,0,0
2026-06-05,-0.02288588339650698,0.03990972202333504,0.02985020749924634,0,0,0,0
2026-06-08,-0.05443159826230233,0.057965291716444795,0.03009557676095321,12,9,12,0
2026-06-09,0.028271707400167333,0.0563961439834439,0.03510145270856952,3,2,3,0
2026-06-10,-0.019688235162490318,0.0316876774169628,0.018780746148181364,0,0,0,0
2026-06-11,0.004540451332851094,0.021189921897444577,0.023328088086600623,0,0,0,0
2026-06-12,0.021725660648830945,0.034434586101453196,0.0199734434962543,0,0,0,0
2026-06-15,0.021170836972314082,0.036830559916288204,0.015892211534847562,1,1,1,0
2026-06-16,0.004827385198852089,0.01572966829360792,0.014652921513959844,0,0,0,0
2026-06-17,-0.001882360168313745,0.02482780994744218,0.025077281259230342,0,0,0,0
2026-06-18,-0.0048472611962061245,0.030360444804589683,0.029705859826986945,0,0,0,0
2026-06-19,-0.008534431040658475,0.018712783530342874,0.016458480253486726,0,0,0,0
2026-06-22,-0.0022420872622726505,0.02182278719130837,0.02608220031418159,0,0,0,0
2026-06-23,-0.05203048039447351,0.06816426349884093,0.039069916183235125,7,4,7,0
2026-06-24,0.012543240694374699,0.025645336761937976,0.021708229745743816,1,1,1,0
2026-06-25,0.003066267652272096,0.04122292419547531,0.031433553499711754,0,0,0,0
2026-06-26,-0.028996943421673933,0.038376429353279694,0.014370272214300754,2,2,2,0
2026-06-29,0.027220893517261518,0.0432662362492552,0.04768164509347837,2,2,0,2
2026-06-30,-0.0015785252304896641,0.022966636972193852,0.027875916686996446,0,0,0,0
2026-07-01,-0.006011730126978511,0.02011724186765788,0.01710733440141649,0,0,0,0
2026-07-02,-0.024641884179889863,0.05923714067666551,0.049180737347438545,5,2,5,0
2026-07-03,0.015427029172031792,0.03660547053892869,0.026883705610874133,1,1,0,1
2026-07-06,-0.004837019990377,0.01590637593541194,0.019247149301600715,0,0,0,0
2026-07-07,-0.0156431540043059,0.03424875065587736,0.026898982986529384,0,0,0,0
2026-07-08,-0.02624590325147854,0.03855931834423072,0.021168250341878917,2,2,2,0
2026-07-09,-0.0011133457403484214,0.017269231462866182,0.021008412737022635,0,0,0,0
2026-07-10,0.018013049310744544,0.02495654242744939,0.021206112166404913,1,1,1,0
2026-07-13,-0.029248102562448548,0.06355809262266061,0.04139775458005418,5,2,5,0
2026-07-14,-0.00392820838387069,0.02478908258482784,0.020459086138215555,0,0,0,0
2026-07-15,0.026598162454034402,0.041893287549141116,0.028967811127035347,0,0,0,0
2026-07-16,-0.022119218737079855,0.045730185567084636,0.03317477008410017,1,1,1,0
2026-07-20,-0.028524864911584763,0.0368893380706766,0.01565129146052089,2,2,2,0
2026-07-21,0.009182475483536382,0.025575424153960153,0.018050744857143978,0,0,0,0
2026-07-22,0.005890373296939285,0.015503304913557524,0.014709741895982075,0,0,0,0
2026-07-23,0.02454885463375939,0.03464238639729029,0.029504837434721928,0,0,0,0
2026-07-24,-0.026479049063889343,0.04569718563554821,0.03594662968698116,0,0,0,0
2026-07-27,0.0043791279543036205,0.02418405920192969,0.011829495150133238,0,0,0,0
2026-07-28,-0.05210022656712907,0.07221739190864403,0.040476044908047557,3,2,3,0
2026-07-29,-0.029664382508750066,0.043267938185231725,0.030483703920293488,0,0,0,0
2026-07-30,-0.0014598627497731846,0.026000252028513766,0.02669251324379564,0,0,0,0
2026-07-31,0.061994746363818375,0.13148432035311114,0.088030077616425,7,4,7,0
2026-08-03,-0.01922320614192339,0.0548741456689977,0.041521227604798726,0,0,0,0
2026-08-04,0.015704503941180954,0.021132998633059914,0.020875158221115377,0,0,0,0
2026-08-05,0.014691305748511144,0.03132746931611134,0.014740958133711037,1,1,1,0
2026-08-06,-0.006521683040765723,0.037582940902986965,0.031896734427308525,0,0,0,0
2026-08-07,0.004777498669360045,0.018136752249662838,0.020375957504598842,0,0,0,0
2026-08-10,0.013546942323072362,0.024758719980042688,0.029067887870018825,0,0,0,0
2026-08-11,0.0021766754415722253,0.01861389083864275,0.013480663510752463,1,1,1,0
2026-08-12,0.0071402899162630925,0.026947989970592424,0.022208497407486913,0,0,0,0
2026-08-13,0.01061882693868952,0.023044245005847397,0.014706060482144314,1,1,1,0
2026-08-14,0.00991062492781987,0.019866732776106084,0.015834699328789965,0,0,0,0
2026-08-18,-0.011824849734570205,0.021948612972215332,0.016548789883527693,0,0,0,0
2026-08-19,-0.02088000386706367,0.03807038947099204,0.023800328364553966,1,1,1,0
2026-08-20,0.015816554639666004,0.03951883663513728,0.031140284101705815,0,0,0,0
2026-08-21,-0.005923693181009251,0.02320328737878352,0.02438707389599092,0,0,0,0
2026-08-24,0.0003909428129436589,0.033091601331157114,0.03307284624807411,0,0,0,0
2026-08-25,0.00622024087571275,0.015183528842850536,0.01691953203757289,0,0,0,0
2026-08-26,-0.0021983025304468276,0.014455915740185158,0.013017345276340738,0,0,0,0
2026-08-27,0.006674534084848226,0.01692568068164937,0.018827288030557755,0,0,0,0
2026-08-28,-0.0014545547264019853,0.0146208391694355,0.012249329916121396,0,0,0,0
2026-08-31,-0.00111328538029105,0.01379493348380625,0.011918932016696611,0,0,0,0
2026-09-01,-0.0009468741103039084,0.009853504820713146,0.011417760870659979,0,0,0,0
2026-09-02,-0.019267498370121355,0.02996460268268915,0.015114384738789668,0,0,0,0
2026-09-03,0.0034526130833651054,0.015800663489211768,0.018346223609685818,0,0,0,0
2026-09-04,0.006803779977411617,0.018005311627490105,0.018345403805505523,0,0,0,0
2026-09-07,0.011388218099675555,0.030988219908484056,0.022800729660113674,0,0,0,0
2026-09-08,-0.005696950057159684,0.009960794854099017,0.009345561374924722,0,0,0,0
2026-09-09,0.008677617013166238,0.020371552940143915,0.02254591400150578,0,0,0,0
2026-09-10,0.00141612763451534,0.0068196554323602335,0.00763217529078091,0,0,0,0
2026-09-11,-0.009293217217536672,0.024902887255101536,0.019885193795159538,0,0,0,0
2026-09-14,-0.011442443990386911,0.025087305458721183,0.020009273288289057,0,0,0,0
2026-09-15,-0.00069525875878864,0.013330184711751708,0.013823575351309314,0,0,0,0
2026-09-16,0.004492137047571275,0.01632683781786185,0.016425769813067956,0,0,0,0
2026-09-17,0.0007147556912616617,0.010208334250317199,0.005673844682240194,0,0,0,0
2026-09-18,0.008193082201562275,0.01773579811107606,0.012736501018800049,0,0,0,0
2026-09-21,0.0028818395509303653,0.01792644799079512,0.0162134069650792,0,0,0,0
2026-09-22,-0.0022311841648870747,0.008152891811961655,0.009264103333059074,0,0,0,0
2026-09-23,-0.002209161410352844,0.01681669565205323,0.01466682872179885,0,0,0,0
2026-09-28,-0.003940998024530133,0.02903622195595997,0.02294954083233432,2,2,2,0
2026-09-29,-0.002513558227377885,0.015326212561590493,0.018721475159607932,0,0,0,0
2026-09-30,-0.002699394966182025,0.014477049509932829,0.012422112444656045,0,0,0,0
2026-10-01,0.01200628072124481,0.021163409928689682,0.02247345580333796,0,0,0,0
2026-10-02,0.0014699973962866548,0.014037648185816222,0.014820935411870743,0,0,0,0
