Date,domeq9_pearson_w60,dedup17_pearson_w60,domeq9_spearman_w60,dedup17_spearman_w60,domeq9_pearson_ex_top2_w60,dedup17_pearson_ex_top2_w60,domeq9_pearson_w120,dedup17_pearson_w120,domeq9_spearman_w120,dedup17_spearman_w120,domeq9_pearson_ex_top2_w120,dedup17_pearson_ex_top2_w120,domeq9_pearson_w250,dedup17_pearson_w250,domeq9_spearman_w250,dedup17_spearman_w250,domeq9_pearson_ex_top2_w250,dedup17_pearson_ex_top2_w250
2019-04-02,0.402678,0.168513,0.387019,0.169282,0.360022,0.148681,,,,,,,,,,,,
2019-04-03,0.409393,0.176376,0.400438,0.175889,0.370299,0.157274,,,,,,,,,,,,
2019-04-04,0.414697,0.178254,0.405341,0.177489,0.374236,0.158739,,,,,,,,,,,,
2019-04-05,0.423082,0.184397,0.408494,0.178621,0.381567,0.163603,,,,,,,,,,,,
2019-04-08,0.417787,0.18397,0.399354,0.175252,0.375727,0.163359,,,,,,,,,,,,
2019-04-09,0.388526,0.170965,0.374339,0.163738,0.326275,0.143497,,,,,,,,,,,,
2019-04-10,0.390217,0.171608,0.378524,0.165213,0.327814,0.144196,,,,,,,,,,,,
2019-04-11,0.3891,0.170804,0.375573,0.164023,0.326825,0.143439,,,,,,,,,,,,
2019-04-12,0.382141,0.167499,0.363795,0.159553,0.317589,0.138873,,,,,,,,,,,,
2019-04-15,0.365198,0.162158,0.34818,0.154598,0.315421,0.146177,,,,,,,,,,,,
2019-04-16,0.366086,0.162741,0.350275,0.155818,0.316083,0.146762,,,,,,,,,,,,
2019-04-17,0.370804,0.163734,0.352883,0.155999,0.320247,0.147509,,,,,,,,,,,,
2019-04-18,0.376428,0.16396,0.362794,0.15891,0.328917,0.148344,,,,,,,,,,,,
2019-04-19,0.378466,0.165214,0.363176,0.160738,0.331755,0.149966,,,,,,,,,,,,
2019-04-22,0.376715,0.16175,0.359167,0.154427,0.32951,0.145604,,,,,,,,,,,,
2019-04-23,0.377249,0.162742,0.357969,0.154172,0.330017,0.146591,,,,,,,,,,,,
2019-04-24,0.383001,0.162595,0.368115,0.154387,0.336722,0.146388,,,,,,,,,,,,
2019-04-25,0.382068,0.167733,0.362259,0.153741,0.334513,0.147252,,,,,,,,,,,,
2019-04-26,0.392891,0.176759,0.37682,0.164919,0.349888,0.158709,,,,,,,,,,,,
2019-04-29,0.420357,0.180197,0.402991,0.170996,0.350865,0.160095,,,,,,,,,,,,
2019-04-30,0.416291,0.179088,0.394984,0.167909,0.345067,0.158534,,,,,,,,,,,,
2019-05-02,0.417637,0.173152,0.397112,0.163086,0.346114,0.15172,,,,,,,,,,,,
2019-05-03,0.419494,0.175472,0.401035,0.167942,0.349036,0.154828,,,,,,,,,,,,
2019-05-07,0.429569,0.176277,0.412767,0.169534,0.360002,0.156069,,,,,,,,,,,,
2019-05-08,0.433769,0.176067,0.415665,0.1711,0.363892,0.155723,,,,,,,,,,,,
2019-05-09,0.484051,0.184281,0.446385,0.1783,0.408114,0.173642,,,,,,,,,,,,
2019-05-10,0.487967,0.185525,0.448134,0.179088,0.412047,0.174905,,,,,,,,,,,,
2019-05-13,0.50643,0.192184,0.467832,0.188095,0.436591,0.182788,,,,,,,,,,,,
2019-05-14,0.507723,0.188679,0.467236,0.185091,0.437676,0.179099,,,,,,,,,,,,
2019-05-15,0.516802,0.19557,0.473728,0.190937,0.449968,0.18707,,,,,,,,,,,,
2019-05-16,0.518438,0.188628,0.476207,0.181679,0.452761,0.179322,,,,,,,,,,,,
2019-05-17,0.523543,0.188145,0.484746,0.181063,0.458361,0.178819,,,,,,,,,,,,
2019-05-20,0.51947,0.188812,0.475943,0.179868,0.452962,0.179203,,,,,,,,,,,,
2019-05-21,0.516065,0.185999,0.472797,0.17758,0.449303,0.176175,,,,,,,,,,,,
2019-05-22,0.516435,0.182637,0.472762,0.173324,0.449993,0.17239,,,,,,,,,,,,
2019-05-23,0.512936,0.1845,0.467244,0.173363,0.445399,0.173662,,,,,,,,,,,,
2019-05-24,0.514941,0.181541,0.466947,0.168357,0.447298,0.17006,,,,,,,,,,,,
2019-05-27,0.514224,0.179143,0.465295,0.16564,0.446579,0.167287,,,,,,,,,,,,
2019-05-28,0.518098,0.181333,0.464487,0.166716,0.450429,0.169889,,,,,,,,,,,,
2019-05-29,0.54647,0.191165,0.493058,0.177762,0.483201,0.180575,,,,,,,,,,,,
2019-05-30,0.549323,0.187082,0.497526,0.172169,0.486844,0.175887,,,,,,,,,,,,
2019-05-31,0.538312,0.182034,0.489721,0.170463,0.475707,0.169836,,,,,,,,,,,,
2019-06-03,0.538624,0.174353,0.489818,0.165191,0.476625,0.160672,,,,,,,,,,,,
2019-06-04,0.538061,0.173601,0.484978,0.164327,0.472981,0.159079,,,,,,,,,,,,
2019-06-05,0.535761,0.172115,0.4802,0.162864,0.470137,0.157241,,,,,,,,,,,,
2019-06-07,0.523704,0.166773,0.458303,0.154515,0.453744,0.15068,,,,,,,,,,,,
2019-06-10,0.535055,0.178287,0.475822,0.167212,0.469567,0.164584,,,,,,,,,,,,
2019-06-11,0.543396,0.179055,0.48515,0.166633,0.479238,0.165564,,,,,,,,,,,,
2019-06-12,0.551775,0.181797,0.490398,0.168091,0.487798,0.168307,,,,,,,,,,,,
2019-06-13,0.551436,0.181157,0.489286,0.168005,0.487224,0.167697,,,,,,,,,,,,
2019-06-14,0.552788,0.180588,0.494324,0.167886,0.488816,0.166952,,,,,,,,,,,,
2019-06-17,0.553614,0.181475,0.496418,0.169402,0.489661,0.16793,,,,,,,,,,,,
2019-06-18,0.56581,0.184848,0.502699,0.17089,0.502734,0.171637,,,,,,,,,,,,
2019-06-19,0.57047,0.188671,0.510732,0.176739,0.507815,0.175258,,,,,,,,,,,,
2019-06-20,0.543609,0.181469,0.482701,0.173293,0.470506,0.164309,,,,,,,,,,,,
2019-06-21,0.545685,0.181566,0.487905,0.174223,0.472962,0.164311,,,,,,,,,,,,
2019-06-24,0.547235,0.182664,0.488322,0.175179,0.474058,0.16524,,,,,,,,,,,,
2019-06-25,0.543807,0.182903,0.478259,0.175581,0.468532,0.16516,,,,,,,,,,,,
2019-06-26,0.539878,0.182577,0.4664,0.168277,0.462592,0.164081,,,,,,,,,,,,
2019-06-27,0.513475,0.172245,0.438427,0.158537,0.426178,0.150626,,,,,,,,,,,,
2019-06-28,0.515366,0.172726,0.439605,0.157603,0.42812,0.15108,0.451222,0.172521,0.413972,0.169998,0.411208,0.160196,,,,,,
2019-07-01,0.498177,0.168238,0.41669,0.152335,0.404268,0.145301,0.450182,0.175162,0.413062,0.172341,0.409568,0.163035,,,,,,
2019-07-02,0.497092,0.16722,0.418712,0.151615,0.403154,0.143972,0.453902,0.176125,0.417505,0.173187,0.413114,0.163854,,,,,,
2019-07-03,0.492067,0.164207,0.420382,0.15074,0.39894,0.140769,0.457597,0.176044,0.419377,0.172165,0.416697,0.163429,,,,,,
2019-07-04,0.486635,0.163072,0.421363,0.152133,0.395811,0.140636,0.452812,0.175091,0.416175,0.171378,0.411706,0.16249,,,,,,
2019-07-05,0.485091,0.162487,0.420967,0.151891,0.394404,0.140107,0.437367,0.167507,0.403026,0.165375,0.395124,0.159033,,,,,,
2019-07-08,0.517767,0.173677,0.441817,0.16188,0.431288,0.150819,0.459338,0.173796,0.418814,0.171732,0.410626,0.162377,,,,,,
2019-07-09,0.516832,0.177192,0.44803,0.169526,0.434411,0.156112,0.460723,0.176898,0.422435,0.176452,0.413554,0.166075,,,,,,
2019-07-10,0.516431,0.177766,0.449186,0.170717,0.433941,0.156299,0.459093,0.174943,0.418833,0.17435,0.411058,0.163795,,,,,,
2019-07-11,0.528604,0.185342,0.470719,0.180959,0.449808,0.164465,0.456246,0.173569,0.419434,0.1733,0.407342,0.161988,,,,,,
2019-07-12,0.528642,0.186744,0.472128,0.18348,0.450098,0.165883,0.456375,0.173809,0.419728,0.17376,0.407412,0.162227,,,,,,
2019-07-15,0.526677,0.186203,0.47215,0.183066,0.44817,0.165451,0.458452,0.174315,0.422084,0.17438,0.409516,0.162747,,,,,,
2019-07-16,0.524454,0.185481,0.463419,0.179233,0.442274,0.163713,0.456467,0.172725,0.419379,0.171505,0.407161,0.161029,,,,,,
2019-07-17,0.526775,0.185763,0.466852,0.177664,0.445566,0.164301,0.459942,0.173507,0.422548,0.172738,0.411002,0.161942,,,,,,
2019-07-18,0.526127,0.184914,0.469105,0.179808,0.445542,0.163743,0.45973,0.172035,0.423704,0.171445,0.41086,0.160386,,,,,,
2019-07-19,0.537328,0.19324,0.484213,0.189172,0.459803,0.173065,0.466408,0.176953,0.432381,0.177088,0.418271,0.165495,,,,,,
2019-07-22,0.537453,0.193635,0.480825,0.188992,0.457852,0.173642,0.467287,0.176639,0.43272,0.176595,0.419079,0.165261,,,,,,
2019-07-23,0.535771,0.189849,0.47932,0.186783,0.455229,0.170289,0.465568,0.176836,0.42787,0.175268,0.416541,0.165486,,,,,,
2019-07-24,0.532781,0.183744,0.47158,0.176481,0.448785,0.162076,0.466853,0.176501,0.431708,0.174901,0.418477,0.165144,,,,,,
2019-07-25,0.508126,0.174218,0.454738,0.165809,0.417301,0.150026,0.467656,0.17527,0.435065,0.174222,0.420446,0.163882,,,,,,
2019-07-26,0.506491,0.172591,0.455592,0.166343,0.416744,0.148908,0.465101,0.174071,0.432308,0.172083,0.417961,0.162641,,,,,,
2019-07-29,0.529587,0.184078,0.478717,0.178245,0.453877,0.164539,0.48079,0.177858,0.44603,0.175376,0.4379,0.167773,,,,,,
2019-07-30,0.531585,0.184199,0.480783,0.179774,0.454634,0.163876,0.48171,0.17807,0.447353,0.176196,0.438767,0.167986,,,,,,
2019-07-31,0.52693,0.183842,0.468441,0.176437,0.44699,0.16167,0.481596,0.176981,0.445129,0.173598,0.438425,0.16677,,,,,,
2019-08-01,0.52099,0.184106,0.466606,0.177279,0.440859,0.162089,0.481215,0.177046,0.445088,0.174762,0.43795,0.166765,,,,,,
2019-08-02,0.486243,0.179224,0.447533,0.173366,0.444946,0.176074,0.486877,0.179241,0.450623,0.175586,0.446462,0.169752,,,,,,
2019-08-05,0.517106,0.169377,0.469718,0.174038,0.452798,0.169476,0.506751,0.173442,0.463127,0.176322,0.468879,0.176121,,,,,,
2019-08-06,0.519042,0.168683,0.470556,0.170324,0.455392,0.169734,0.514218,0.175693,0.473538,0.17823,0.478908,0.179132,,,,,,
2019-08-07,0.507514,0.167475,0.463565,0.170762,0.442162,0.167858,0.508701,0.174177,0.468792,0.176699,0.472853,0.177345,,,,,,
2019-08-08,0.506898,0.163286,0.462613,0.164115,0.442564,0.162351,0.512443,0.174967,0.470587,0.177286,0.477535,0.178132,,,,,,
2019-08-09,0.506895,0.164424,0.454688,0.163678,0.438324,0.163609,0.511603,0.173049,0.468065,0.173821,0.476362,0.176102,,,,,,
2019-08-12,0.50437,0.165067,0.44878,0.164214,0.434939,0.164067,0.512331,0.17317,0.469759,0.174096,0.477184,0.176256,,,,,,
2019-08-13,0.513097,0.163935,0.467231,0.164158,0.447693,0.162478,0.51522,0.172284,0.47351,0.173235,0.480921,0.175347,,,,,,
2019-08-14,0.518382,0.168495,0.473543,0.169783,0.453652,0.166717,0.515518,0.172863,0.47457,0.174857,0.481401,0.175902,,,,,,
2019-08-16,0.519801,0.167593,0.479378,0.171353,0.456432,0.16618,0.516565,0.171237,0.476516,0.174172,0.482687,0.174213,,,,,,
2019-08-19,0.51974,0.168266,0.482006,0.172755,0.455878,0.16621,0.515128,0.173044,0.475508,0.175147,0.48133,0.176086,,,,,,
2019-08-20,0.523945,0.169002,0.489221,0.173755,0.462042,0.166796,0.517575,0.172359,0.478694,0.173684,0.484021,0.175134,,,,,,
2019-08-21,0.527121,0.171752,0.492577,0.173643,0.465647,0.169566,0.518997,0.172664,0.48029,0.172845,0.485432,0.175386,,,,,,
2019-08-22,0.529144,0.171725,0.497805,0.172683,0.469723,0.16995,0.521952,0.173133,0.481937,0.17243,0.488447,0.175965,,,,,,
2019-08-23,0.519038,0.169255,0.480209,0.169735,0.453506,0.166662,0.528335,0.176259,0.486705,0.174638,0.495793,0.179487,,,,,,
2019-08-26,0.535841,0.180171,0.49817,0.179887,0.482605,0.180798,0.539505,0.17951,0.497289,0.177039,0.510222,0.183022,,,,,,
2019-08-27,0.544067,0.182498,0.503566,0.181365,0.491478,0.183613,0.538474,0.178939,0.496322,0.176761,0.509199,0.182418,,,,,,
2019-08-28,0.554008,0.192486,0.512685,0.189194,0.503714,0.19458,0.543979,0.180852,0.500925,0.178515,0.515164,0.184319,,,,,,
2019-08-29,0.553404,0.194225,0.509909,0.190118,0.503462,0.196428,0.543826,0.180795,0.498338,0.178551,0.514145,0.184178,,,,,,
2019-08-30,0.567231,0.196454,0.528463,0.193986,0.520792,0.199408,0.550097,0.181423,0.506358,0.179625,0.521755,0.184897,,,,,,
2019-09-02,0.568219,0.196499,0.532393,0.19222,0.521617,0.1994,0.545397,0.178946,0.498985,0.174983,0.516276,0.182157,,,,,,
2019-09-03,0.564276,0.189016,0.52384,0.182415,0.516885,0.190877,0.54689,0.179247,0.501332,0.17576,0.517961,0.18252,,,,,,
2019-09-04,0.56739,0.189474,0.530213,0.18399,0.520769,0.191017,0.552788,0.179988,0.510053,0.177177,0.524533,0.183316,,,,,,
2019-09-05,0.568863,0.189454,0.534402,0.184643,0.52241,0.190786,0.556062,0.180901,0.51459,0.178948,0.528639,0.18442,,,,,,
2019-09-06,0.569064,0.191239,0.532483,0.185653,0.522226,0.193421,0.556182,0.181554,0.513949,0.179544,0.52877,0.18514,,,,,,
2019-09-09,0.563933,0.190028,0.522588,0.185467,0.51572,0.192346,0.553838,0.180734,0.511094,0.178753,0.526123,0.184215,,,,,,
2019-09-10,0.557767,0.186292,0.517935,0.182402,0.50783,0.187869,0.549984,0.178858,0.508767,0.177335,0.521702,0.182117,,,,,,
2019-09-11,0.562877,0.183714,0.526855,0.180151,0.51375,0.184838,0.557601,0.17878,0.51743,0.177696,0.530005,0.182112,,,,,,
2019-09-16,0.562049,0.183433,0.52413,0.176688,0.512963,0.184563,0.558591,0.180162,0.518896,0.179288,0.531013,0.183291,,,,,,
2019-09-17,0.56107,0.17631,0.524344,0.17126,0.511558,0.176931,0.547873,0.173326,0.505718,0.173983,0.517013,0.175403,,,,,,
2019-09-18,0.560534,0.175288,0.521335,0.170568,0.510799,0.175964,0.547807,0.172829,0.505492,0.173613,0.517052,0.174931,,,,,,
2019-09-19,0.560623,0.174603,0.52027,0.169716,0.511503,0.175714,0.547159,0.172277,0.504619,0.172984,0.516674,0.174693,,,,,,
2019-09-20,0.560713,0.172621,0.522943,0.165836,0.511016,0.172883,0.546,0.171147,0.502562,0.171735,0.514719,0.173393,,,,,,
2019-09-23,0.554478,0.170709,0.521872,0.165282,0.504631,0.1708,0.541954,0.169707,0.497876,0.168979,0.510545,0.171862,,,,,,
2019-09-24,0.557101,0.170629,0.526685,0.16471,0.508674,0.171213,0.535299,0.166303,0.487979,0.164319,0.502352,0.167909,,,,,,
2019-09-25,0.558115,0.174354,0.539439,0.17066,0.51297,0.175663,0.5371,0.169042,0.495432,0.167248,0.505487,0.170987,,,,,,
2019-09-26,0.557723,0.173651,0.539226,0.167605,0.513371,0.174586,0.530935,0.166881,0.486202,0.163559,0.498415,0.168624,,,,,,
2019-09-27,0.557369,0.174965,0.541414,0.172714,0.514386,0.176513,0.52986,0.16722,0.48826,0.165835,0.498161,0.169255,,,,,,
2019-09-30,0.56079,0.1759,0.538513,0.172676,0.515805,0.177761,0.529505,0.166643,0.487869,0.165195,0.497683,0.16869,,,,,,
2019-10-01,0.554683,0.171972,0.532098,0.168409,0.509178,0.173924,0.525588,0.16432,0.485756,0.163442,0.492926,0.165903,,,,,,
2019-10-02,0.567106,0.174908,0.5564,0.175852,0.54018,0.181784,0.53251,0.166215,0.49836,0.166847,0.502266,0.168256,,,,,,
2019-10-04,0.547646,0.172529,0.536946,0.172586,0.5137,0.178694,0.531641,0.16756,0.497615,0.168623,0.501843,0.169607,,,,,,
2019-10-07,0.538968,0.16921,0.52828,0.166399,0.501229,0.173818,0.525667,0.166845,0.494736,0.168146,0.494687,0.168428,,,,,,
2019-10-08,0.540245,0.167858,0.534294,0.165123,0.503122,0.172335,0.526605,0.166038,0.499048,0.168181,0.496059,0.167494,,,,,,
2019-10-10,0.535578,0.162262,0.531177,0.160022,0.499503,0.167099,0.527531,0.16597,0.50405,0.168899,0.497757,0.167543,,,,,,
2019-10-11,0.533385,0.159366,0.52757,0.157225,0.496697,0.163779,0.526261,0.165256,0.503223,0.168424,0.496209,0.166652,,,,,,
2019-10-14,0.533055,0.159198,0.532218,0.157864,0.496925,0.163783,0.525848,0.164598,0.504911,0.167761,0.496079,0.16605,,,,,,
2019-10-15,0.533902,0.158932,0.535356,0.157719,0.497642,0.163464,0.525569,0.164042,0.502182,0.165872,0.495205,0.165457,,,,,,
2019-10-16,0.538144,0.160225,0.539485,0.158896,0.501705,0.165035,0.527416,0.164071,0.503907,0.165204,0.497328,0.165561,,,,,,
2019-10-17,0.537407,0.160013,0.536309,0.15794,0.500595,0.164624,0.52684,0.16417,0.502801,0.16551,0.496754,0.165658,,,,,,
2019-10-18,0.530694,0.154641,0.527083,0.152265,0.493692,0.159286,0.52715,0.165071,0.503414,0.166518,0.49745,0.166757,,,,,,
2019-10-21,0.530362,0.155425,0.525062,0.152106,0.492843,0.160197,0.526438,0.165598,0.500649,0.166171,0.496222,0.167264,,,,,,
2019-10-22,0.535792,0.155862,0.53585,0.152913,0.499384,0.160749,0.529856,0.164441,0.505391,0.165508,0.499827,0.166183,,,,,,
2019-10-23,0.525008,0.15369,0.523403,0.151966,0.484527,0.15764,0.519574,0.159791,0.494615,0.159498,0.48721,0.160659,,,,,,
2019-10-24,0.524257,0.158446,0.51477,0.157734,0.480976,0.162422,0.511156,0.158398,0.484869,0.157475,0.477025,0.158783,,,,,,
2019-10-25,0.521156,0.157709,0.506582,0.156454,0.477081,0.161638,0.50916,0.157351,0.482401,0.156827,0.474931,0.157675,,,,,,
2019-10-28,0.498876,0.150828,0.480596,0.145978,0.445203,0.152841,0.506164,0.157686,0.47994,0.156787,0.471997,0.158123,,,,,,
2019-10-29,0.498639,0.150175,0.478311,0.144667,0.444846,0.152288,0.506474,0.157501,0.47866,0.156102,0.471829,0.157728,,,,,,
2019-10-30,0.504117,0.151878,0.486567,0.147292,0.452563,0.154423,0.506355,0.158599,0.476879,0.155958,0.471571,0.158533,,,,,,
2019-10-31,0.504961,0.149813,0.484028,0.144577,0.452283,0.151836,0.505807,0.158265,0.47535,0.155163,0.470781,0.157994,,,,,,
2019-11-01,0.499357,0.145232,0.479987,0.140705,0.439549,0.146033,0.488865,0.154527,0.464055,0.15223,0.461163,0.155722,,,,,,
2019-11-04,0.466308,0.151814,0.471443,0.144255,0.431417,0.143969,0.492908,0.155886,0.471684,0.154812,0.465567,0.157125,,,,,,
2019-11-05,0.447284,0.145328,0.453783,0.139086,0.408094,0.135933,0.487559,0.152664,0.465842,0.150268,0.458298,0.153488,,,,,,
2019-11-06,0.463637,0.14992,0.473459,0.147037,0.426188,0.141177,0.489105,0.154691,0.469695,0.153846,0.460227,0.155689,,,,,,
2019-11-07,0.453646,0.145867,0.462235,0.140837,0.414145,0.136418,0.484244,0.151078,0.462914,0.148786,0.45475,0.151699,,,,,,
2019-11-08,0.448254,0.145824,0.455872,0.139905,0.407694,0.135996,0.479694,0.151504,0.454871,0.148618,0.448849,0.1521,,,,,,
2019-11-11,0.449432,0.146429,0.460212,0.140929,0.408821,0.136611,0.478801,0.152414,0.453054,0.149196,0.44782,0.152969,,,,,,
2019-11-12,0.441234,0.146245,0.446705,0.13961,0.399055,0.136212,0.481487,0.152137,0.45639,0.148075,0.450292,0.15253,,,,,,
2019-11-13,0.44918,0.144885,0.462247,0.138442,0.408286,0.134923,0.486014,0.154262,0.465964,0.150984,0.45567,0.154743,,,,,,
2019-11-14,0.446504,0.149192,0.45633,0.142051,0.404977,0.139056,0.48655,0.155439,0.467326,0.153109,0.456174,0.155935,,,,,,
2019-11-15,0.454605,0.145179,0.465638,0.136682,0.414179,0.134601,0.490615,0.154319,0.473374,0.151539,0.460338,0.154595,,,,,,
2019-11-18,0.45599,0.144853,0.466918,0.136268,0.415104,0.134082,0.492956,0.155207,0.476529,0.152866,0.462881,0.155535,,,,,,
2019-11-19,0.454947,0.141906,0.468358,0.134053,0.414337,0.130915,0.493751,0.154946,0.478186,0.152127,0.464047,0.155106,,,,,,
2019-11-20,0.453608,0.143804,0.466781,0.137605,0.413272,0.133146,0.493642,0.155123,0.480115,0.153033,0.464697,0.155457,,,,,,
2019-11-21,0.472053,0.143929,0.48978,0.140903,0.434661,0.13366,0.49464,0.154064,0.480862,0.152449,0.465901,0.154297,,,,,,
2019-11-22,0.436353,0.124985,0.466264,0.129621,0.391257,0.111068,0.493477,0.154541,0.478977,0.153067,0.464735,0.154856,,,,,,
2019-11-25,0.449937,0.128262,0.482805,0.132893,0.407145,0.114925,0.503375,0.156036,0.490021,0.154376,0.475541,0.156494,,,,,,
2019-11-26,0.429823,0.11921,0.465323,0.126798,0.382825,0.104699,0.499534,0.159019,0.484386,0.156396,0.471515,0.159672,,,,,,
2019-11-27,0.428636,0.119516,0.463141,0.127143,0.381606,0.105056,0.499798,0.160134,0.483773,0.156905,0.471841,0.160785,,,,,,
2019-11-28,0.413261,0.112213,0.449668,0.119455,0.360997,0.104195,0.501466,0.161284,0.486655,0.157754,0.473703,0.162105,,,,,,
2019-11-29,0.428553,0.118945,0.472002,0.128499,0.383785,0.106367,0.506687,0.163596,0.496696,0.161215,0.480328,0.164738,,,,,,
2019-12-02,0.426748,0.118061,0.469217,0.126483,0.381127,0.105242,0.504098,0.157742,0.491601,0.155037,0.477314,0.158448,,,,,,
2019-12-03,0.421992,0.117773,0.464404,0.127394,0.376314,0.105322,0.50333,0.159004,0.490719,0.15676,0.476631,0.159835,,,,,,
2019-12-04,0.42754,0.114024,0.466888,0.124111,0.383747,0.10132,0.50454,0.158618,0.493945,0.156766,0.478241,0.159341,,,,,,
2019-12-05,0.426059,0.112486,0.464954,0.122393,0.38242,0.0995231,0.505,0.159138,0.49381,0.15653,0.478622,0.159872,,,,,,
2019-12-06,0.429137,0.113444,0.477422,0.125941,0.385894,0.1006,0.504588,0.158968,0.494738,0.157468,0.478184,0.159796,,,,,,
2019-12-09,0.436403,0.117214,0.485887,0.130561,0.392816,0.104448,0.504927,0.158926,0.495598,0.157623,0.478374,0.159709,,,,,,
2019-12-10,0.425819,0.118353,0.474456,0.133499,0.381378,0.105209,0.504669,0.159238,0.495836,0.158086,0.478111,0.159999,,,,,,
2019-12-11,0.423906,0.116204,0.474523,0.131039,0.379316,0.103153,0.504172,0.157895,0.493623,0.155263,0.477522,0.158663,,,,,,
2019-12-12,0.446952,0.125218,0.496023,0.137769,0.399759,0.110988,0.512122,0.157008,0.503569,0.15498,0.486463,0.157932,,,,,,
2019-12-13,0.451501,0.127653,0.50503,0.139036,0.406005,0.113511,0.513328,0.157351,0.506538,0.155521,0.487631,0.158248,,,,,,
2019-12-16,0.450895,0.127762,0.504288,0.139414,0.405582,0.113666,0.51338,0.157009,0.507133,0.155442,0.487896,0.158011,,,,,,
2019-12-17,0.45124,0.12938,0.501406,0.14021,0.406175,0.115389,0.513329,0.15676,0.507049,0.154079,0.487957,0.157654,,,,,,
2019-12-18,0.455049,0.130546,0.499257,0.139258,0.40958,0.116514,0.511844,0.156361,0.505271,0.153553,0.486313,0.157211,,,,,,
2019-12-19,0.462301,0.132802,0.500309,0.139631,0.416355,0.118643,0.516435,0.15734,0.509169,0.153901,0.491864,0.158613,,,,,,
2019-12-20,0.457428,0.122582,0.489144,0.132595,0.408728,0.106678,0.517234,0.157082,0.510196,0.153222,0.492557,0.158299,,,,,,
2019-12-23,0.456079,0.121796,0.485955,0.130521,0.407365,0.105799,0.516739,0.156129,0.508914,0.15067,0.492108,0.157227,,,,,,
2019-12-24,0.454812,0.119209,0.484332,0.1264,0.404811,0.102743,0.517423,0.156324,0.510114,0.15151,0.492786,0.157419,,,,,,
2019-12-26,0.461709,0.123972,0.494312,0.131252,0.412704,0.10827,0.521112,0.15887,0.514195,0.154137,0.496217,0.160131,,,,,,
2019-12-27,0.485941,0.140279,0.515855,0.146504,0.438956,0.125858,0.528044,0.162934,0.522443,0.159663,0.504446,0.164848,,,,,,
2019-12-30,0.453641,0.129571,0.487103,0.139275,0.413723,0.11599,0.528998,0.1627,0.523303,0.159772,0.505405,0.164583,,,,,,
2020-01-02,0.449966,0.118486,0.480624,0.1299,0.411141,0.104383,0.512915,0.154229,0.510792,0.153758,0.4864,0.155196,,,,,,
2020-01-03,0.469385,0.121058,0.492937,0.131069,0.430863,0.106322,0.512779,0.153498,0.509824,0.150209,0.486077,0.154029,,,,,,
2020-01-06,0.484959,0.12041,0.505788,0.130466,0.448342,0.106139,0.517948,0.152106,0.517524,0.14929,0.492713,0.152477,,,,,,
2020-01-07,0.479619,0.116441,0.499634,0.127524,0.441515,0.101462,0.515002,0.148052,0.51372,0.145004,0.489237,0.148288,,,,,,
2020-01-08,0.517007,0.130691,0.524896,0.139253,0.484508,0.117759,0.526005,0.151007,0.523887,0.148502,0.503055,0.151916,0.493046,0.162777,0.473818,0.163215,0.474411,0.162922
2020-01-09,0.52825,0.125096,0.531293,0.138655,0.497459,0.112534,0.530114,0.148672,0.530137,0.148821,0.50799,0.149317,0.495909,0.162431,0.476668,0.163616,0.477305,0.16255
2020-01-10,0.526562,0.125737,0.534716,0.140237,0.496108,0.113282,0.529634,0.14857,0.532297,0.149572,0.507563,0.149231,0.496912,0.162247,0.478325,0.163658,0.478336,0.162365
2020-01-13,0.526971,0.124685,0.538053,0.139821,0.496532,0.112111,0.532149,0.148851,0.53525,0.14944,0.510007,0.149532,0.499513,0.1627,0.479643,0.163024,0.480947,0.162831
2020-01-14,0.52501,0.124091,0.535896,0.138774,0.494751,0.111634,0.531327,0.1486,0.532256,0.147828,0.508626,0.149144,0.499171,0.162783,0.478537,0.162759,0.480379,0.16288
2020-01-15,0.518262,0.119077,0.522887,0.12862,0.487261,0.106106,0.525734,0.144113,0.523595,0.142079,0.502569,0.144411,0.493125,0.158661,0.473067,0.159598,0.473695,0.158547
2020-01-16,0.51909,0.121058,0.524374,0.131288,0.488131,0.108544,0.525351,0.145297,0.523791,0.143528,0.502127,0.14565,0.493107,0.159143,0.473151,0.160326,0.473671,0.159059
2020-01-17,0.516349,0.121231,0.519752,0.131758,0.484521,0.108534,0.527045,0.145761,0.526537,0.144329,0.504054,0.146176,0.493039,0.159241,0.473014,0.160407,0.473605,0.159166
2020-01-20,0.540882,0.129195,0.524196,0.134267,0.509862,0.116632,0.526033,0.146712,0.522152,0.145091,0.502422,0.147087,0.491634,0.158333,0.470138,0.15913,0.471926,0.158158
2020-01-21,0.549024,0.131223,0.540395,0.137539,0.518654,0.118934,0.527564,0.149405,0.525579,0.149773,0.50383,0.149977,0.489437,0.156306,0.469606,0.157593,0.469679,0.15603
2020-01-22,0.551029,0.135223,0.542295,0.139001,0.521395,0.123618,0.52762,0.150555,0.524726,0.150177,0.503761,0.151135,0.490672,0.15659,0.471213,0.157513,0.471143,0.156343
2020-01-23,0.549013,0.138312,0.546325,0.143089,0.519053,0.126807,0.512448,0.145319,0.51279,0.145696,0.485547,0.145342,0.49097,0.157052,0.473024,0.158514,0.471563,0.156894
2020-01-28,0.591206,0.170827,0.573547,0.153282,0.537649,0.132755,0.530369,0.156138,0.525365,0.150367,0.496809,0.147677,0.499856,0.161339,0.478694,0.160005,0.481241,0.154119
2020-01-29,0.584532,0.169247,0.559333,0.149976,0.528878,0.131773,0.530361,0.157077,0.525266,0.15196,0.496816,0.148815,0.501293,0.162068,0.479576,0.160983,0.48269,0.154878
2020-01-30,0.588971,0.169949,0.570997,0.153495,0.546124,0.137741,0.532862,0.155775,0.52916,0.150922,0.500234,0.147507,0.502132,0.161446,0.481224,0.160135,0.483713,0.154255
2020-01-31,0.599174,0.164756,0.587778,0.151896,0.561782,0.133412,0.536028,0.151286,0.53555,0.147723,0.503434,0.142087,0.505575,0.161225,0.485947,0.160154,0.487595,0.154079
2020-02-03,0.583094,0.15824,0.566166,0.145414,0.543127,0.127383,0.5184,0.152919,0.521974,0.146141,0.487743,0.137505,0.503628,0.160296,0.484159,0.159415,0.485561,0.153151
2020-02-04,0.577419,0.156438,0.559685,0.143609,0.53652,0.125129,0.508533,0.148248,0.511637,0.14179,0.475532,0.131369,0.504124,0.16002,0.484474,0.159003,0.485997,0.15283
2020-02-05,0.574072,0.151947,0.549007,0.134966,0.531555,0.119894,0.51368,0.148588,0.515995,0.142194,0.481207,0.131892,0.503879,0.159757,0.484042,0.158616,0.485758,0.152578
2020-02-06,0.59872,0.168402,0.572684,0.146242,0.541411,0.12349,0.523338,0.155454,0.521976,0.145644,0.489107,0.133405,0.51105,0.163896,0.48907,0.161303,0.493706,0.157072
2020-02-07,0.601541,0.168166,0.575508,0.146417,0.545554,0.12374,0.523087,0.155582,0.521125,0.14535,0.48884,0.133585,0.509813,0.163234,0.486667,0.160031,0.492436,0.156379
2020-02-10,0.599558,0.167892,0.574805,0.148105,0.543941,0.124318,0.522688,0.155878,0.521087,0.146219,0.488543,0.134037,0.509832,0.162375,0.486795,0.159222,0.492517,0.155544
2020-02-11,0.600129,0.168572,0.582002,0.150236,0.546181,0.126901,0.519767,0.156802,0.518113,0.147266,0.485585,0.135211,0.510813,0.162447,0.489405,0.159727,0.49359,0.155666
2020-02-12,0.595228,0.166402,0.569647,0.1449,0.539883,0.124131,0.519928,0.155746,0.518671,0.145095,0.485804,0.133882,0.512129,0.162123,0.491006,0.159019,0.494937,0.155328
2020-02-13,0.593693,0.163257,0.571282,0.140053,0.538994,0.120682,0.51807,0.155759,0.515872,0.143485,0.48399,0.133696,0.512199,0.161267,0.490743,0.15801,0.494995,0.154336
2020-02-14,0.587345,0.163618,0.558299,0.140077,0.529649,0.120656,0.518034,0.154212,0.513911,0.141218,0.483747,0.131455,0.512262,0.16112,0.490786,0.157619,0.495043,0.154193
2020-02-17,0.585059,0.161368,0.552873,0.137747,0.526616,0.11841,0.517465,0.153042,0.512339,0.140212,0.482753,0.130174,0.512801,0.160997,0.4914,0.15771,0.495563,0.154061
2020-02-18,0.593794,0.165975,0.566684,0.144525,0.53944,0.124964,0.521734,0.154017,0.521187,0.143227,0.487948,0.131498,0.514667,0.160925,0.495203,0.158136,0.49768,0.154013
2020-02-19,0.59816,0.165675,0.565123,0.141173,0.543528,0.123431,0.520558,0.154373,0.517983,0.143521,0.486383,0.131802,0.515243,0.161152,0.495193,0.158094,0.498247,0.154215
2020-02-20,0.587916,0.164726,0.548226,0.136598,0.527975,0.120355,0.521127,0.154084,0.519231,0.143355,0.48707,0.131402,0.514182,0.160811,0.49286,0.157354,0.49705,0.153756
2020-02-21,0.603902,0.166971,0.569802,0.14045,0.551131,0.124489,0.519182,0.147943,0.519875,0.13935,0.484119,0.122788,0.517884,0.160118,0.496848,0.156506,0.501257,0.15308
2020-02-24,0.649786,0.182668,0.580881,0.146517,0.56711,0.144809,0.556793,0.158287,0.533844,0.141848,0.500119,0.135006,0.536072,0.164164,0.504489,0.15755,0.510841,0.155516
2020-02-25,0.655992,0.178403,0.596772,0.143753,0.576193,0.13957,0.556745,0.1535,0.533852,0.136951,0.499615,0.129386,0.538757,0.163133,0.507429,0.156093,0.513792,0.154455
2020-02-26,0.653267,0.1733,0.596204,0.14459,0.573565,0.138424,0.554988,0.150759,0.533277,0.137479,0.497817,0.12792,0.537766,0.162151,0.506641,0.15611,0.512753,0.15365
2020-02-27,0.648571,0.175468,0.594127,0.147356,0.570784,0.143837,0.548674,0.150383,0.526962,0.136207,0.491272,0.128306,0.537401,0.162315,0.507558,0.156256,0.512556,0.153974
2020-02-28,0.668821,0.22489,0.600103,0.167375,0.591919,0.16042,0.5699,0.186557,0.539559,0.150674,0.51215,0.142311,0.547607,0.179818,0.512717,0.161845,0.520199,0.158905
2020-03-02,0.65552,0.222277,0.588571,0.165761,0.577129,0.159495,0.561529,0.184624,0.531719,0.148779,0.503262,0.140998,0.544382,0.178817,0.510233,0.160475,0.516852,0.157942
2020-03-03,0.655916,0.215159,0.588199,0.159919,0.577161,0.150614,0.559926,0.181036,0.528646,0.147223,0.50128,0.137035,0.54515,0.177391,0.511101,0.16011,0.517651,0.156479
2020-03-04,0.665785,0.221327,0.600559,0.164835,0.588561,0.157078,0.566886,0.184031,0.536902,0.148888,0.509681,0.139803,0.549558,0.178947,0.515731,0.160959,0.522304,0.15795
2020-03-05,0.666155,0.222975,0.603302,0.167218,0.588801,0.159485,0.567274,0.184418,0.53829,0.149707,0.510202,0.140483,0.552707,0.180834,0.518758,0.162394,0.525522,0.159955
2020-03-06,0.674434,0.231898,0.6186,0.181508,0.603715,0.175598,0.57569,0.190068,0.550588,0.157459,0.521758,0.149325,0.556087,0.183339,0.522774,0.164543,0.529536,0.163139
2020-03-09,0.704831,0.251214,0.639606,0.197463,0.638361,0.229223,0.607339,0.212742,0.565313,0.166186,0.55013,0.18738,0.571678,0.196993,0.528545,0.168243,0.54102,0.180959
2020-03-10,0.703894,0.250511,0.639103,0.196984,0.636963,0.227551,0.603722,0.213111,0.559408,0.167129,0.545788,0.187456,0.569875,0.196689,0.525029,0.167541,0.538995,0.180581
2020-03-11,0.70219,0.255055,0.646203,0.2068,0.639987,0.231367,0.607411,0.216438,0.564392,0.171525,0.552361,0.190927,0.572323,0.199225,0.526832,0.170124,0.541922,0.182804
2020-03-12,0.723072,0.286458,0.654417,0.22474,0.676576,0.280793,0.633607,0.243844,0.577172,0.183188,0.589192,0.230463,0.588464,0.216192,0.532974,0.175664,0.561513,0.204402
2020-03-13,0.745696,0.314551,0.669925,0.235244,0.711033,0.313037,0.655383,0.264164,0.589308,0.188345,0.618506,0.254354,0.600823,0.228932,0.535495,0.176533,0.576424,0.218265
2020-03-16,0.754578,0.313764,0.688721,0.237508,0.725649,0.314043,0.666056,0.265692,0.601545,0.190341,0.633109,0.257455,0.608564,0.230522,0.541961,0.177594,0.585754,0.220663
2020-03-17,0.717515,0.299696,0.671036,0.232911,0.683661,0.297058,0.644268,0.257541,0.591896,0.18774,0.610086,0.24847,0.597736,0.226413,0.539725,0.176807,0.574743,0.216469
2020-03-18,0.751206,0.30608,0.693833,0.24429,0.706908,0.296204,0.67974,0.268129,0.604274,0.193501,0.63177,0.249808,0.623247,0.236053,0.547805,0.180352,0.588557,0.218196
2020-03-19,0.807024,0.318544,0.712361,0.255306,0.722169,0.301845,0.744698,0.285118,0.618501,0.200762,0.652972,0.260475,0.672206,0.250979,0.554607,0.183926,0.600681,0.227438
2020-03-20,0.841563,0.325968,0.729023,0.265402,0.751181,0.307004,0.781963,0.295436,0.625463,0.204997,0.686654,0.269957,0.703762,0.260064,0.560508,0.187508,0.624379,0.236556
2020-03-23,0.836238,0.336807,0.736685,0.276061,0.751895,0.322369,0.781344,0.307445,0.630956,0.211493,0.694895,0.286991,0.706634,0.271202,0.563123,0.190609,0.633555,0.251449
2020-03-24,0.856172,0.361761,0.750364,0.288192,0.807594,0.330343,0.802136,0.331712,0.638851,0.217096,0.745342,0.298005,0.727891,0.290424,0.570809,0.195154,0.674169,0.261261
2020-03-25,0.849387,0.364112,0.759652,0.296491,0.805722,0.336945,0.800658,0.33604,0.65045,0.225704,0.74971,0.306349,0.73095,0.294791,0.576235,0.199835,0.682119,0.268122
2020-03-26,0.84474,0.359575,0.742873,0.289179,0.799189,0.332339,0.801161,0.335648,0.648328,0.226144,0.749778,0.306347,0.727935,0.2932,0.568783,0.197488,0.678248,0.266569
2020-03-27,0.842804,0.357975,0.74911,0.292841,0.797752,0.331015,0.798958,0.334253,0.644356,0.225326,0.747389,0.305087,0.727189,0.292116,0.572007,0.198351,0.677798,0.265588
2020-03-30,0.840424,0.356864,0.7427,0.292855,0.794821,0.329667,0.796121,0.333577,0.636956,0.222892,0.744019,0.303923,0.725736,0.291267,0.56997,0.198273,0.676175,0.264662
2020-03-31,0.829578,0.351852,0.750162,0.293649,0.783848,0.324452,0.791237,0.330559,0.646007,0.224891,0.74042,0.301462,0.722588,0.290132,0.571668,0.198313,0.674028,0.263937
2020-04-01,0.829263,0.353147,0.756144,0.300095,0.786001,0.327215,0.792399,0.332005,0.653389,0.229594,0.744571,0.304493,0.72507,0.291987,0.575571,0.199672,0.678376,0.266665
2020-04-02,0.828882,0.354225,0.761592,0.303931,0.785726,0.328829,0.792616,0.332687,0.654999,0.23065,0.745065,0.305561,0.725476,0.292219,0.576438,0.199405,0.678919,0.267025
2020-04-03,0.828414,0.354629,0.750425,0.300515,0.784669,0.329666,0.792758,0.332965,0.655028,0.23183,0.745071,0.306079,0.724883,0.291925,0.575476,0.199174,0.678107,0.266781
2020-04-06,0.833486,0.367504,0.759021,0.319739,0.792776,0.346127,0.797854,0.342132,0.66502,0.243478,0.752765,0.317716,0.728717,0.298657,0.578255,0.203871,0.683559,0.274957
2020-04-07,0.833212,0.368005,0.761531,0.323694,0.792917,0.347512,0.797926,0.342528,0.669828,0.246532,0.753152,0.318857,0.729021,0.299054,0.580977,0.205114,0.684134,0.27582
2020-04-08,0.832402,0.367046,0.761033,0.32494,0.791816,0.346696,0.79741,0.342016,0.670861,0.248323,0.752501,0.3185,0.729067,0.298891,0.582025,0.206102,0.68413,0.275772
2020-04-09,0.831285,0.368067,0.766363,0.32996,0.790921,0.348323,0.79589,0.342708,0.673375,0.251874,0.751038,0.319594,0.728437,0.299494,0.584378,0.208343,0.683695,0.276669
2020-04-10,0.828087,0.365873,0.765398,0.328881,0.787248,0.346463,0.792751,0.340323,0.66926,0.248718,0.747336,0.317465,0.726378,0.298529,0.584125,0.208134,0.681474,0.275979
2020-04-13,0.827735,0.367203,0.772039,0.338126,0.787092,0.348346,0.792978,0.342238,0.675376,0.256196,0.747961,0.319924,0.726467,0.300108,0.586886,0.212168,0.681881,0.277921
2020-04-14,0.828387,0.367841,0.777049,0.341669,0.788186,0.349292,0.793614,0.343296,0.678673,0.260125,0.748809,0.321296,0.727138,0.300896,0.590549,0.214441,0.682844,0.278935
2020-04-16,0.825985,0.365658,0.771644,0.338843,0.784748,0.34668,0.794822,0.342504,0.677114,0.259545,0.749764,0.32034,0.72462,0.299099,0.587614,0.2134,0.679799,0.276954
2020-04-17,0.825425,0.363401,0.770703,0.335923,0.784096,0.343982,0.795193,0.340942,0.682258,0.258743,0.75037,0.31857,0.724853,0.298041,0.590902,0.213133,0.680261,0.27584
2020-04-20,0.825735,0.363275,0.769413,0.33793,0.784309,0.34405,0.79607,0.341394,0.682992,0.261603,0.751461,0.319276,0.724936,0.298187,0.591352,0.21442,0.68036,0.276089
2020-04-21,0.827155,0.364627,0.773571,0.34143,0.786103,0.345519,0.796768,0.341826,0.688236,0.265245,0.75248,0.319784,0.725235,0.298271,0.593702,0.216054,0.680786,0.276278
2020-04-22,0.826075,0.36315,0.761749,0.337276,0.784039,0.343776,0.796424,0.336095,0.687811,0.26454,0.75204,0.314404,0.725203,0.294512,0.592012,0.215355,0.680634,0.272761
2020-04-23,0.826369,0.36294,0.763806,0.337493,0.78448,0.343687,0.79635,0.336202,0.6853,0.26459,0.751959,0.314647,0.725851,0.29479,0.593382,0.216123,0.681344,0.273131
2020-04-24,0.827016,0.363376,0.768179,0.339782,0.78529,0.344036,0.796343,0.335661,0.690418,0.266127,0.752285,0.314022,0.725943,0.294452,0.596323,0.216766,0.681664,0.272765
2020-04-27,0.821743,0.360789,0.767996,0.339275,0.780202,0.341563,0.792367,0.332734,0.695421,0.266498,0.748734,0.310972,0.723512,0.292282,0.599826,0.217157,0.679698,0.270631
2020-04-28,0.822274,0.359846,0.771146,0.339388,0.781245,0.340789,0.791502,0.331944,0.690928,0.264526,0.74765,0.310135,0.723369,0.291451,0.598789,0.216748,0.679534,0.269871
2020-04-29,0.822222,0.361248,0.770005,0.34068,0.781457,0.342595,0.790655,0.332,0.689065,0.265595,0.746551,0.310293,0.723535,0.291255,0.599815,0.217523,0.679722,0.269732
2020-05-04,0.822587,0.359995,0.778644,0.342785,0.782327,0.341462,0.790943,0.33076,0.693553,0.265909,0.747322,0.309082,0.723756,0.290139,0.601382,0.217077,0.680256,0.26866
2020-05-06,0.822926,0.35978,0.776068,0.342249,0.782338,0.341539,0.79162,0.331313,0.697813,0.268763,0.748366,0.310046,0.723821,0.290509,0.600445,0.217427,0.680184,0.269195
2020-05-07,0.822556,0.359083,0.774815,0.34107,0.781773,0.340686,0.791904,0.331177,0.699126,0.268562,0.748727,0.309906,0.723422,0.290022,0.599564,0.216975,0.679733,0.268691
2020-05-08,0.822261,0.361081,0.777755,0.346152,0.781816,0.343384,0.7917,0.332823,0.701735,0.273747,0.748809,0.312054,0.723471,0.291511,0.602097,0.22063,0.680032,0.270519
2020-05-11,0.82292,0.361372,0.779114,0.347588,0.782727,0.343843,0.791698,0.333073,0.702908,0.274777,0.748821,0.312336,0.723417,0.29139,0.602032,0.220459,0.679971,0.270421
2020-05-12,0.822801,0.361091,0.782021,0.347975,0.782632,0.343471,0.791043,0.332686,0.701139,0.273897,0.748038,0.311891,0.723055,0.29193,0.601614,0.220197,0.679576,0.270836
2020-05-13,0.821331,0.360027,0.780719,0.345874,0.780298,0.342039,0.789284,0.331184,0.700075,0.271458,0.745558,0.310006,0.722012,0.291178,0.601109,0.219058,0.678172,0.269904
2020-05-14,0.821742,0.359613,0.784682,0.345946,0.781048,0.341715,0.789006,0.330976,0.700088,0.272248,0.745258,0.309832,0.720805,0.290958,0.598498,0.218247,0.676449,0.269644
2020-05-15,0.821307,0.360725,0.782596,0.347978,0.780559,0.343161,0.788482,0.331281,0.699013,0.2739,0.744672,0.31029,0.720744,0.291595,0.599312,0.219877,0.676412,0.270405
2020-05-18,0.818945,0.360208,0.772616,0.345292,0.777016,0.342384,0.78755,0.331209,0.696088,0.27388,0.743295,0.310212,0.718747,0.290705,0.593895,0.217336,0.67373,0.269358
2020-05-19,0.81237,0.357275,0.767536,0.343313,0.770049,0.339234,0.783724,0.329647,0.695781,0.273884,0.739519,0.308649,0.716012,0.290012,0.594936,0.218575,0.671406,0.268833
2020-05-20,0.810895,0.355992,0.762195,0.342508,0.768086,0.337819,0.781808,0.329026,0.687408,0.271909,0.736779,0.307896,0.714466,0.288994,0.591241,0.216301,0.669488,0.26763
2020-05-21,0.810583,0.356647,0.753836,0.34278,0.76734,0.338744,0.78207,0.328739,0.687798,0.271373,0.737102,0.307628,0.714658,0.289199,0.590324,0.216758,0.669609,0.267898
2020-05-22,0.807185,0.360557,0.74999,0.351476,0.761248,0.343262,0.782,0.330181,0.689812,0.277445,0.737013,0.309345,0.714952,0.290247,0.592676,0.220035,0.670086,0.269104
2020-05-25,0.806868,0.362043,0.747916,0.355189,0.760464,0.345214,0.782383,0.331039,0.693031,0.280416,0.737497,0.310399,0.716038,0.291204,0.59614,0.221973,0.671303,0.270154
2020-05-26,0.807647,0.362884,0.748867,0.3553,0.761835,0.346195,0.782955,0.331147,0.697372,0.282546,0.738511,0.310583,0.717066,0.291923,0.600092,0.224019,0.672739,0.270986
2020-05-27,0.804941,0.361747,0.738898,0.351758,0.757871,0.344834,0.779713,0.329881,0.690927,0.281457,0.734256,0.309122,0.714539,0.290941,0.597473,0.223508,0.669675,0.269881
2020-05-28,0.799333,0.353015,0.723692,0.337736,0.749747,0.333509,0.77629,0.32838,0.683179,0.277349,0.730069,0.307137,0.712986,0.289904,0.596161,0.221812,0.667925,0.268622
2020-05-29,0.802445,0.352924,0.728038,0.339859,0.754143,0.333802,0.775341,0.328045,0.681356,0.276906,0.729031,0.306745,0.712762,0.28976,0.596043,0.221651,0.667709,0.268467
2020-06-01,0.802922,0.354242,0.730025,0.341737,0.755224,0.335911,0.776297,0.328289,0.684983,0.277809,0.730638,0.307235,0.714624,0.290707,0.600835,0.223926,0.670199,0.269709
2020-06-02,0.801212,0.353858,0.726239,0.340352,0.753488,0.335277,0.775579,0.327866,0.684622,0.277869,0.73021,0.306874,0.714606,0.290184,0.603425,0.224057,0.670411,0.2692
2020-06-03,0.792542,0.347633,0.72041,0.334853,0.742255,0.327595,0.768635,0.32367,0.681349,0.276166,0.72197,0.30191,0.709132,0.287222,0.598952,0.222609,0.664184,0.265829
2020-06-04,0.789308,0.347023,0.705744,0.33082,0.737717,0.326587,0.767721,0.323783,0.678313,0.276711,0.720969,0.3021,0.707883,0.287096,0.596955,0.222953,0.662791,0.265714
2020-06-05,0.785478,0.346483,0.692532,0.323912,0.730704,0.324399,0.768342,0.323771,0.681772,0.277474,0.721898,0.302126,0.709516,0.287534,0.600904,0.223945,0.664714,0.266163
2020-06-08,0.786849,0.346397,0.697131,0.324949,0.732582,0.324494,0.768639,0.323496,0.682296,0.277154,0.722258,0.301829,0.709363,0.287838,0.599535,0.224323,0.664519,0.266511
2020-06-09,0.786749,0.344362,0.688145,0.317365,0.730922,0.321646,0.767998,0.323262,0.681897,0.276955,0.721549,0.301623,0.709111,0.288015,0.599113,0.224403,0.664283,0.266719
2020-06-10,0.779206,0.334438,0.668583,0.304317,0.717625,0.307785,0.76626,0.322426,0.676854,0.27579,0.719375,0.300691,0.70847,0.28791,0.598152,0.224417,0.663619,0.266691
2020-06-11,0.768639,0.326983,0.64874,0.296785,0.700073,0.294927,0.763939,0.321199,0.674888,0.275119,0.716743,0.299344,0.706287,0.28701,0.597006,0.223809,0.661312,0.265722
2020-06-12,0.764207,0.332796,0.636401,0.301382,0.692627,0.300595,0.763616,0.322905,0.676868,0.278976,0.716675,0.301293,0.705981,0.287797,0.597034,0.224261,0.661119,0.266627
2020-06-15,0.788619,0.34964,0.668658,0.324599,0.732079,0.323365,0.772447,0.329118,0.686381,0.2883,0.730448,0.309307,0.7146,0.293515,0.60201,0.229771,0.673282,0.273646
2020-06-16,0.78611,0.354717,0.668391,0.3273,0.725971,0.329652,0.781434,0.333987,0.697084,0.293949,0.743542,0.315728,0.723371,0.298632,0.607798,0.233193,0.685105,0.279973
2020-06-17,0.74465,0.344034,0.646914,0.320753,0.679563,0.324085,0.780276,0.333595,0.695271,0.29259,0.742048,0.315191,0.722565,0.298359,0.607032,0.232717,0.684122,0.279672
2020-06-18,0.711934,0.34122,0.631705,0.314993,0.662783,0.303157,0.780279,0.333587,0.696531,0.292995,0.742059,0.315216,0.722682,0.298514,0.606928,0.233375,0.684243,0.279874
2020-06-19,0.699052,0.32321,0.621514,0.306537,0.631619,0.288454,0.780746,0.333652,0.697524,0.293247,0.742603,0.315303,0.722619,0.298453,0.606448,0.233253,0.684163,0.279814
2020-06-22,0.658844,0.300565,0.595882,0.294972,0.603861,0.273904,0.779508,0.333153,0.692501,0.292119,0.741111,0.314787,0.721658,0.298076,0.604623,0.232795,0.683113,0.279425
2020-06-23,0.641533,0.290094,0.576327,0.281789,0.532663,0.240873,0.779406,0.333032,0.690479,0.29105,0.740986,0.314624,0.72128,0.297801,0.603018,0.231735,0.682677,0.279116
2020-06-24,0.644468,0.296073,0.580278,0.284159,0.536068,0.245766,0.7782,0.332443,0.687158,0.289322,0.739519,0.313946,0.720956,0.297281,0.604053,0.231178,0.68236,0.278489
2020-06-25,0.651269,0.301537,0.594177,0.293271,0.546892,0.253452,0.778492,0.333318,0.693004,0.294023,0.740172,0.315078,0.721174,0.298085,0.60646,0.233617,0.68282,0.279455
2020-06-26,0.654289,0.301255,0.5954,0.292228,0.550475,0.253151,0.778414,0.333916,0.689908,0.294254,0.740019,0.315764,0.721248,0.297981,0.606861,0.233665,0.682917,0.279362
2020-06-29,0.673315,0.31631,0.60791,0.306943,0.569351,0.270308,0.77983,0.335613,0.695775,0.300801,0.741976,0.31775,0.722322,0.299513,0.610879,0.236983,0.684373,0.281105
2020-06-30,0.654444,0.313557,0.58428,0.30149,0.523827,0.259326,0.779415,0.336706,0.690527,0.301169,0.741218,0.318899,0.722103,0.299533,0.610687,0.237327,0.684147,0.281135
2020-07-01,0.649868,0.309117,0.574672,0.295226,0.516595,0.253801,0.777705,0.335987,0.687146,0.300203,0.739266,0.318056,0.722801,0.299381,0.610902,0.236954,0.684917,0.281006
2020-07-02,0.652425,0.310551,0.580955,0.299466,0.521123,0.256395,0.777531,0.336405,0.683259,0.299512,0.738838,0.31856,0.72314,0.299651,0.612032,0.238077,0.685346,0.281368
2020-07-03,0.636266,0.289369,0.562031,0.280083,0.487936,0.225771,0.778447,0.338225,0.681489,0.301343,0.739727,0.320563,0.72362,0.300236,0.612873,0.238273,0.685835,0.28193
2020-07-06,0.636038,0.282445,0.561303,0.278655,0.486753,0.217957,0.778475,0.336328,0.682012,0.301103,0.739966,0.318834,0.723555,0.298781,0.613558,0.238563,0.685856,0.280594
2020-07-07,0.636382,0.283102,0.563309,0.277687,0.486006,0.217417,0.778443,0.335861,0.683059,0.300679,0.739945,0.318332,0.723858,0.298877,0.614389,0.238596,0.686225,0.280647
2020-07-08,0.63817,0.28122,0.56088,0.272069,0.486763,0.213673,0.778841,0.336027,0.684284,0.301336,0.740381,0.318495,0.724721,0.29897,0.615017,0.238625,0.687141,0.280766
2020-07-09,0.645197,0.283108,0.567516,0.274724,0.494771,0.215357,0.779145,0.33611,0.685001,0.301275,0.740732,0.3186,0.725007,0.299003,0.615576,0.238947,0.68745,0.280819
2020-07-10,0.641941,0.276617,0.56173,0.265379,0.485878,0.205464,0.778889,0.336077,0.68749,0.303194,0.740514,0.318591,0.723959,0.299007,0.61192,0.238405,0.685995,0.280744
2020-07-13,0.639531,0.274358,0.559386,0.262101,0.482785,0.202048,0.778487,0.335933,0.688599,0.303594,0.740285,0.318507,0.724574,0.299035,0.612756,0.238564,0.686691,0.280787
2020-07-14,0.64757,0.27865,0.569611,0.269309,0.492869,0.206881,0.779001,0.336168,0.690483,0.305409,0.740852,0.318794,0.724572,0.299134,0.612684,0.239149,0.686676,0.280899
2020-07-15,0.644251,0.281008,0.561736,0.268996,0.486879,0.208896,0.777571,0.335584,0.685217,0.303337,0.739182,0.318106,0.723551,0.298427,0.610121,0.237617,0.685552,0.280082
2020-07-16,0.642708,0.27566,0.558624,0.263602,0.485987,0.203361,0.777141,0.334124,0.684068,0.302957,0.738631,0.316734,0.723249,0.297383,0.609707,0.237137,0.68525,0.27906
2020-07-17,0.638115,0.27242,0.547128,0.256737,0.479874,0.199164,0.776961,0.334228,0.683257,0.302319,0.738471,0.316806,0.72286,0.297154,0.610313,0.237208,0.68492,0.278859
2020-07-20,0.637605,0.274364,0.542832,0.253589,0.479463,0.198399,0.775077,0.336281,0.67339,0.299071,0.735744,0.318614,0.722529,0.296917,0.610043,0.237055,0.684567,0.27863
2020-07-21,0.635767,0.271119,0.540857,0.251135,0.477497,0.194785,0.77475,0.335355,0.673573,0.298332,0.735396,0.317576,0.722557,0.296583,0.610209,0.237117,0.684601,0.278249
2020-07-22,0.625097,0.269201,0.5186,0.244255,0.457803,0.191003,0.773078,0.334943,0.66813,0.297291,0.733199,0.317113,0.720958,0.295991,0.60781,0.23612,0.68277,0.277586
2020-07-23,0.62537,0.275288,0.5044,0.243619,0.450316,0.194897,0.771541,0.335127,0.660737,0.296572,0.7312,0.317383,0.719692,0.295057,0.604014,0.233991,0.681265,0.27652
2020-07-24,0.630153,0.281839,0.520998,0.252939,0.460403,0.204346,0.772825,0.335704,0.667995,0.300046,0.732918,0.318184,0.720007,0.295378,0.606819,0.235745,0.681684,0.276913
2020-07-27,0.629272,0.280566,0.522312,0.251304,0.459891,0.202799,0.772365,0.336026,0.667352,0.300286,0.732415,0.318555,0.719773,0.295154,0.607989,0.235763,0.681431,0.27672
2020-07-28,0.618756,0.282719,0.50143,0.246386,0.435544,0.201377,0.772247,0.336027,0.667545,0.300591,0.732219,0.318535,0.719651,0.29524,0.607355,0.236433,0.681255,0.276832
2020-07-29,0.614208,0.283864,0.490539,0.238889,0.428358,0.199573,0.770534,0.334883,0.66007,0.297654,0.729814,0.317234,0.718987,0.295149,0.604825,0.236291,0.680533,0.276785
2020-07-30,0.613305,0.284843,0.490768,0.241035,0.427573,0.200622,0.769432,0.334551,0.657891,0.297298,0.728524,0.316847,0.718102,0.295068,0.602725,0.236282,0.679543,0.276706
2020-07-31,0.611855,0.276035,0.48608,0.228844,0.423786,0.188126,0.768974,0.334108,0.658272,0.297062,0.727951,0.31629,0.716909,0.29427,0.598627,0.23399,0.677886,0.275742
2020-08-03,0.604622,0.272907,0.475532,0.224204,0.415436,0.184405,0.76749,0.333709,0.65518,0.296471,0.725948,0.315767,0.715421,0.293656,0.597152,0.233255,0.676032,0.275016
2020-08-04,0.602394,0.273803,0.46658,0.223271,0.410592,0.184925,0.767391,0.333731,0.655826,0.296834,0.725942,0.31583,0.715378,0.293753,0.598012,0.234102,0.676056,0.275141
2020-08-05,0.604672,0.278241,0.470946,0.226384,0.418814,0.19218,0.766503,0.333614,0.655505,0.297352,0.725052,0.31585,0.714915,0.293664,0.598266,0.233886,0.675613,0.275105
2020-08-06,0.600642,0.277673,0.459698,0.220998,0.413816,0.190397,0.765874,0.33282,0.656029,0.296166,0.724486,0.314963,0.714923,0.293377,0.597775,0.232855,0.675408,0.274718
2020-08-07,0.59597,0.274746,0.461258,0.218209,0.410105,0.187153,0.763817,0.332256,0.654097,0.296338,0.721781,0.314195,0.716104,0.29641,0.593425,0.232739,0.674984,0.27756
2020-08-10,0.589771,0.271579,0.460222,0.218681,0.404445,0.18436,0.758922,0.330015,0.64729,0.293882,0.716394,0.311784,0.711819,0.294516,0.588679,0.230609,0.670278,0.275513
2020-08-11,0.588268,0.270288,0.451615,0.212764,0.395662,0.179663,0.757159,0.32886,0.644282,0.292527,0.714438,0.310581,0.711606,0.293936,0.589466,0.230466,0.670144,0.274916
2020-08-12,0.587623,0.275898,0.452331,0.219658,0.39529,0.188416,0.755103,0.328178,0.640601,0.294316,0.712126,0.310283,0.709974,0.293662,0.586176,0.230615,0.668186,0.27485
2020-08-13,0.585672,0.276748,0.448289,0.219798,0.392074,0.188617,0.753805,0.329034,0.632326,0.294335,0.710227,0.311208,0.709835,0.293864,0.585861,0.230964,0.668011,0.275067
2020-08-14,0.585659,0.273185,0.444928,0.214156,0.396331,0.184422,0.749424,0.330615,0.626895,0.296296,0.703931,0.312713,0.709987,0.293709,0.588476,0.231663,0.66839,0.274915
2020-08-18,0.607976,0.259848,0.468308,0.203638,0.443968,0.172934,0.752251,0.32783,0.634129,0.295589,0.708042,0.309773,0.712267,0.292071,0.591298,0.23104,0.671598,0.273242
2020-08-19,0.604309,0.258277,0.462627,0.198668,0.435694,0.169626,0.752752,0.328384,0.634151,0.294933,0.708702,0.310381,0.712614,0.292053,0.592283,0.230556,0.672035,0.273233
2020-08-20,0.631798,0.278223,0.493173,0.221003,0.488763,0.200319,0.756101,0.332213,0.640497,0.301378,0.713639,0.315047,0.71485,0.295209,0.595155,0.234885,0.675366,0.276963
2020-08-21,0.636986,0.287006,0.492183,0.2262,0.493985,0.210328,0.753439,0.326821,0.630608,0.293584,0.709777,0.308722,0.71487,0.295081,0.595719,0.234865,0.675435,0.276848
2020-08-24,0.639171,0.289622,0.500097,0.228847,0.498569,0.213445,0.756437,0.326767,0.635139,0.29488,0.713539,0.308938,0.715193,0.295246,0.596846,0.235403,0.675855,0.277061
2020-08-25,0.638806,0.286365,0.497089,0.222268,0.495147,0.208376,0.75706,0.327541,0.637255,0.29498,0.714452,0.309904,0.716012,0.295138,0.600197,0.235742,0.676936,0.276955
2020-08-26,0.639321,0.287119,0.49312,0.223141,0.493165,0.208355,0.756194,0.327682,0.634697,0.294672,0.713314,0.309858,0.715618,0.295042,0.598324,0.235445,0.676431,0.276849
2020-08-27,0.661037,0.30159,0.517725,0.231877,0.515683,0.223261,0.756892,0.326499,0.640475,0.295334,0.714206,0.308674,0.716038,0.294823,0.601301,0.235832,0.677003,0.276621
2020-08-28,0.665459,0.300392,0.52162,0.229235,0.520663,0.222538,0.755639,0.325496,0.632251,0.291449,0.712441,0.307435,0.715825,0.29557,0.597788,0.234078,0.676256,0.277233
2020-08-31,0.6607,0.299228,0.51499,0.229615,0.51166,0.221032,0.75129,0.325539,0.623396,0.286974,0.705968,0.30634,0.715491,0.295494,0.597708,0.233985,0.675904,0.277136
2020-09-01,0.660888,0.299285,0.515768,0.228938,0.512693,0.221841,0.752157,0.324833,0.625095,0.287075,0.707077,0.305708,0.715614,0.295316,0.596424,0.233025,0.67582,0.27689
2020-09-02,0.661363,0.299253,0.51269,0.227305,0.512937,0.222141,0.751974,0.323281,0.618122,0.2821,0.706009,0.303695,0.715356,0.295132,0.59549,0.23295,0.675533,0.276713
2020-09-03,0.662544,0.297423,0.512013,0.225016,0.513736,0.220172,0.74598,0.315708,0.605928,0.273763,0.696911,0.294148,0.71462,0.294969,0.592624,0.231901,0.674573,0.276521
2020-09-04,0.675523,0.304949,0.526881,0.2383,0.530683,0.232857,0.740672,0.311214,0.601053,0.275445,0.688706,0.287062,0.71519,0.295392,0.59599,0.23493,0.675331,0.276994
2020-09-07,0.672846,0.29452,0.513441,0.224029,0.523751,0.216199,0.73659,0.311276,0.588583,0.27252,0.682485,0.286476,0.714439,0.294493,0.59428,0.23371,0.674471,0.275989
2020-09-08,0.602196,0.258066,0.48291,0.196897,0.471008,0.184267,0.744759,0.315035,0.594075,0.275473,0.691715,0.290553,0.714131,0.294425,0.592619,0.233294,0.674052,0.275892
2020-09-09,0.524377,0.220479,0.469055,0.191877,0.462916,0.182952,0.733414,0.315128,0.588082,0.274943,0.673282,0.289683,0.714649,0.295063,0.595162,0.235404,0.6748,0.276677
2020-09-10,0.531337,0.224004,0.473095,0.197644,0.469892,0.186757,0.695541,0.304619,0.576626,0.272308,0.634383,0.28367,0.715022,0.295244,0.596092,0.236033,0.675231,0.276847
2020-09-11,0.52978,0.223199,0.466802,0.195088,0.467661,0.185807,0.663971,0.300076,0.565933,0.268036,0.620695,0.268629,0.715374,0.295298,0.597013,0.236582,0.675628,0.276918
2020-09-14,0.531377,0.224201,0.469075,0.195869,0.469846,0.187323,0.652599,0.286782,0.559478,0.262916,0.595554,0.256863,0.715812,0.295509,0.599472,0.237278,0.676247,0.27718
2020-09-15,0.539304,0.227518,0.475702,0.198579,0.478004,0.190751,0.619547,0.268191,0.54735,0.256803,0.574949,0.245506,0.715864,0.295955,0.598739,0.238046,0.676238,0.277661
2020-09-16,0.53922,0.225854,0.479223,0.199322,0.478401,0.189123,0.60216,0.257691,0.536848,0.248496,0.53097,0.225929,0.715508,0.296089,0.59852,0.237711,0.675794,0.277692
2020-09-17,0.539165,0.227563,0.486278,0.20593,0.479761,0.19314,0.605076,0.262244,0.542951,0.253138,0.534544,0.230628,0.715027,0.29614,0.598893,0.239254,0.675323,0.277804
2020-09-18,0.526452,0.222365,0.466549,0.196641,0.413122,0.197729,0.605202,0.263484,0.539647,0.252034,0.534009,0.231662,0.714719,0.296258,0.598014,0.239232,0.675001,0.277934
2020-09-21,0.529422,0.227199,0.477801,0.208871,0.420868,0.204749,0.608088,0.26535,0.545621,0.255833,0.537694,0.234096,0.714187,0.296534,0.598529,0.240904,0.674564,0.278298
2020-09-22,0.53386,0.221544,0.478428,0.201735,0.457219,0.180764,0.620092,0.271709,0.552778,0.260384,0.549829,0.240671,0.7155,0.297484,0.603171,0.243314,0.676463,0.279527
2020-09-23,0.529936,0.217737,0.477779,0.198434,0.453382,0.177316,0.604311,0.268186,0.539032,0.255854,0.525044,0.234369,0.715182,0.297145,0.602102,0.242629,0.675964,0.279131
2020-09-24,0.571586,0.227357,0.510282,0.210159,0.514347,0.192695,0.615036,0.270036,0.547178,0.257636,0.541983,0.237926,0.718707,0.298662,0.607459,0.244836,0.680597,0.281021
2020-09-25,0.567281,0.220692,0.502447,0.203403,0.509408,0.185577,0.615808,0.269929,0.547232,0.257624,0.542818,0.237762,0.718561,0.298289,0.604581,0.243385,0.680419,0.280629
2020-09-28,0.572827,0.227425,0.516101,0.211276,0.516724,0.193574,0.606148,0.257564,0.541186,0.249886,0.529164,0.222915,0.719115,0.299125,0.607764,0.245328,0.681235,0.281606
2020-09-29,0.573934,0.230137,0.518305,0.215821,0.517621,0.195726,0.606666,0.256916,0.541998,0.250698,0.529447,0.221861,0.719434,0.299239,0.607249,0.245226,0.681578,0.281742
2020-10-05,0.5734,0.225674,0.514675,0.21364,0.517284,0.191841,0.605611,0.256174,0.540531,0.247895,0.528666,0.220885,0.718869,0.298242,0.608721,0.244299,0.681082,0.280695
2020-10-06,0.573387,0.224947,0.513864,0.211603,0.517327,0.1911,0.605578,0.253579,0.539477,0.243746,0.528208,0.217579,0.720418,0.298924,0.609685,0.244602,0.682651,0.281376
2020-10-07,0.575332,0.223921,0.514845,0.210554,0.519314,0.190473,0.609834,0.254207,0.54305,0.244675,0.532651,0.218086,0.719718,0.298772,0.605729,0.243562,0.681678,0.281185
2020-10-08,0.574823,0.221506,0.503492,0.203148,0.516557,0.186665,0.606531,0.249704,0.533995,0.236327,0.527322,0.212584,0.719489,0.299101,0.603518,0.242173,0.681385,0.281373
2020-10-12,0.571671,0.217733,0.498416,0.198135,0.512761,0.183581,0.604823,0.248068,0.530199,0.233304,0.524822,0.210509,0.721442,0.299917,0.604676,0.242701,0.68349,0.282212
2020-10-13,0.570284,0.212911,0.494868,0.190995,0.511124,0.179345,0.609102,0.247917,0.535298,0.234474,0.529574,0.210397,0.721235,0.299945,0.603944,0.242637,0.683246,0.282114
2020-10-14,0.578437,0.215214,0.516661,0.200514,0.522676,0.183048,0.61145,0.25052,0.54157,0.239176,0.532412,0.213344,0.721729,0.300398,0.605319,0.243928,0.683842,0.282635
2020-10-15,0.574988,0.215375,0.513713,0.19961,0.519377,0.182836,0.608965,0.248051,0.537512,0.235324,0.529817,0.210759,0.721103,0.300034,0.605128,0.243933,0.683158,0.282249
2020-10-16,0.577357,0.21588,0.523363,0.203969,0.523094,0.183631,0.608259,0.247174,0.535718,0.233966,0.528842,0.209601,0.721505,0.300288,0.60659,0.244913,0.683568,0.282506
2020-10-19,0.569442,0.214264,0.519288,0.203515,0.515218,0.182017,0.604847,0.248849,0.532748,0.232924,0.525324,0.210069,0.719957,0.299852,0.604992,0.244636,0.681806,0.282014
2020-10-20,0.569385,0.213399,0.520446,0.203738,0.515423,0.181579,0.604034,0.247763,0.531556,0.231774,0.52438,0.208833,0.719623,0.299633,0.604417,0.244485,0.681439,0.281768
2020-10-21,0.577372,0.216598,0.524076,0.205336,0.524165,0.184995,0.600766,0.248564,0.522123,0.229824,0.51953,0.209437,0.719462,0.299643,0.603257,0.244037,0.681251,0.281785
2020-10-22,0.57093,0.214258,0.521119,0.203984,0.517922,0.183317,0.597705,0.25135,0.51177,0.228749,0.514015,0.211467,0.717123,0.298705,0.599017,0.242272,0.678666,0.28076
2020-10-23,0.562632,0.210383,0.501748,0.194274,0.506494,0.177172,0.596014,0.25335,0.510255,0.228345,0.512196,0.213167,0.716559,0.298392,0.598287,0.2419,0.67807,0.280407
2020-10-26,0.568803,0.221182,0.514471,0.20909,0.516873,0.190811,0.597271,0.256316,0.515998,0.233777,0.515295,0.216872,0.715757,0.299363,0.598699,0.244885,0.677354,0.281545
2020-10-27,0.562937,0.217891,0.509885,0.205868,0.511583,0.187807,0.590104,0.258503,0.502874,0.231212,0.505089,0.218389,0.717172,0.299872,0.598407,0.24499,0.678863,0.282082
2020-10-28,0.568294,0.221014,0.518152,0.208373,0.517354,0.191,0.590546,0.259119,0.503282,0.228088,0.505749,0.217807,0.717653,0.299792,0.600693,0.244921,0.679513,0.282049
2020-10-29,0.558896,0.216472,0.509375,0.206632,0.506823,0.187072,0.586887,0.258593,0.500007,0.228713,0.501778,0.217343,0.716327,0.299376,0.598163,0.244819,0.67805,0.281629
2020-10-30,0.575633,0.234177,0.529557,0.227061,0.528578,0.197517,0.592905,0.26172,0.50874,0.23288,0.510438,0.221632,0.717943,0.301646,0.603699,0.249846,0.680276,0.284198
2020-11-02,0.587395,0.234709,0.544271,0.228971,0.542235,0.19915,0.593932,0.260345,0.510197,0.231576,0.512328,0.220571,0.718023,0.300934,0.605545,0.249333,0.68053,0.28357
2020-11-03,0.591102,0.238951,0.549182,0.232243,0.546656,0.204094,0.595861,0.262837,0.510929,0.234605,0.515366,0.223859,0.718199,0.301314,0.606041,0.250224,0.68087,0.284063
2020-11-04,0.58445,0.239957,0.539419,0.23346,0.539212,0.204829,0.594028,0.264346,0.507814,0.236707,0.513083,0.225697,0.71688,0.301107,0.603899,0.250631,0.679426,0.283843
2020-11-05,0.590042,0.24849,0.546006,0.243347,0.545198,0.21409,0.595767,0.268339,0.506828,0.239604,0.51551,0.230225,0.717673,0.302038,0.606649,0.252629,0.680464,0.284928
2020-11-06,0.598911,0.252184,0.550728,0.246407,0.554914,0.218521,0.595812,0.267898,0.508108,0.238947,0.515519,0.229533,0.717052,0.302303,0.605065,0.252837,0.679744,0.285182
2020-11-09,0.608845,0.259714,0.556971,0.255504,0.564733,0.225909,0.599508,0.26998,0.512392,0.241717,0.519842,0.231877,0.717152,0.302554,0.605774,0.253993,0.679873,0.285489
2020-11-10,0.599072,0.252241,0.547998,0.250591,0.554109,0.219489,0.59383,0.266091,0.504593,0.237352,0.511614,0.227108,0.714323,0.300724,0.601232,0.252061,0.676741,0.283655
2020-11-11,0.603067,0.251569,0.550899,0.246864,0.558513,0.217204,0.594973,0.265607,0.505343,0.236474,0.513116,0.22674,0.713388,0.299952,0.600452,0.251301,0.675717,0.282846
2020-11-12,0.603105,0.250349,0.554862,0.246812,0.559361,0.216192,0.594759,0.265721,0.506189,0.237196,0.513016,0.226665,0.713685,0.300001,0.601885,0.251813,0.676079,0.282889
2020-11-13,0.59542,0.249311,0.539449,0.244418,0.548054,0.214188,0.590947,0.26307,0.497189,0.232858,0.507698,0.223307,0.713267,0.299721,0.600488,0.251492,0.675581,0.28259
2020-11-16,0.564359,0.261539,0.515374,0.250845,0.502815,0.224152,0.58739,0.259446,0.494281,0.228721,0.503944,0.219271,0.712274,0.299708,0.60039,0.251928,0.674481,0.282547
2020-11-17,0.562459,0.261163,0.514317,0.252305,0.501273,0.224117,0.584376,0.258329,0.489165,0.226751,0.499191,0.217561,0.71189,0.299817,0.598336,0.251828,0.674005,0.282665
2020-11-18,0.521658,0.240635,0.49031,0.236667,0.471183,0.212673,0.588459,0.259311,0.491913,0.227212,0.503665,0.218579,0.711624,0.299417,0.597721,0.251029,0.673732,0.282243
2020-11-19,0.516138,0.240167,0.483172,0.232397,0.465574,0.211865,0.590205,0.264201,0.489607,0.229068,0.50505,0.223464,0.710912,0.299689,0.595737,0.250986,0.672928,0.282549
2020-11-20,0.515029,0.239458,0.478802,0.231473,0.464269,0.211125,0.591158,0.265174,0.491212,0.230158,0.506005,0.224374,0.710787,0.299649,0.59498,0.250717,0.672793,0.282508
2020-11-23,0.503257,0.237233,0.464331,0.230546,0.451032,0.208641,0.58696,0.262526,0.483695,0.22648,0.49968,0.22096,0.710722,0.299672,0.594808,0.250953,0.672706,0.28253
2020-11-24,0.503693,0.235868,0.463778,0.229984,0.45061,0.207399,0.585313,0.261724,0.479134,0.225272,0.496769,0.21973,0.710663,0.299598,0.593303,0.250216,0.672526,0.282457
2020-11-25,0.494588,0.234989,0.44476,0.22715,0.438168,0.205833,0.591817,0.266972,0.479976,0.227079,0.501246,0.224476,0.709517,0.299499,0.589206,0.249658,0.671089,0.282353
2020-11-26,0.490559,0.234973,0.43926,0.22584,0.433917,0.205688,0.59419,0.267394,0.481117,0.226395,0.503637,0.224768,0.709236,0.299388,0.588619,0.249318,0.670782,0.282222
2020-11-27,0.490731,0.236071,0.435418,0.226408,0.43329,0.206742,0.591553,0.266722,0.4759,0.225488,0.499997,0.223988,0.708591,0.299519,0.586192,0.249366,0.669962,0.282327
2020-11-30,0.490126,0.237615,0.441466,0.229982,0.436601,0.209936,0.5912,0.267897,0.480621,0.228738,0.500782,0.225591,0.7084,0.29952,0.588376,0.250511,0.66987,0.282394
2020-12-01,0.495849,0.243902,0.450923,0.238735,0.443481,0.217042,0.593226,0.270661,0.484034,0.23247,0.50388,0.229019,0.708349,0.299947,0.589521,0.252032,0.66991,0.282912
2020-12-02,0.502527,0.245276,0.458877,0.239195,0.450668,0.218464,0.596324,0.270813,0.488738,0.23234,0.507786,0.229255,0.708631,0.299953,0.589824,0.25172,0.670244,0.282943
2020-12-03,0.492993,0.238089,0.442376,0.22755,0.437946,0.209074,0.600583,0.273248,0.488203,0.233049,0.511912,0.231781,0.70741,0.299474,0.585737,0.250273,0.668815,0.282436
2020-12-04,0.494014,0.240932,0.444632,0.231458,0.439416,0.211189,0.598349,0.269265,0.483363,0.227629,0.50843,0.226008,0.706682,0.299311,0.585655,0.250226,0.668087,0.282239
2020-12-07,0.485876,0.238407,0.440698,0.230406,0.430878,0.208595,0.547139,0.247408,0.466002,0.214835,0.477625,0.210294,0.704516,0.29842,0.582915,0.248872,0.665739,0.281255
2020-12-08,0.486886,0.228992,0.443674,0.222334,0.435,0.197515,0.504323,0.221253,0.459933,0.208264,0.468547,0.1974,0.703246,0.297641,0.584509,0.249597,0.66482,0.280515
2020-12-09,0.490828,0.227156,0.449963,0.219421,0.439525,0.19571,0.509556,0.222169,0.465623,0.209462,0.474084,0.198471,0.703732,0.297592,0.586357,0.249859,0.665447,0.280498
2020-12-10,0.487372,0.224925,0.442281,0.214305,0.435149,0.193215,0.507037,0.22088,0.458843,0.20603,0.471075,0.197084,0.703887,0.297538,0.585252,0.249557,0.665628,0.280472
2020-12-11,0.483796,0.223608,0.436586,0.211488,0.430935,0.191628,0.506344,0.220843,0.457451,0.205821,0.470282,0.197075,0.703608,0.297465,0.585182,0.249642,0.665311,0.280394
2020-12-14,0.48476,0.222198,0.443813,0.211772,0.43314,0.190567,0.510003,0.221887,0.464557,0.208024,0.474263,0.198206,0.703731,0.297326,0.586225,0.249744,0.665449,0.280237
2020-12-15,0.485621,0.22337,0.443556,0.212373,0.434003,0.191709,0.51049,0.221942,0.46561,0.208566,0.474842,0.198317,0.7036,0.297219,0.586384,0.249724,0.665297,0.280123
2020-12-16,0.48728,0.221745,0.441239,0.2076,0.434719,0.188604,0.510566,0.221749,0.465753,0.208244,0.474885,0.198149,0.702994,0.296847,0.584176,0.249339,0.664531,0.279728
2020-12-17,0.485622,0.221221,0.441592,0.206943,0.433188,0.188115,0.502933,0.217045,0.455435,0.203907,0.465015,0.19214,0.702778,0.296631,0.583365,0.249357,0.664198,0.279512
2020-12-18,0.485034,0.217618,0.435503,0.197733,0.431449,0.182625,0.503395,0.217109,0.457608,0.204157,0.465583,0.192133,0.702911,0.296775,0.583807,0.249505,0.664352,0.279661
2020-12-21,0.457716,0.208039,0.405542,0.18826,0.358761,0.159797,0.492976,0.209842,0.442988,0.195527,0.452709,0.18328,0.702784,0.29699,0.583193,0.249877,0.664219,0.279931
2020-12-22,0.480949,0.221504,0.432297,0.204396,0.392798,0.178279,0.502052,0.214064,0.455893,0.201968,0.464063,0.188676,0.704,0.298029,0.588021,0.252765,0.665848,0.281155
2020-12-23,0.420293,0.203328,0.396977,0.194185,0.378348,0.175288,0.500717,0.21429,0.454683,0.202423,0.462588,0.188861,0.702565,0.297603,0.586227,0.252089,0.664314,0.280695
2020-12-24,0.421584,0.202866,0.399315,0.194321,0.379699,0.174874,0.499268,0.211589,0.452122,0.198734,0.461052,0.186051,0.702312,0.29734,0.586145,0.25161,0.664052,0.280424
2020-12-28,0.410801,0.193573,0.383596,0.183339,0.366934,0.164517,0.498357,0.210707,0.451045,0.197291,0.460186,0.185225,0.702288,0.297304,0.585936,0.251484,0.664027,0.280374
2020-12-29,0.409613,0.188839,0.383621,0.177388,0.366446,0.159773,0.497383,0.20991,0.451391,0.195867,0.459098,0.184106,0.701718,0.296667,0.585445,0.250607,0.663585,0.279725
2020-12-30,0.404903,0.192937,0.37817,0.178338,0.359985,0.163338,0.495413,0.209973,0.446125,0.195479,0.456671,0.184162,0.701496,0.29632,0.584425,0.249808,0.663302,0.279326
2021-01-04,0.386426,0.1982,0.366014,0.178963,0.367742,0.165574,0.48561,0.212171,0.439633,0.194932,0.447,0.186997,0.696887,0.296359,0.579878,0.24841,0.658128,0.279265
2021-01-05,0.382056,0.194034,0.365968,0.177018,0.363439,0.161458,0.483665,0.210047,0.439449,0.193108,0.445057,0.185005,0.695881,0.295714,0.580127,0.247936,0.657031,0.278602
2021-01-06,0.382763,0.19347,0.370187,0.178624,0.364879,0.161334,0.481939,0.207966,0.435595,0.190304,0.442724,0.182591,0.695766,0.296023,0.579306,0.248389,0.656898,0.278978
2021-01-07,0.394038,0.201276,0.38087,0.18627,0.377986,0.170128,0.483983,0.209477,0.437772,0.191673,0.445203,0.184259,0.696013,0.296392,0.579799,0.249707,0.657323,0.279396
2021-01-08,0.382468,0.202235,0.380362,0.18932,0.358518,0.178551,0.476642,0.207818,0.436206,0.190106,0.458996,0.195526,0.690534,0.295532,0.576694,0.250218,0.651617,0.278575
2021-01-11,0.369569,0.194886,0.360008,0.179531,0.342738,0.170244,0.475797,0.206599,0.43805,0.190397,0.45814,0.194383,0.689795,0.295173,0.576507,0.250226,0.650793,0.27823
2021-01-12,0.370977,0.194179,0.363121,0.180102,0.34429,0.169148,0.47527,0.206928,0.438362,0.190399,0.457662,0.19463,0.688434,0.294452,0.572614,0.248593,0.649061,0.277415
2021-01-13,0.366326,0.193141,0.351472,0.175273,0.338398,0.167756,0.475688,0.206915,0.438194,0.190329,0.458345,0.194659,0.688799,0.295465,0.571296,0.249167,0.649348,0.278473
2021-01-14,0.374803,0.195713,0.360955,0.178545,0.347251,0.170586,0.476933,0.207196,0.442201,0.191825,0.459792,0.19501,0.68878,0.29548,0.571619,0.249497,0.649375,0.278513
2021-01-15,0.393077,0.200265,0.383898,0.184973,0.370077,0.17668,0.483322,0.208663,0.453468,0.195008,0.467279,0.196794,0.689333,0.295469,0.575187,0.250563,0.650229,0.27857
2021-01-18,0.408525,0.2008,0.400014,0.188496,0.387595,0.177877,0.491444,0.209428,0.462697,0.197604,0.476166,0.197733,0.689251,0.294907,0.577917,0.251213,0.650465,0.278028
2021-01-19,0.425745,0.200092,0.415647,0.188193,0.404959,0.176018,0.498292,0.208592,0.472347,0.19785,0.483471,0.196928,0.689467,0.293841,0.580456,0.250788,0.651018,0.276999
2021-01-20,0.427423,0.202372,0.420826,0.19394,0.407073,0.178582,0.493354,0.206731,0.463696,0.194943,0.477955,0.194647,0.688884,0.2937,0.580407,0.251171,0.650403,0.276871
2021-01-21,0.413273,0.189647,0.408667,0.180299,0.389958,0.163889,0.493649,0.207467,0.463932,0.195567,0.477831,0.195339,0.688207,0.29347,0.579761,0.250885,0.649722,0.276644
2021-01-22,0.42162,0.192137,0.425134,0.186279,0.400253,0.167139,0.495469,0.207705,0.469514,0.196638,0.480127,0.195746,0.688566,0.293567,0.581983,0.251848,0.65016,0.276784
2021-01-25,0.421078,0.191368,0.42719,0.185703,0.399538,0.166377,0.4974,0.207716,0.473905,0.196912,0.482187,0.195747,0.688297,0.293238,0.581089,0.250634,0.64992,0.276429
2021-01-26,0.438364,0.194423,0.455657,0.191689,0.419371,0.169518,0.501248,0.208073,0.483702,0.199207,0.486668,0.196284,0.688567,0.293235,0.583807,0.251924,0.650276,0.276467
2021-01-27,0.41195,0.168609,0.438099,0.172625,0.412476,0.167382,0.502393,0.209005,0.485391,0.201196,0.487803,0.197237,0.688944,0.293542,0.584593,0.25236,0.650683,0.276755
2021-01-28,0.432718,0.185812,0.459571,0.191237,0.434751,0.185947,0.513648,0.214791,0.499934,0.210229,0.500378,0.20365,0.688524,0.296174,0.584305,0.254074,0.650019,0.279298
2021-01-29,0.463141,0.186008,0.4786,0.19034,0.468307,0.186649,0.527061,0.215411,0.512718,0.211937,0.515686,0.204792,0.691003,0.295981,0.589911,0.255172,0.65328,0.279254
2021-02-01,0.497238,0.189113,0.509919,0.19029,0.504529,0.190105,0.540861,0.217337,0.523328,0.212063,0.53065,0.207079,0.69322,0.296486,0.592333,0.255647,0.656187,0.279999
2021-02-02,0.488966,0.183871,0.496113,0.181174,0.495658,0.184376,0.539357,0.219339,0.521064,0.214498,0.528969,0.209131,0.692353,0.296964,0.588356,0.256153,0.655109,0.280559
2021-02-03,0.488572,0.181655,0.495855,0.178596,0.49406,0.181857,0.543133,0.220904,0.522236,0.214972,0.532583,0.210675,0.692301,0.296968,0.589165,0.256277,0.655165,0.280593
2021-02-04,0.489103,0.180838,0.500873,0.180224,0.494318,0.180764,0.546729,0.223645,0.527538,0.219075,0.537104,0.213796,0.692691,0.29773,0.590933,0.257935,0.655653,0.281411
2021-02-05,0.502013,0.186533,0.512744,0.184751,0.507636,0.186868,0.548383,0.225403,0.529743,0.220949,0.538827,0.2156,0.692364,0.297752,0.590845,0.258311,0.655331,0.281451
2021-02-08,0.49661,0.186573,0.511479,0.185861,0.499742,0.186123,0.545211,0.223092,0.52919,0.21828,0.534736,0.212739,0.688592,0.296024,0.585986,0.256151,0.651107,0.279607
2021-02-09,0.49651,0.186132,0.512272,0.183863,0.499702,0.185722,0.546333,0.222413,0.532749,0.217717,0.535911,0.212047,0.688713,0.295861,0.586223,0.256016,0.651242,0.279445
2021-02-10,0.49923,0.187535,0.516685,0.184563,0.502678,0.187197,0.543794,0.222345,0.526858,0.216394,0.532748,0.211779,0.688986,0.295954,0.586254,0.255891,0.651548,0.279539
2021-02-15,0.49987,0.184613,0.515573,0.178734,0.502928,0.183874,0.525186,0.2255,0.514569,0.217651,0.511221,0.214497,0.688153,0.295469,0.585634,0.255482,0.650607,0.279014
2021-02-16,0.498317,0.183444,0.5122,0.176714,0.501333,0.182632,0.523342,0.224943,0.512045,0.217022,0.509257,0.213914,0.687675,0.295305,0.58532,0.255541,0.650105,0.278847
2021-02-17,0.496892,0.18389,0.510504,0.17825,0.499694,0.183054,0.501076,0.212198,0.499392,0.20745,0.495936,0.202511,0.687328,0.295355,0.583875,0.255637,0.649727,0.278923
2021-02-18,0.508426,0.187346,0.534327,0.187428,0.512169,0.186798,0.504694,0.212757,0.506734,0.209201,0.499879,0.203217,0.688133,0.295751,0.587685,0.257201,0.650771,0.27941
2021-02-19,0.508843,0.186813,0.534105,0.186772,0.512503,0.186143,0.504236,0.211878,0.504321,0.207739,0.499307,0.202288,0.688108,0.295796,0.587201,0.257171,0.650745,0.279465
2021-02-22,0.504004,0.187563,0.532525,0.189286,0.507631,0.186992,0.497022,0.210434,0.497504,0.207794,0.491785,0.200882,0.686698,0.295617,0.583982,0.2566,0.649084,0.279284
2021-02-23,0.501527,0.185813,0.52885,0.187353,0.505306,0.185453,0.49598,0.209203,0.496368,0.206998,0.490781,0.199678,0.685701,0.295091,0.582748,0.255913,0.648052,0.278732
2021-02-24,0.522731,0.194614,0.550352,0.196796,0.527808,0.194965,0.5038,0.212147,0.499193,0.209747,0.49923,0.203045,0.687058,0.295054,0.585772,0.257242,0.649948,0.278838
2021-02-25,0.545221,0.204504,0.57233,0.205283,0.533704,0.196704,0.516002,0.217066,0.509424,0.213836,0.509677,0.213742,0.688086,0.296016,0.585908,0.258716,0.651355,0.279985
2021-02-26,0.561353,0.229103,0.595572,0.227599,0.550551,0.222682,0.525766,0.228008,0.521532,0.225256,0.519977,0.224992,0.68573,0.299449,0.585162,0.263395,0.648294,0.283703
2021-03-02,0.563231,0.220934,0.593891,0.222514,0.55315,0.214645,0.525742,0.226277,0.522428,0.225067,0.520016,0.223343,0.685774,0.299133,0.584569,0.263733,0.648268,0.283434
2021-03-03,0.562931,0.215404,0.5927,0.213172,0.552597,0.208249,0.527619,0.226141,0.525412,0.224735,0.522196,0.223256,0.686169,0.299402,0.584794,0.263237,0.64874,0.283716
2021-03-04,0.557442,0.213086,0.585949,0.213348,0.545841,0.205925,0.527194,0.225839,0.525804,0.225068,0.521736,0.223015,0.686054,0.299213,0.583281,0.262395,0.648569,0.283518
2021-03-05,0.557494,0.212247,0.58735,0.214136,0.54613,0.205132,0.523685,0.22257,0.518246,0.21979,0.518133,0.21958,0.683581,0.295418,0.577985,0.258005,0.645317,0.279194
2021-03-08,0.539178,0.203046,0.576212,0.207953,0.526318,0.195575,0.516154,0.220058,0.5139,0.218564,0.510317,0.217136,0.682675,0.294079,0.577497,0.257299,0.644398,0.277863
2021-03-09,0.546019,0.206884,0.5783,0.211281,0.533954,0.199462,0.515571,0.221179,0.513975,0.220294,0.509873,0.218262,0.681835,0.294941,0.576119,0.258271,0.643475,0.278774
2021-03-10,0.542519,0.205137,0.569509,0.207681,0.530198,0.197714,0.512858,0.216271,0.511044,0.21521,0.507111,0.213219,0.680921,0.294125,0.575683,0.257387,0.642418,0.277755
2021-03-11,0.543698,0.21011,0.571255,0.214522,0.531743,0.203421,0.515652,0.217709,0.516225,0.21752,0.510334,0.214734,0.681754,0.294258,0.57819,0.258772,0.643409,0.278003
2021-03-12,0.546348,0.211208,0.5764,0.215902,0.534831,0.204277,0.515565,0.216886,0.514983,0.215764,0.510377,0.213795,0.680835,0.293541,0.574113,0.256758,0.642226,0.277169
2021-03-15,0.546092,0.210453,0.573254,0.214882,0.533942,0.203134,0.51336,0.215781,0.5119,0.214359,0.508087,0.212629,0.676879,0.292898,0.568561,0.254336,0.636925,0.27571
2021-03-16,0.541817,0.211568,0.569165,0.216316,0.530216,0.204622,0.511332,0.215722,0.510568,0.214211,0.506114,0.212602,0.676668,0.29288,0.568932,0.254743,0.636658,0.275739
2021-03-17,0.542149,0.212316,0.569123,0.217838,0.530468,0.205231,0.512151,0.216613,0.512748,0.215429,0.5071,0.213492,0.676143,0.292143,0.566592,0.25295,0.635639,0.274789
2021-03-18,0.542154,0.212456,0.569848,0.217948,0.530012,0.204851,0.51233,0.215465,0.511469,0.212754,0.507596,0.212386,0.671301,0.286935,0.560929,0.249273,0.629155,0.268597
2021-03-19,0.545424,0.211027,0.573603,0.216767,0.533219,0.203523,0.513258,0.214037,0.514158,0.212766,0.508537,0.21095,0.666104,0.282307,0.555706,0.247703,0.622239,0.262581
2021-03-22,0.544753,0.210966,0.572508,0.216338,0.532872,0.203575,0.511989,0.212018,0.510306,0.208915,0.507551,0.209037,0.662888,0.282575,0.549449,0.246763,0.617821,0.262592
2021-03-23,0.550316,0.209792,0.584592,0.215548,0.538453,0.202006,0.504734,0.207572,0.505518,0.205571,0.49991,0.204462,0.669057,0.285335,0.555606,0.249108,0.624527,0.265528
2021-03-24,0.536546,0.20021,0.563404,0.20179,0.523544,0.191991,0.505401,0.208254,0.505,0.205887,0.50056,0.205171,0.658431,0.283418,0.548939,0.246682,0.609976,0.262592
2021-03-25,0.539863,0.200869,0.568734,0.203577,0.528243,0.193063,0.48595,0.201316,0.491538,0.201664,0.479945,0.197791,0.627686,0.274286,0.542077,0.244387,0.58227,0.256421
2021-03-26,0.538097,0.19953,0.566143,0.201009,0.5265,0.191555,0.485948,0.200787,0.492149,0.201081,0.48005,0.197225,0.603414,0.268864,0.535581,0.240927,0.571988,0.245412
2021-03-29,0.536209,0.199446,0.565171,0.201965,0.524991,0.19173,0.480823,0.196944,0.485357,0.196808,0.474358,0.192982,0.593859,0.259085,0.53156,0.2384,0.555299,0.23713
2021-03-30,0.540159,0.201774,0.562558,0.203667,0.528565,0.193912,0.478859,0.195254,0.482324,0.194785,0.472122,0.191044,0.570144,0.244526,0.52473,0.234616,0.540668,0.229011
2021-03-31,0.5395,0.20297,0.559429,0.204754,0.528155,0.195379,0.476268,0.197531,0.478272,0.196663,0.46916,0.193378,0.556779,0.237447,0.51829,0.23077,0.517433,0.219141
2021-04-01,0.552855,0.195898,0.559676,0.202305,0.542156,0.187036,0.471815,0.196591,0.473622,0.195972,0.464592,0.192485,0.556565,0.238334,0.518203,0.230675,0.51722,0.219922
2021-04-02,0.550821,0.198984,0.550761,0.203711,0.538123,0.189887,0.469803,0.196425,0.471283,0.196249,0.462253,0.192333,0.555795,0.238719,0.515617,0.229919,0.516161,0.220205
2021-04-05,0.546422,0.198399,0.547166,0.203231,0.53423,0.18939,0.466975,0.195865,0.469082,0.19594,0.459438,0.191747,0.555834,0.238546,0.51608,0.229645,0.516187,0.22003
2021-04-06,0.539118,0.19171,0.535891,0.19602,0.523259,0.180705,0.468149,0.195479,0.472447,0.196414,0.460563,0.191181,0.558554,0.240035,0.515903,0.230089,0.518304,0.221278
2021-04-07,0.550115,0.193308,0.533474,0.193543,0.507102,0.158099,0.468165,0.196997,0.472236,0.196816,0.460828,0.192848,0.549945,0.237674,0.509347,0.228015,0.50753,0.218092
2021-04-08,0.553887,0.196959,0.536229,0.197782,0.510581,0.16155,0.463004,0.195659,0.462338,0.193911,0.455549,0.191572,0.54867,0.236841,0.506551,0.226956,0.505876,0.217105
2021-04-09,0.555638,0.199308,0.536575,0.19879,0.512128,0.163641,0.464529,0.196934,0.464236,0.195169,0.457082,0.192828,0.54931,0.236947,0.50778,0.227271,0.506562,0.217198
2021-04-12,0.553046,0.199384,0.534011,0.199357,0.509123,0.163965,0.462493,0.196577,0.459569,0.19375,0.455164,0.192547,0.542031,0.228036,0.501655,0.22136,0.497828,0.207283
2021-04-13,0.553899,0.198686,0.535327,0.198962,0.510014,0.16302,0.466969,0.197514,0.463036,0.193741,0.459775,0.193442,0.541298,0.227038,0.500535,0.220549,0.49689,0.206079
2021-04-14,0.54449,0.198153,0.519856,0.197642,0.498365,0.161341,0.467342,0.198461,0.4637,0.194719,0.460176,0.194464,0.5411,0.227594,0.49917,0.220114,0.496582,0.206523
2021-04-15,0.539851,0.198646,0.511053,0.193841,0.490829,0.160377,0.467622,0.198253,0.464418,0.19443,0.460487,0.194336,0.540801,0.22598,0.497833,0.217655,0.496148,0.204684
2021-04-16,0.528286,0.200694,0.493012,0.192457,0.47538,0.161567,0.472045,0.198967,0.467896,0.19422,0.464964,0.195045,0.542474,0.226456,0.4988,0.217845,0.497791,0.205099
2021-04-19,0.530461,0.199485,0.494591,0.190171,0.477126,0.160278,0.47314,0.19958,0.469562,0.195239,0.466005,0.195682,0.539646,0.224101,0.494202,0.214157,0.494313,0.202467
2021-04-20,0.533263,0.199264,0.494555,0.189237,0.479988,0.159457,0.468733,0.194097,0.463574,0.188965,0.461902,0.190216,0.538413,0.222841,0.491443,0.212476,0.492828,0.200994
2021-04-21,0.537231,0.199508,0.502147,0.19111,0.484454,0.159701,0.47495,0.195465,0.474514,0.19197,0.468512,0.191719,0.542039,0.224065,0.497133,0.214105,0.49677,0.202242
2021-04-22,0.53643,0.202112,0.495859,0.193112,0.482788,0.162335,0.47312,0.195544,0.471082,0.191681,0.466328,0.191732,0.541273,0.224838,0.495106,0.214178,0.495746,0.202975
2021-04-23,0.529847,0.19891,0.480028,0.186092,0.474953,0.158402,0.476441,0.195345,0.474332,0.191064,0.470009,0.191611,0.540275,0.223841,0.493115,0.212529,0.494682,0.201905
2021-04-26,0.529093,0.197771,0.473269,0.182696,0.474149,0.157049,0.46342,0.182909,0.461432,0.179939,0.456368,0.178585,0.539387,0.223125,0.489925,0.210655,0.493597,0.201044
2021-04-27,0.499355,0.17966,0.44131,0.164227,0.439178,0.135495,0.454812,0.181769,0.453316,0.178824,0.447037,0.177303,0.53636,0.224127,0.488702,0.210211,0.490474,0.201472
2021-04-28,0.457119,0.17381,0.416279,0.157413,0.385893,0.125493,0.450738,0.177345,0.449822,0.174599,0.442407,0.172441,0.535903,0.223459,0.489677,0.209965,0.490214,0.200796
2021-04-29,0.414605,0.163831,0.394807,0.155699,0.32773,0.110915,0.456414,0.177323,0.457496,0.174214,0.448205,0.17206,0.534009,0.223911,0.486343,0.209535,0.487954,0.201187
2021-04-30,0.410468,0.159176,0.395111,0.150521,0.32526,0.105745,0.448085,0.171722,0.44842,0.16788,0.439052,0.165859,0.53279,0.225764,0.482878,0.209281,0.485961,0.202729
2021-05-03,0.422065,0.161127,0.405364,0.153318,0.342404,0.108909,0.452713,0.172293,0.452882,0.168804,0.443478,0.166433,0.533689,0.227284,0.485252,0.210399,0.487435,0.204235
2021-05-04,0.41843,0.160353,0.394151,0.148005,0.338087,0.108169,0.450667,0.170466,0.448867,0.165815,0.441127,0.164341,0.533869,0.227035,0.485377,0.209808,0.487587,0.203909
2021-05-06,0.415045,0.156977,0.392392,0.142943,0.339616,0.105635,0.452217,0.171812,0.452657,0.166952,0.443301,0.166103,0.527491,0.227671,0.47908,0.208412,0.480419,0.204344
2021-05-07,0.435554,0.164905,0.402764,0.14668,0.359548,0.113248,0.455039,0.173464,0.454821,0.168355,0.446086,0.167763,0.527331,0.227136,0.478118,0.206508,0.480151,0.203305
2021-05-10,0.445922,0.166847,0.414997,0.149879,0.373903,0.116068,0.458572,0.173799,0.458772,0.168262,0.45038,0.168248,0.529313,0.227467,0.481342,0.206973,0.482519,0.203708
2021-05-11,0.4384,0.163459,0.41091,0.14854,0.366847,0.114043,0.455581,0.172563,0.458373,0.167776,0.447498,0.167178,0.5264,0.224102,0.478791,0.203251,0.479399,0.200144
2021-05-12,0.447079,0.16457,0.41908,0.148888,0.377422,0.115877,0.459109,0.171221,0.462086,0.165349,0.450501,0.165478,0.527045,0.223879,0.480224,0.203072,0.480241,0.199943
2021-05-13,0.448451,0.168008,0.42401,0.154834,0.381515,0.121338,0.457064,0.172203,0.46051,0.166557,0.448564,0.166583,0.525345,0.224449,0.478381,0.204347,0.478573,0.200624
2021-05-14,0.440034,0.166458,0.418126,0.155088,0.373453,0.120959,0.45348,0.171499,0.457227,0.166632,0.444956,0.166025,0.524486,0.224625,0.476961,0.204391,0.477605,0.200821
2021-05-17,0.429094,0.159363,0.404735,0.144924,0.359975,0.112611,0.455459,0.170154,0.462705,0.16664,0.446989,0.164683,0.523804,0.224512,0.475634,0.203386,0.47677,0.200582
2021-05-18,0.440071,0.164413,0.423304,0.152176,0.373722,0.118535,0.458837,0.171168,0.46829,0.168142,0.450964,0.165876,0.525024,0.224026,0.478197,0.202495,0.478253,0.200043
2021-05-20,0.439307,0.165251,0.420186,0.151116,0.37323,0.119556,0.456963,0.171908,0.46628,0.168811,0.448776,0.166591,0.525662,0.224515,0.479227,0.203301,0.479027,0.200597
2021-05-21,0.441358,0.166505,0.420496,0.151879,0.375818,0.12081,0.457987,0.172203,0.468706,0.169535,0.449652,0.166981,0.52455,0.223316,0.478318,0.201837,0.477253,0.199009
2021-05-24,0.411465,0.156651,0.399153,0.143776,0.336802,0.106674,0.458654,0.172565,0.470454,0.170373,0.450316,0.167369,0.525699,0.223681,0.479966,0.202321,0.478481,0.199396
2021-05-25,0.369637,0.143194,0.3729,0.133154,0.320579,0.0998325,0.459791,0.173947,0.473001,0.172537,0.451569,0.168991,0.525656,0.223975,0.479901,0.202646,0.478438,0.199688
2021-05-26,0.337569,0.111262,0.348807,0.111409,0.31016,0.0985066,0.461155,0.175228,0.476045,0.175059,0.452837,0.170267,0.523832,0.222783,0.476902,0.201342,0.476238,0.19827
2021-05-27,0.330989,0.114063,0.339596,0.109113,0.302437,0.100794,0.458943,0.173314,0.471238,0.172983,0.450521,0.168351,0.523089,0.220925,0.474969,0.198589,0.475277,0.196183
2021-05-28,0.322956,0.112772,0.327636,0.107238,0.294157,0.0995476,0.455864,0.16974,0.466008,0.167443,0.446894,0.164342,0.520859,0.219864,0.471131,0.196337,0.47254,0.194922
2021-05-31,0.32075,0.110718,0.32311,0.105794,0.29162,0.0968899,0.452645,0.169821,0.460819,0.167299,0.443253,0.164256,0.522513,0.220394,0.472615,0.196774,0.474234,0.195447
2021-06-01,0.321115,0.111641,0.32303,0.106018,0.291929,0.0974627,0.453796,0.170483,0.462306,0.168061,0.444651,0.164926,0.524015,0.222276,0.472557,0.197935,0.475619,0.197301
2021-06-02,0.335557,0.120851,0.331492,0.111373,0.305212,0.106559,0.453274,0.170536,0.461504,0.167967,0.443717,0.164843,0.52445,0.222753,0.473565,0.19877,0.476072,0.197756
2021-06-03,0.336553,0.1176,0.32986,0.107736,0.305992,0.103242,0.45885,0.172637,0.462507,0.168909,0.449599,0.167093,0.521221,0.221136,0.468693,0.196732,0.472116,0.195815
2021-06-04,0.32702,0.120245,0.31801,0.10949,0.295624,0.105848,0.455779,0.17388,0.453793,0.168181,0.44614,0.168223,0.520347,0.221028,0.466587,0.196655,0.47082,0.195575
2021-06-07,0.306688,0.107876,0.29927,0.097908,0.297737,0.10631,0.451468,0.173004,0.446793,0.166642,0.441095,0.167185,0.52193,0.223134,0.467024,0.197588,0.47151,0.197369
2021-06-08,0.302746,0.109884,0.293614,0.0976286,0.293488,0.108176,0.452588,0.174117,0.448398,0.167687,0.442194,0.16839,0.523521,0.223475,0.468211,0.197546,0.473083,0.197672
2021-06-09,0.315746,0.111225,0.314121,0.100646,0.308534,0.1099,0.456226,0.173989,0.455566,0.168372,0.445661,0.168145,0.523734,0.223218,0.469631,0.197769,0.473318,0.197415
2021-06-10,0.313315,0.107292,0.31244,0.0962253,0.305917,0.105851,0.454146,0.173701,0.453392,0.168157,0.443568,0.167847,0.52305,0.22337,0.468786,0.197782,0.472615,0.197543
2021-06-11,0.313217,0.105116,0.309454,0.0938392,0.305076,0.103231,0.45405,0.173148,0.453151,0.168029,0.443693,0.167243,0.52339,0.223115,0.468701,0.197485,0.473,0.197266
2021-06-14,0.30908,0.103295,0.309542,0.0938962,0.301137,0.101324,0.451828,0.171856,0.451608,0.166586,0.441157,0.16572,0.523831,0.223151,0.469033,0.197541,0.473444,0.1973
2021-06-15,0.309702,0.104401,0.308026,0.0936486,0.302165,0.10159,0.454002,0.172286,0.45437,0.166632,0.443314,0.16609,0.526301,0.224627,0.469751,0.198338,0.475713,0.198708
2021-06-16,0.311487,0.103214,0.310175,0.0922107,0.303889,0.100479,0.453833,0.171421,0.453881,0.165742,0.443415,0.16519,0.524649,0.221557,0.467,0.195388,0.473385,0.195019
2021-06-17,0.299176,0.100797,0.288872,0.0870151,0.289358,0.0972167,0.454671,0.171061,0.454366,0.164151,0.444258,0.164718,0.497859,0.209414,0.459717,0.18943,0.476786,0.195808
2021-06-18,0.298135,0.0999089,0.289466,0.0863054,0.288104,0.0959557,0.443651,0.163719,0.44132,0.155361,0.432594,0.157096,0.471807,0.194464,0.451622,0.18482,0.463544,0.188097
2021-06-21,0.304887,0.103599,0.300695,0.0919808,0.296755,0.100719,0.447512,0.164897,0.447655,0.157908,0.436942,0.158404,0.473503,0.194871,0.454038,0.18595,0.465354,0.188565
2021-06-22,0.303577,0.103462,0.300152,0.0924473,0.295538,0.100862,0.446492,0.164291,0.444764,0.156957,0.435914,0.157776,0.472737,0.194334,0.451708,0.184625,0.46456,0.188014
2021-06-23,0.30253,0.104289,0.297665,0.093581,0.295293,0.10202,0.446156,0.164708,0.444713,0.157752,0.43555,0.158292,0.472162,0.194222,0.450978,0.184435,0.463971,0.187902
2021-06-24,0.301095,0.105702,0.296759,0.0921221,0.293118,0.10323,0.446558,0.16629,0.441867,0.158514,0.435594,0.159836,0.473386,0.194794,0.452192,0.185131,0.465222,0.188481
2021-06-25,0.301248,0.103407,0.294073,0.0878969,0.293016,0.100401,0.446154,0.166619,0.440384,0.158701,0.435419,0.160306,0.472915,0.194632,0.451454,0.184997,0.464778,0.188335
2021-06-28,0.310401,0.103693,0.301091,0.086165,0.302359,0.100519,0.459492,0.162929,0.443737,0.157368,0.449176,0.15586,0.472704,0.194235,0.451056,0.184423,0.464582,0.187962
2021-06-29,0.313609,0.104921,0.302174,0.0863041,0.305616,0.101863,0.457269,0.164872,0.438689,0.15796,0.446406,0.15763,0.468953,0.191773,0.446436,0.182744,0.460525,0.18532
2021-06-30,0.317938,0.106443,0.305958,0.0883716,0.310888,0.103613,0.457889,0.165726,0.43896,0.158535,0.447184,0.158525,0.469184,0.1917,0.446928,0.182767,0.460752,0.185242
2021-07-01,0.313523,0.105389,0.298669,0.0861365,0.305764,0.10212,0.449589,0.160458,0.42899,0.152711,0.437372,0.152547,0.464183,0.187674,0.440696,0.178193,0.455394,0.180985
2021-07-02,0.311181,0.104316,0.295659,0.0849441,0.304121,0.101301,0.456405,0.160613,0.425673,0.150629,0.424886,0.1373,0.464358,0.187096,0.441467,0.177687,0.455572,0.180402
2021-07-05,0.308969,0.102286,0.294807,0.0848035,0.302185,0.0993061,0.45689,0.161905,0.42611,0.152019,0.425199,0.138468,0.464806,0.18769,0.441901,0.178284,0.455998,0.180986
2021-07-06,0.305957,0.101052,0.290969,0.0831944,0.298961,0.0979238,0.456667,0.16292,0.425256,0.15219,0.424857,0.139388,0.463474,0.186243,0.439961,0.176407,0.454618,0.179491
2021-07-07,0.309715,0.0992761,0.293898,0.0816769,0.303669,0.0960715,0.455794,0.16168,0.424354,0.151333,0.42384,0.138225,0.46358,0.185467,0.440924,0.17548,0.454773,0.178711
2021-07-08,0.313169,0.0994697,0.302916,0.0854035,0.308209,0.0962684,0.458496,0.161335,0.429401,0.151787,0.42675,0.137928,0.463508,0.185121,0.44179,0.175204,0.45473,0.178302
2021-07-09,0.318555,0.0995577,0.313886,0.087311,0.314885,0.0969364,0.453195,0.159721,0.42369,0.150597,0.420909,0.136054,0.464018,0.185555,0.442684,0.175963,0.455322,0.178781
2021-07-12,0.323574,0.107085,0.322357,0.0986622,0.320146,0.104677,0.450658,0.161936,0.422237,0.152657,0.41743,0.137956,0.46463,0.186528,0.443548,0.17741,0.455971,0.179781
2021-07-13,0.329462,0.107047,0.334696,0.0998162,0.326079,0.104678,0.444214,0.162926,0.415099,0.151585,0.409658,0.13854,0.465335,0.186354,0.444689,0.176893,0.456723,0.17962
2021-07-14,0.332014,0.104368,0.336907,0.0979614,0.329448,0.10242,0.445484,0.161415,0.415834,0.14901,0.410664,0.13678,0.46487,0.185735,0.443651,0.175945,0.456176,0.178938
2021-07-15,0.337913,0.104868,0.344725,0.100902,0.335747,0.102859,0.449306,0.161123,0.419788,0.149102,0.414653,0.136265,0.464179,0.184373,0.442644,0.174281,0.455441,0.177511
2021-07-16,0.325853,0.104043,0.32591,0.099126,0.327245,0.105994,0.447714,0.161384,0.416284,0.149353,0.412808,0.136478,0.463874,0.184374,0.442006,0.174076,0.455115,0.177524
2021-07-19,0.325442,0.103449,0.324542,0.097723,0.327215,0.105452,0.445691,0.16205,0.413442,0.150361,0.410189,0.137057,0.464144,0.184361,0.443454,0.174729,0.455445,0.177533
2021-07-20,0.328065,0.103919,0.328711,0.0982122,0.331216,0.106314,0.442806,0.160476,0.407099,0.147138,0.406944,0.135401,0.464699,0.184829,0.444566,0.17504,0.456041,0.177997
2021-07-21,0.326145,0.105103,0.323797,0.0987242,0.329366,0.107343,0.442118,0.160245,0.403891,0.146019,0.406117,0.135132,0.465132,0.184896,0.444957,0.175148,0.45654,0.178071
2021-07-22,0.344833,0.109652,0.338455,0.102249,0.349783,0.112562,0.433739,0.152671,0.395107,0.137459,0.396776,0.126662,0.46624,0.185085,0.446664,0.175399,0.457748,0.178287
2021-07-23,0.340997,0.110298,0.332225,0.102507,0.344544,0.112734,0.409276,0.148423,0.378857,0.133344,0.368463,0.121006,0.466243,0.185324,0.446627,0.175594,0.457797,0.178525
2021-07-26,0.344166,0.110382,0.340476,0.10344,0.347945,0.112577,0.383261,0.141214,0.370988,0.132401,0.337136,0.112225,0.468739,0.18595,0.451298,0.17685,0.460427,0.179192
2021-07-27,0.348139,0.109784,0.341868,0.100801,0.351828,0.11179,0.384148,0.13892,0.371966,0.129104,0.338049,0.109446,0.470136,0.186194,0.452911,0.177026,0.461903,0.179456
2021-07-28,0.336942,0.107501,0.331283,0.0975369,0.337027,0.108822,0.385683,0.138793,0.371884,0.128969,0.33925,0.109094,0.468261,0.184601,0.449148,0.174769,0.459898,0.177743
2021-07-29,0.335135,0.106131,0.325873,0.0953686,0.335122,0.107649,0.38435,0.137777,0.366824,0.125765,0.337636,0.107755,0.468353,0.184887,0.448731,0.174992,0.459955,0.178016
2021-07-30,0.348288,0.108478,0.338322,0.100112,0.353176,0.11214,0.38614,0.136505,0.370203,0.124762,0.339614,0.106232,0.469224,0.184641,0.450596,0.175011,0.460955,0.177795
2021-08-02,0.339823,0.105369,0.325991,0.0971887,0.344475,0.108923,0.396206,0.139617,0.372103,0.125187,0.349055,0.109143,0.468922,0.184423,0.450536,0.174848,0.460656,0.177585
2021-08-03,0.306047,0.0987328,0.296733,0.0914938,0.309025,0.102074,0.393352,0.13919,0.367736,0.124554,0.346093,0.108705,0.468395,0.184014,0.450018,0.174443,0.460158,0.177173
2021-08-04,0.321942,0.103124,0.310402,0.0962718,0.309025,0.102074,0.394035,0.140016,0.368522,0.126059,0.346931,0.109678,0.469048,0.184594,0.449944,0.175027,0.460781,0.17775
2021-08-05,0.311907,0.102647,0.299103,0.095284,0.295689,0.0979176,0.395517,0.140975,0.366842,0.125845,0.347911,0.11049,0.471342,0.185249,0.451194,0.175498,0.463128,0.178422
2021-08-06,0.304726,0.0917776,0.296295,0.0882897,0.289066,0.0869572,0.397273,0.141549,0.369344,0.126624,0.349702,0.111082,0.470925,0.184648,0.450751,0.174609,0.462729,0.177813
2021-08-09,0.303149,0.0886226,0.295043,0.0863822,0.286468,0.0829277,0.396437,0.141396,0.368368,0.126755,0.348932,0.11117,0.470535,0.183854,0.449077,0.173464,0.462275,0.177003
2021-08-10,0.298432,0.0893765,0.28947,0.0872293,0.281828,0.083551,0.388241,0.137498,0.357409,0.120522,0.339404,0.106554,0.469233,0.183645,0.447797,0.173171,0.46089,0.176759
2021-08-11,0.257194,0.0778106,0.259296,0.0785488,0.235421,0.0705517,0.382594,0.136717,0.353682,0.120804,0.333361,0.105753,0.469688,0.183938,0.446993,0.172918,0.461296,0.177028
2021-08-12,0.252621,0.0740905,0.255112,0.0761319,0.230664,0.0665234,0.381297,0.136112,0.350322,0.119078,0.331547,0.104702,0.47033,0.185134,0.446115,0.173551,0.462225,0.178349
2021-08-13,0.264707,0.0767507,0.272506,0.0784415,0.248215,0.0753425,0.386474,0.13743,0.358608,0.120521,0.336835,0.105822,0.471917,0.185401,0.449778,0.174082,0.463841,0.178595
2021-08-17,0.291444,0.0767134,0.292392,0.0783167,0.276177,0.0752345,0.371897,0.128188,0.354402,0.115433,0.318797,0.0945806,0.475645,0.184409,0.454977,0.173189,0.467834,0.177543
2021-08-18,0.29051,0.0666983,0.290825,0.0689747,0.274996,0.0647034,0.340137,0.114623,0.340248,0.106972,0.306623,0.0863911,0.476179,0.184037,0.455845,0.172464,0.468383,0.177163
2021-08-19,0.360345,0.0977629,0.323933,0.081116,0.281664,0.0656213,0.347318,0.105678,0.34046,0.100006,0.306623,0.0863911,0.480535,0.186408,0.458213,0.174331,0.473084,0.179706
2021-08-20,0.383504,0.100872,0.354651,0.0864757,0.313365,0.0707454,0.353278,0.108082,0.347734,0.100505,0.313333,0.0886278,0.472491,0.188371,0.456714,0.175585,0.464263,0.18157
2021-08-23,0.39972,0.106321,0.363541,0.0898265,0.333113,0.0773867,0.352982,0.108593,0.345307,0.100872,0.313431,0.0893652,0.472397,0.188105,0.456305,0.175115,0.46417,0.181308
2021-08-24,0.410114,0.110181,0.372325,0.0949307,0.345894,0.0767878,0.358655,0.109687,0.349364,0.102606,0.320291,0.0905943,0.460192,0.180494,0.451603,0.170581,0.455995,0.177902
2021-08-25,0.412027,0.109761,0.37624,0.0950448,0.348319,0.0762072,0.359914,0.109866,0.351609,0.102398,0.321613,0.0905254,0.459428,0.179427,0.45035,0.16921,0.455176,0.176771
2021-08-26,0.413172,0.109557,0.37702,0.0946076,0.349147,0.0757982,0.369317,0.115035,0.355209,0.104523,0.330355,0.0954082,0.458789,0.17901,0.448625,0.168442,0.45441,0.176311
2021-08-27,0.417187,0.108738,0.378355,0.0924638,0.35315,0.074704,0.372153,0.113704,0.356258,0.102328,0.332954,0.093903,0.455791,0.178518,0.444273,0.167915,0.451162,0.175755
2021-08-30,0.413634,0.109015,0.373692,0.0915703,0.349566,0.0748706,0.366382,0.114898,0.348863,0.102489,0.326546,0.0949486,0.454747,0.178282,0.443545,0.167889,0.450129,0.175535
2021-08-31,0.430787,0.115696,0.396365,0.0994607,0.365054,0.0821889,0.359313,0.109478,0.346613,0.0985717,0.326546,0.0949486,0.454427,0.179027,0.44255,0.168669,0.449892,0.176332
2021-09-01,0.431702,0.114925,0.396887,0.0982154,0.366197,0.081489,0.357176,0.109882,0.342262,0.097661,0.324138,0.0952646,0.454146,0.179197,0.441705,0.16853,0.449617,0.176514
2021-09-02,0.424165,0.114496,0.385151,0.096281,0.35705,0.0806115,0.35971,0.11004,0.346857,0.0984443,0.32703,0.0954723,0.455102,0.179413,0.443673,0.169172,0.450654,0.176756
2021-09-03,0.429761,0.115827,0.393003,0.0983693,0.362948,0.0821013,0.361465,0.108279,0.347696,0.0961005,0.328326,0.0935331,0.454505,0.179514,0.442815,0.169137,0.450037,0.176883
2021-09-06,0.427949,0.115941,0.38872,0.0979833,0.360336,0.0821338,0.360806,0.107543,0.345614,0.0951033,0.327432,0.0927105,0.454869,0.17929,0.443325,0.169028,0.450395,0.176649
2021-09-07,0.427937,0.11609,0.388175,0.0972599,0.360295,0.0820848,0.35899,0.107004,0.344391,0.0948826,0.325616,0.0921773,0.454535,0.179541,0.443026,0.169124,0.450088,0.176928
2021-09-08,0.42095,0.116872,0.383522,0.0987079,0.353835,0.0833116,0.356654,0.107741,0.341741,0.09485,0.323396,0.0925822,0.45188,0.177667,0.438172,0.166188,0.447347,0.174922
2021-09-09,0.429784,0.11995,0.39654,0.102716,0.36539,0.0874761,0.361001,0.107777,0.348123,0.0956571,0.32848,0.0928292,0.453398,0.178556,0.440587,0.167083,0.448818,0.175829
2021-09-10,0.426844,0.118265,0.393358,0.101624,0.362205,0.0855996,0.354214,0.106148,0.338258,0.0933717,0.320901,0.0909597,0.453733,0.178629,0.440909,0.167073,0.449182,0.175901
2021-09-13,0.427644,0.118783,0.392956,0.101282,0.363439,0.0856881,0.35413,0.106172,0.338587,0.0932512,0.320795,0.0908764,0.451153,0.175994,0.436431,0.164212,0.44657,0.173187
2021-09-14,0.430689,0.115934,0.395563,0.095954,0.36575,0.0812697,0.356563,0.106097,0.342122,0.0924632,0.3235,0.0907706,0.450982,0.174779,0.436101,0.162208,0.44642,0.171868
2021-09-15,0.433521,0.116741,0.395489,0.0947858,0.367599,0.0811309,0.354953,0.105739,0.340124,0.0921697,0.321733,0.0903681,0.450579,0.174502,0.435231,0.161585,0.446017,0.171592
2021-09-16,0.437196,0.113903,0.40049,0.0914594,0.372245,0.0780736,0.357183,0.105095,0.343718,0.0918702,0.324118,0.0896807,0.449872,0.173654,0.434273,0.160496,0.445289,0.170732
2021-09-17,0.437194,0.114345,0.398871,0.0907683,0.371669,0.0785475,0.355788,0.105206,0.341555,0.090566,0.322433,0.089676,0.449409,0.173333,0.433656,0.159824,0.444799,0.170375
2021-09-23,0.444339,0.119189,0.405514,0.0954558,0.379513,0.0854886,0.357963,0.106525,0.34387,0.0912802,0.324796,0.0912393,0.449734,0.174166,0.434394,0.16092,0.445218,0.171229
2021-09-24,0.439128,0.117516,0.402193,0.0947654,0.374377,0.0841449,0.360817,0.105601,0.346395,0.0901575,0.327687,0.0902296,0.44891,0.172863,0.432766,0.158859,0.444558,0.16995
2021-09-27,0.440328,0.116608,0.40281,0.0941753,0.375694,0.0830917,0.363051,0.105507,0.347275,0.0891479,0.329899,0.0900501,0.448805,0.172604,0.432894,0.158616,0.444478,0.169681
2021-09-28,0.431408,0.118939,0.398955,0.0945397,0.36875,0.0870859,0.364617,0.107744,0.349242,0.0900488,0.332042,0.0925943,0.447701,0.171398,0.431362,0.156378,0.443506,0.168498
2021-09-29,0.435426,0.124055,0.40624,0.102631,0.373595,0.0942229,0.364279,0.110324,0.348456,0.0930157,0.331783,0.0955763,0.441549,0.169017,0.426184,0.155208,0.437088,0.166044
2021-09-30,0.434896,0.12507,0.405966,0.104188,0.373175,0.0953488,0.362496,0.110038,0.346225,0.0925314,0.32985,0.0952824,0.442768,0.169848,0.426791,0.15572,0.438361,0.166905
2021-10-01,0.455839,0.132836,0.432258,0.114266,0.400041,0.10668,0.373867,0.113736,0.358693,0.0966849,0.342749,0.0998283,0.433711,0.166146,0.425163,0.155247,0.428761,0.163
2021-10-05,0.459291,0.133195,0.443295,0.117671,0.407852,0.108488,0.37614,0.114077,0.364474,0.0987477,0.346237,0.100572,0.434375,0.166058,0.428301,0.156121,0.429435,0.1629
2021-10-06,0.483414,0.140947,0.462727,0.119153,0.438182,0.118173,0.389555,0.116669,0.374456,0.0978954,0.361479,0.103645,0.436427,0.164544,0.429819,0.153687,0.431427,0.1612
2021-10-07,0.491984,0.152537,0.469065,0.128239,0.449476,0.131913,0.396293,0.122969,0.3798,0.103875,0.369266,0.11051,0.437494,0.165135,0.430447,0.154104,0.43256,0.161853
2021-10-08,0.480853,0.150751,0.452277,0.124739,0.436343,0.129505,0.392023,0.121428,0.376069,0.102432,0.364974,0.108991,0.434571,0.165817,0.426571,0.154184,0.429393,0.162583
2021-10-12,0.475639,0.149441,0.447801,0.120413,0.430314,0.128008,0.391473,0.124902,0.377429,0.105823,0.364537,0.112627,0.434899,0.167394,0.427641,0.155756,0.429705,0.164156
2021-10-13,0.478001,0.154571,0.450799,0.126486,0.433603,0.133402,0.396453,0.127973,0.384166,0.108947,0.370049,0.115825,0.435516,0.168488,0.428715,0.157069,0.430388,0.165331
2021-10-14,0.480385,0.162905,0.459501,0.135494,0.437144,0.142401,0.40009,0.131296,0.388958,0.112021,0.374073,0.119328,0.435817,0.169972,0.430129,0.158704,0.430804,0.166887
2021-10-15,0.473976,0.162098,0.449111,0.13225,0.430252,0.14165,0.399643,0.131721,0.388893,0.112728,0.373654,0.119803,0.435739,0.168996,0.43029,0.158189,0.430741,0.165872
2021-10-18,0.474851,0.160636,0.44995,0.130223,0.431205,0.140104,0.395828,0.130766,0.381484,0.110446,0.369255,0.118593,0.435928,0.169771,0.430318,0.158609,0.430963,0.166649
2021-10-19,0.476613,0.16189,0.451774,0.131562,0.43207,0.140927,0.395774,0.131013,0.381376,0.110664,0.369128,0.118773,0.433561,0.168869,0.42585,0.156927,0.42856,0.16575
2021-10-20,0.473073,0.164173,0.448798,0.134995,0.428217,0.142856,0.396096,0.133038,0.382299,0.113213,0.369533,0.120854,0.433981,0.169922,0.426528,0.158313,0.429004,0.166794
2021-10-21,0.470876,0.16315,0.446096,0.133832,0.426277,0.141865,0.394548,0.132979,0.38012,0.113244,0.368027,0.120772,0.433203,0.169435,0.425069,0.157391,0.428243,0.166323
2021-10-22,0.463077,0.160192,0.436504,0.129736,0.415745,0.137398,0.399887,0.13432,0.382646,0.11388,0.373234,0.122057,0.435678,0.170004,0.426787,0.157653,0.430726,0.166893
2021-10-25,0.465711,0.158597,0.440076,0.127303,0.419311,0.135928,0.401574,0.134679,0.383717,0.113236,0.374588,0.122286,0.436228,0.17044,0.427678,0.157857,0.431342,0.167354
2021-10-26,0.463573,0.158277,0.432129,0.126115,0.416415,0.135434,0.402492,0.134323,0.384067,0.112733,0.375397,0.121887,0.436549,0.170211,0.428444,0.157758,0.431711,0.167138
2021-10-27,0.465113,0.161173,0.43863,0.132422,0.418379,0.13866,0.406943,0.136244,0.38908,0.115083,0.379848,0.123815,0.439779,0.171344,0.432395,0.159252,0.434956,0.168248
2021-10-28,0.457294,0.158495,0.443635,0.134891,0.411025,0.136336,0.400314,0.134288,0.387124,0.114783,0.372616,0.121717,0.439217,0.170869,0.434326,0.160066,0.43432,0.167727
2021-10-29,0.463925,0.166642,0.456355,0.142686,0.419921,0.145665,0.404343,0.14003,0.393659,0.118405,0.377346,0.127834,0.439496,0.171247,0.436531,0.159161,0.434782,0.168093
2021-11-01,0.461592,0.169348,0.450183,0.144888,0.416638,0.148144,0.407887,0.142869,0.393198,0.119602,0.379933,0.130289,0.440717,0.172204,0.437806,0.160185,0.436147,0.169127
2021-11-02,0.467692,0.170431,0.459034,0.146042,0.423238,0.149228,0.406953,0.141998,0.391821,0.118738,0.378853,0.12934,0.439399,0.171882,0.436095,0.159461,0.434652,0.168742
2021-11-03,0.473153,0.170172,0.465629,0.14646,0.430157,0.148911,0.397079,0.139389,0.383067,0.116397,0.368136,0.12646,0.442522,0.172043,0.440019,0.159408,0.437907,0.168928
2021-11-04,0.469884,0.168823,0.458718,0.145011,0.425784,0.147515,0.404556,0.141941,0.387458,0.118309,0.375425,0.128787,0.435605,0.165155,0.433653,0.153808,0.430721,0.161823
2021-11-05,0.464773,0.166319,0.454387,0.142817,0.420722,0.14444,0.400579,0.141537,0.381496,0.117617,0.370929,0.12819,0.432813,0.164702,0.429693,0.152827,0.42763,0.161303
2021-11-08,0.461608,0.164621,0.451521,0.140796,0.417809,0.142952,0.400067,0.138018,0.381261,0.114604,0.36983,0.124285,0.42919,0.161627,0.426278,0.149942,0.423721,0.15806
2021-11-09,0.464442,0.165824,0.455633,0.140785,0.420586,0.143003,0.404071,0.137918,0.384376,0.114249,0.373765,0.12407,0.431604,0.161137,0.428245,0.148788,0.426159,0.157435
2021-11-10,0.470806,0.167852,0.466429,0.146063,0.42885,0.145825,0.408514,0.140117,0.38788,0.117343,0.378992,0.126622,0.429697,0.158201,0.426422,0.146107,0.424001,0.154284
2021-11-11,0.478154,0.167994,0.471208,0.146451,0.436095,0.146207,0.398087,0.136262,0.375993,0.113366,0.367428,0.122486,0.429421,0.157478,0.426223,0.14534,0.42371,0.153569
2021-11-12,0.498266,0.170511,0.496307,0.149856,0.459936,0.149554,0.412344,0.138076,0.38994,0.115057,0.382819,0.12424,0.431332,0.156393,0.428073,0.144033,0.425783,0.152415
2021-11-15,0.49391,0.173453,0.489646,0.15347,0.455409,0.152636,0.414604,0.141669,0.392893,0.117979,0.385505,0.127932,0.434767,0.158966,0.431058,0.145553,0.429367,0.155136
2021-11-16,0.484506,0.175662,0.475914,0.153956,0.443311,0.154279,0.415889,0.142343,0.393176,0.118205,0.386614,0.128519,0.435641,0.159731,0.431167,0.146261,0.430126,0.155864
2021-11-17,0.486932,0.177931,0.48116,0.159014,0.447196,0.157322,0.418557,0.140314,0.396725,0.116865,0.38988,0.126572,0.437245,0.160454,0.433805,0.147173,0.431791,0.156591
2021-11-18,0.452936,0.159252,0.456403,0.146678,0.437162,0.151255,0.418016,0.139572,0.395306,0.115112,0.389231,0.12575,0.43788,0.160615,0.434762,0.147481,0.432482,0.156779
2021-11-19,0.436841,0.160858,0.436522,0.149439,0.420709,0.153396,0.418368,0.14176,0.39783,0.118328,0.389738,0.128117,0.437554,0.160157,0.433783,0.14673,0.432045,0.156259
2021-11-22,0.418926,0.153108,0.420581,0.144187,0.422749,0.157327,0.412534,0.138776,0.393967,0.11683,0.396848,0.131173,0.435156,0.158644,0.43207,0.14548,0.429521,0.154658
2021-11-23,0.404585,0.150407,0.411422,0.143851,0.406916,0.154276,0.411823,0.141117,0.393758,0.119559,0.396362,0.13384,0.434819,0.15985,0.432214,0.147041,0.429164,0.155875
2021-11-24,0.39949,0.150906,0.402685,0.142452,0.401204,0.154782,0.409991,0.140656,0.391398,0.119104,0.394468,0.133403,0.43473,0.159348,0.431971,0.146861,0.429098,0.155362
2021-11-25,0.402508,0.15077,0.410421,0.143133,0.40418,0.154658,0.412103,0.140498,0.396008,0.119379,0.396805,0.133269,0.435241,0.159169,0.433656,0.14693,0.429599,0.15517
2021-11-26,0.404041,0.152054,0.414422,0.147202,0.405438,0.155971,0.414067,0.140405,0.400096,0.121123,0.399621,0.133661,0.434879,0.158941,0.433394,0.147494,0.429134,0.154914
2021-11-29,0.420907,0.165042,0.42955,0.161693,0.422607,0.169285,0.419681,0.146448,0.40798,0.129075,0.405991,0.140339,0.437058,0.161685,0.437259,0.151421,0.431344,0.157741
2021-11-30,0.435754,0.173152,0.436982,0.165498,0.422607,0.169285,0.436107,0.153217,0.423288,0.13529,0.429876,0.151489,0.443847,0.164409,0.44448,0.154533,0.438392,0.160562
2021-12-01,0.441919,0.172759,0.444364,0.16646,0.448812,0.181919,0.438673,0.152742,0.428055,0.135866,0.445307,0.157754,0.445046,0.164575,0.446345,0.154947,0.439644,0.160727
2021-12-02,0.437362,0.163622,0.440662,0.160679,0.444414,0.17143,0.43145,0.147019,0.418641,0.131997,0.437801,0.151556,0.444174,0.16298,0.445674,0.15405,0.438785,0.159094
2021-12-03,0.445263,0.172011,0.45248,0.169879,0.453698,0.180494,0.438242,0.151879,0.428399,0.138279,0.444954,0.156582,0.44515,0.163505,0.447025,0.155386,0.439926,0.159724
2021-12-06,0.443527,0.171646,0.448809,0.168838,0.451793,0.180015,0.436549,0.151862,0.424855,0.137972,0.443049,0.15655,0.442732,0.161023,0.443162,0.15208,0.43731,0.157087
2021-12-07,0.448906,0.174087,0.453205,0.170806,0.457232,0.182509,0.438828,0.153201,0.427835,0.139317,0.445278,0.157912,0.441246,0.161054,0.440414,0.151958,0.435716,0.15713
2021-12-08,0.452393,0.178963,0.458775,0.176577,0.46137,0.187792,0.438107,0.155833,0.427229,0.142186,0.444612,0.160596,0.441113,0.162114,0.44003,0.152996,0.435745,0.158309
2021-12-09,0.44935,0.179169,0.455048,0.176065,0.458631,0.188203,0.439582,0.157282,0.428645,0.14329,0.446138,0.162151,0.440523,0.162102,0.439517,0.152637,0.435068,0.158288
2021-12-10,0.451349,0.181025,0.45847,0.180207,0.460106,0.189907,0.439457,0.157457,0.429032,0.144857,0.445785,0.162281,0.444051,0.163434,0.44159,0.15384,0.438618,0.159632
2021-12-13,0.45549,0.182818,0.462179,0.182549,0.46407,0.191915,0.441489,0.158844,0.430641,0.145571,0.44771,0.163736,0.442189,0.163985,0.437424,0.153166,0.436603,0.160198
2021-12-14,0.451679,0.183861,0.454737,0.184537,0.459438,0.193065,0.441261,0.15787,0.428446,0.1439,0.447453,0.162742,0.439475,0.163228,0.433591,0.152197,0.433647,0.159379
2021-12-15,0.452432,0.186106,0.456346,0.188904,0.459964,0.195136,0.442071,0.158982,0.428806,0.145482,0.448281,0.163858,0.440172,0.164227,0.434461,0.153329,0.434337,0.160377
2021-12-16,0.455,0.192447,0.460233,0.196007,0.463109,0.201925,0.444326,0.161193,0.432256,0.147744,0.45059,0.166144,0.440589,0.165086,0.434332,0.154335,0.434707,0.161293
2021-12-17,0.446432,0.185623,0.454486,0.191698,0.454401,0.194851,0.440086,0.157721,0.428958,0.146087,0.446183,0.162555,0.4386,0.163749,0.432252,0.153654,0.432749,0.159972
2021-12-20,0.456775,0.193079,0.46503,0.197687,0.464753,0.2023,0.447545,0.163867,0.438756,0.152656,0.453589,0.168739,0.440812,0.165936,0.435941,0.156353,0.435024,0.162237
2021-12-21,0.46023,0.19647,0.467213,0.201246,0.467819,0.205701,0.446418,0.165228,0.438212,0.154731,0.452272,0.170122,0.439744,0.165763,0.434286,0.156006,0.433874,0.162057
2021-12-22,0.46196,0.196733,0.467459,0.200447,0.469224,0.205834,0.447554,0.16484,0.438981,0.154052,0.45331,0.169731,0.440414,0.165714,0.434522,0.155541,0.434494,0.161987
2021-12-23,0.472071,0.200462,0.47493,0.20325,0.480095,0.209947,0.447538,0.165024,0.438869,0.154485,0.45326,0.169927,0.440693,0.165701,0.4346,0.155685,0.434807,0.161978
2021-12-24,0.471609,0.196651,0.473833,0.199259,0.479405,0.205859,0.447791,0.164933,0.440483,0.155043,0.453272,0.169693,0.441156,0.165323,0.435328,0.155205,0.435215,0.161569
2021-12-27,0.469773,0.19595,0.473268,0.199747,0.477311,0.205143,0.446681,0.165136,0.439344,0.155366,0.452145,0.169906,0.435753,0.161738,0.429176,0.151099,0.429575,0.15788
2021-12-28,0.459027,0.197645,0.459225,0.202092,0.467143,0.207468,0.449516,0.169131,0.443939,0.160249,0.455128,0.174012,0.437845,0.16386,0.432099,0.153798,0.432004,0.16018
2021-12-29,0.451973,0.196651,0.44523,0.197242,0.460746,0.206735,0.448736,0.168994,0.443301,0.160158,0.454432,0.173883,0.436481,0.163567,0.42974,0.153195,0.430573,0.159866
2021-12-30,0.427023,0.196099,0.424092,0.198183,0.435992,0.206347,0.448724,0.170851,0.442869,0.162327,0.454324,0.175728,0.436954,0.164122,0.430839,0.154146,0.431035,0.160404
2022-01-03,0.411211,0.187679,0.404525,0.187326,0.418815,0.198072,0.446698,0.171285,0.43789,0.161667,0.452256,0.176164,0.436124,0.164665,0.42856,0.154278,0.429975,0.160904
2022-01-04,0.41574,0.189598,0.407817,0.188071,0.424501,0.200268,0.4433,0.170491,0.432021,0.159846,0.448792,0.175343,0.435747,0.164896,0.427558,0.15431,0.429614,0.161174
2022-01-05,0.407959,0.183507,0.396377,0.181541,0.415759,0.193831,0.436979,0.166469,0.423963,0.15472,0.441881,0.171081,0.440249,0.162535,0.428021,0.153658,0.434197,0.158602
2022-01-06,0.398787,0.187074,0.38574,0.184492,0.405011,0.196966,0.432386,0.16979,0.419355,0.158206,0.436795,0.174272,0.439095,0.165458,0.426263,0.155515,0.432837,0.161502
2022-01-07,0.394171,0.184804,0.384469,0.183132,0.399437,0.194547,0.434353,0.17118,0.422201,0.160245,0.438817,0.17566,0.440009,0.166401,0.427644,0.156708,0.43388,0.162515
2022-01-10,0.378692,0.182354,0.375738,0.184881,0.38264,0.191901,0.423562,0.169617,0.413275,0.160175,0.427523,0.174062,0.432961,0.163476,0.421496,0.154586,0.426323,0.159382
2022-01-11,0.376015,0.181653,0.374334,0.185206,0.379739,0.19117,0.422556,0.168632,0.412469,0.159293,0.426467,0.173052,0.437021,0.163883,0.418865,0.153619,0.419048,0.152309
2022-01-12,0.395183,0.195601,0.393816,0.201496,0.400534,0.20583,0.432192,0.176543,0.42189,0.168408,0.436554,0.181181,0.441633,0.168177,0.424411,0.158706,0.423957,0.156774
2022-01-13,0.395208,0.192535,0.393986,0.198134,0.400546,0.202654,0.43035,0.176557,0.41907,0.168221,0.434784,0.181271,0.441775,0.168752,0.423807,0.158579,0.42408,0.157326
2022-01-14,0.404124,0.205177,0.411631,0.214387,0.409336,0.215299,0.43323,0.182225,0.424173,0.174802,0.437484,0.186895,0.442449,0.171529,0.425231,0.161639,0.424809,0.160281
2022-01-17,0.413254,0.206808,0.420964,0.216263,0.418487,0.216726,0.432887,0.182393,0.424599,0.174853,0.436799,0.187023,0.444433,0.172589,0.428164,0.162371,0.426928,0.161427
2022-01-18,0.413394,0.207998,0.422773,0.220161,0.418092,0.21819,0.434278,0.182345,0.427686,0.17526,0.438139,0.186951,0.441571,0.171884,0.425415,0.161964,0.423857,0.160632
2022-01-19,0.406306,0.205461,0.410553,0.216667,0.40986,0.215571,0.430838,0.18114,0.420359,0.173578,0.434602,0.185693,0.438592,0.17132,0.422562,0.160835,0.420568,0.159987
2022-01-20,0.396839,0.202564,0.400404,0.2118,0.400468,0.212842,0.426094,0.180931,0.417001,0.173833,0.429753,0.185515,0.432231,0.171739,0.415952,0.160062,0.413748,0.160304
2022-01-21,0.404153,0.209204,0.40409,0.215732,0.40908,0.220029,0.428199,0.183723,0.421714,0.176975,0.43185,0.188312,0.433225,0.172115,0.41753,0.160157,0.414746,0.160749
2022-01-24,0.410983,0.205427,0.408925,0.214367,0.415578,0.215915,0.434882,0.184801,0.429757,0.179066,0.438356,0.18933,0.437779,0.172558,0.422035,0.161072,0.419522,0.161224
2022-01-25,0.440191,0.21655,0.433691,0.224968,0.407016,0.204402,0.448017,0.192417,0.440011,0.185835,0.432501,0.185676,0.444034,0.176135,0.426726,0.164295,0.426216,0.165048
2022-01-26,0.428241,0.215393,0.418054,0.224235,0.394684,0.203403,0.444716,0.192291,0.436942,0.185754,0.42917,0.185543,0.440372,0.175695,0.422445,0.163955,0.422353,0.164576
2022-01-27,0.462016,0.230693,0.440805,0.235132,0.40322,0.205661,0.465012,0.201467,0.450861,0.192455,0.435283,0.186409,0.447656,0.179423,0.425089,0.165813,0.427369,0.170768
2022-01-28,0.481276,0.23922,0.455635,0.24182,0.431409,0.220125,0.47258,0.205372,0.45493,0.1948,0.446678,0.193315,0.451521,0.181613,0.427575,0.167358,0.431664,0.173144
2022-02-03,0.493128,0.248728,0.469928,0.251687,0.446194,0.231717,0.476607,0.210102,0.460946,0.200098,0.451517,0.198869,0.448186,0.180635,0.424263,0.16574,0.428191,0.172219
2022-02-04,0.497674,0.250348,0.475394,0.251538,0.451585,0.233625,0.477393,0.209988,0.462124,0.199284,0.452555,0.198826,0.438191,0.178519,0.417979,0.163616,0.417385,0.169898
2022-02-07,0.49978,0.250133,0.480924,0.252565,0.454055,0.233398,0.479788,0.211338,0.466485,0.200389,0.455114,0.200138,0.425782,0.175021,0.412821,0.162948,0.403783,0.166025
2022-02-08,0.494163,0.249995,0.469411,0.252201,0.446652,0.233092,0.479651,0.211759,0.465701,0.201447,0.454915,0.20061,0.425543,0.174166,0.412605,0.161903,0.403525,0.165112
2022-02-09,0.508592,0.258844,0.484881,0.260917,0.464246,0.243405,0.490226,0.215869,0.476176,0.205764,0.466579,0.205197,0.430402,0.176281,0.416426,0.16381,0.408716,0.167357
2022-02-10,0.49243,0.255547,0.46151,0.256467,0.444037,0.2389,0.489485,0.214862,0.47556,0.204999,0.465696,0.204072,0.428883,0.175374,0.413955,0.162256,0.407091,0.166386
2022-02-11,0.489074,0.255511,0.45277,0.255364,0.439174,0.239124,0.485879,0.215941,0.468406,0.206127,0.461947,0.20542,0.427704,0.175476,0.412089,0.162023,0.405868,0.166538
2022-02-14,0.500133,0.252422,0.471174,0.254905,0.452726,0.2362,0.487996,0.216461,0.471764,0.207828,0.464274,0.206082,0.438216,0.177619,0.419194,0.163399,0.41662,0.16875
2022-02-15,0.498761,0.249233,0.469562,0.252116,0.45085,0.232445,0.487604,0.215527,0.471775,0.208195,0.46398,0.205158,0.438849,0.17739,0.420606,0.163542,0.417372,0.168533
2022-02-16,0.518828,0.252472,0.489301,0.256265,0.476591,0.236904,0.484521,0.211946,0.471609,0.206604,0.460414,0.201175,0.443427,0.178891,0.424162,0.165357,0.422533,0.170237
2022-02-17,0.519169,0.250943,0.488137,0.253824,0.476506,0.235197,0.478947,0.211963,0.463186,0.205935,0.454132,0.201071,0.443923,0.179412,0.423283,0.165262,0.422926,0.170741
2022-02-18,0.52794,0.257262,0.492248,0.257199,0.486152,0.242274,0.475914,0.211386,0.457903,0.205133,0.450606,0.200368,0.444702,0.179458,0.424256,0.165514,0.423729,0.170798
2022-02-21,0.53059,0.257271,0.49583,0.258671,0.488519,0.241708,0.471808,0.210629,0.45402,0.205295,0.445742,0.199382,0.44536,0.179989,0.425172,0.166618,0.424398,0.171337
2022-02-22,0.537944,0.255466,0.506634,0.258096,0.496859,0.240142,0.473368,0.209889,0.457165,0.204717,0.447491,0.198878,0.444021,0.178012,0.423582,0.164435,0.422941,0.169312
2022-02-23,0.538808,0.254918,0.507536,0.257005,0.498025,0.239715,0.474723,0.209875,0.459796,0.205104,0.449078,0.198992,0.444393,0.17838,0.424105,0.164977,0.423332,0.169715
2022-02-24,0.56408,0.246515,0.532236,0.254783,0.528144,0.231916,0.4881,0.20475,0.471935,0.204059,0.464193,0.194357,0.453108,0.176501,0.430592,0.164578,0.432719,0.16804
2022-02-25,0.557264,0.235891,0.524004,0.242986,0.521257,0.221092,0.491443,0.204413,0.47384,0.203478,0.467888,0.194258,0.453581,0.176679,0.43185,0.165031,0.433341,0.168361
2022-02-28,0.54267,0.228446,0.508302,0.237239,0.502978,0.21226,0.488551,0.204082,0.469177,0.202071,0.464881,0.193926,0.447532,0.174427,0.427712,0.163649,0.42666,0.165876
2022-03-02,0.527441,0.22997,0.489494,0.235844,0.48643,0.21424,0.481993,0.204802,0.464231,0.203024,0.458303,0.194784,0.432912,0.170225,0.418454,0.161125,0.417036,0.159757
2022-03-03,0.540197,0.239133,0.503978,0.24503,0.501277,0.224366,0.488508,0.207703,0.471301,0.205343,0.465566,0.197967,0.429936,0.165636,0.416154,0.156661,0.415919,0.159049
2022-03-04,0.53167,0.234701,0.494142,0.239359,0.491058,0.219271,0.487214,0.207829,0.471477,0.206082,0.464304,0.198147,0.428841,0.166888,0.414812,0.157099,0.414811,0.160293
2022-03-07,0.544528,0.229189,0.511572,0.241459,0.507377,0.214115,0.49457,0.204562,0.479578,0.207918,0.472634,0.194975,0.432108,0.164671,0.416865,0.15835,0.418337,0.158102
2022-03-08,0.541819,0.226133,0.511989,0.23901,0.505435,0.211084,0.497362,0.204165,0.483829,0.208419,0.475797,0.194659,0.434064,0.164806,0.419518,0.159136,0.420423,0.158239
2022-03-10,0.552819,0.220474,0.526723,0.235,0.51827,0.205253,0.503781,0.20146,0.49352,0.208706,0.482821,0.191991,0.436758,0.163288,0.423224,0.159173,0.423288,0.156748
2022-03-11,0.549917,0.220293,0.522371,0.232685,0.514902,0.204856,0.501387,0.201382,0.489425,0.208673,0.480093,0.191799,0.441443,0.165442,0.425363,0.160339,0.427976,0.158907
2022-03-14,0.543397,0.219117,0.513912,0.230854,0.508006,0.20371,0.499132,0.201797,0.487233,0.209444,0.477708,0.192249,0.441249,0.165337,0.424798,0.16011,0.427797,0.158822
2022-03-15,0.540721,0.221835,0.511636,0.234012,0.505382,0.20729,0.499707,0.20434,0.48766,0.212039,0.478284,0.195053,0.440136,0.168074,0.422922,0.162025,0.426588,0.161631
2022-03-16,0.544586,0.223607,0.518704,0.236986,0.510604,0.209763,0.501507,0.206788,0.489384,0.214488,0.480378,0.197784,0.437951,0.167281,0.421001,0.160311,0.424295,0.160823
2022-03-17,0.548583,0.227965,0.525163,0.240821,0.515693,0.214681,0.505282,0.209844,0.494767,0.218726,0.484602,0.201045,0.439359,0.169309,0.422347,0.162616,0.425809,0.16293
2022-03-18,0.549018,0.227142,0.526169,0.239167,0.516276,0.213959,0.506374,0.211622,0.496178,0.220255,0.485751,0.202975,0.440217,0.169955,0.423647,0.163257,0.426695,0.163585
2022-03-21,0.554483,0.229181,0.531899,0.241424,0.522044,0.216115,0.507052,0.210785,0.497473,0.219532,0.486546,0.202123,0.440949,0.168961,0.424326,0.161943,0.427436,0.162554
2022-03-22,0.551398,0.223643,0.529098,0.237972,0.518115,0.2101,0.509351,0.210455,0.499379,0.21907,0.488923,0.20176,0.44136,0.168844,0.424478,0.161972,0.42788,0.16245
2022-03-23,0.55911,0.222235,0.540389,0.236085,0.527499,0.209107,0.514797,0.210802,0.506359,0.219604,0.494799,0.202198,0.443281,0.168718,0.427496,0.162138,0.429929,0.162361
2022-03-24,0.560665,0.22279,0.542952,0.236471,0.529319,0.209704,0.516352,0.211181,0.507964,0.219755,0.49639,0.20259,0.443453,0.168971,0.42753,0.162213,0.430108,0.162605
2022-03-25,0.559896,0.221395,0.542286,0.234076,0.528577,0.208188,0.519858,0.211562,0.511442,0.220447,0.499805,0.202884,0.443638,0.168575,0.427818,0.161784,0.430307,0.162211
2022-03-28,0.562922,0.223633,0.539642,0.234108,0.531893,0.210946,0.519522,0.21102,0.509607,0.219065,0.49939,0.202361,0.441906,0.168966,0.424563,0.161877,0.42847,0.162638
2022-03-29,0.564874,0.219887,0.54211,0.231723,0.534099,0.206129,0.519944,0.208554,0.510733,0.217845,0.499877,0.19961,0.443219,0.168227,0.426396,0.161704,0.429823,0.161819
2022-03-30,0.561721,0.216111,0.537727,0.224524,0.53022,0.202081,0.513879,0.207127,0.501698,0.215565,0.493096,0.19795,0.442884,0.168536,0.425974,0.161888,0.429463,0.162138
2022-03-31,0.562375,0.215189,0.54096,0.22447,0.531113,0.201264,0.514351,0.20696,0.498454,0.213794,0.493156,0.197678,0.442337,0.168295,0.425275,0.161784,0.428894,0.161892
2022-04-01,0.56464,0.215255,0.54302,0.225163,0.533541,0.201282,0.507765,0.206939,0.491092,0.21491,0.485663,0.197467,0.443577,0.168624,0.427383,0.162611,0.430161,0.162239
2022-04-04,0.566623,0.214321,0.545848,0.223758,0.536022,0.20032,0.50386,0.20386,0.485906,0.21079,0.481186,0.194106,0.444224,0.168785,0.427911,0.162232,0.430813,0.162394
2022-04-05,0.56486,0.213486,0.546964,0.223042,0.534385,0.199376,0.506528,0.204451,0.488889,0.21122,0.48397,0.194712,0.444193,0.168435,0.428032,0.161644,0.43079,0.162028
2022-04-06,0.569628,0.216488,0.550446,0.227262,0.539536,0.202699,0.505128,0.20373,0.485767,0.210524,0.482478,0.193991,0.446028,0.169313,0.429302,0.162693,0.432641,0.162912
2022-04-07,0.577336,0.216183,0.561959,0.228041,0.547941,0.202008,0.505416,0.203657,0.486432,0.210971,0.482654,0.193903,0.448687,0.170362,0.433041,0.164091,0.435388,0.163994
2022-04-08,0.573289,0.214098,0.557187,0.225336,0.543618,0.199782,0.502163,0.20119,0.483283,0.20873,0.478915,0.191179,0.449176,0.170485,0.433855,0.164323,0.43587,0.164114
2022-04-11,0.577438,0.215071,0.557119,0.223471,0.547326,0.200688,0.497198,0.200357,0.477091,0.207264,0.473705,0.190353,0.446425,0.170189,0.430567,0.163792,0.433061,0.16385
2022-04-12,0.580547,0.21478,0.560378,0.221553,0.550662,0.200447,0.497591,0.199615,0.478603,0.206678,0.474138,0.189575,0.446165,0.169818,0.4307,0.163609,0.432774,0.163483
2022-04-13,0.574625,0.206355,0.553524,0.21067,0.543491,0.190951,0.499963,0.199475,0.482672,0.207935,0.476812,0.189435,0.447992,0.169747,0.433252,0.164033,0.434695,0.163411
2022-04-14,0.577383,0.209008,0.557394,0.213567,0.546414,0.193456,0.501886,0.199848,0.484239,0.208181,0.478695,0.189648,0.448255,0.170362,0.433159,0.164483,0.43495,0.163995
2022-04-15,0.578605,0.20584,0.557173,0.207341,0.547449,0.189888,0.503768,0.201378,0.488545,0.210364,0.480703,0.191319,0.448917,0.171085,0.434488,0.165486,0.435623,0.164743
2022-04-18,0.57371,0.202984,0.549239,0.205932,0.540763,0.186432,0.503159,0.201267,0.487324,0.209918,0.480023,0.191201,0.447914,0.170994,0.433132,0.165562,0.434556,0.16465
2022-04-19,0.578599,0.205133,0.556695,0.20975,0.546493,0.18885,0.506645,0.202908,0.491831,0.212638,0.483996,0.193018,0.450365,0.171723,0.436884,0.166687,0.437171,0.165428
2022-04-20,0.580126,0.206407,0.559578,0.212549,0.54809,0.190465,0.504944,0.202691,0.488814,0.212179,0.482118,0.192842,0.449915,0.171504,0.436077,0.166457,0.43669,0.16522
2022-04-21,0.590467,0.208809,0.570429,0.215635,0.55887,0.192626,0.50497,0.202154,0.488416,0.211618,0.482113,0.192198,0.450735,0.171881,0.437418,0.167376,0.437522,0.165584
2022-04-22,0.591534,0.206953,0.568818,0.210555,0.559517,0.190409,0.508962,0.203306,0.488464,0.211288,0.486158,0.193407,0.451286,0.171417,0.438012,0.167145,0.43809,0.165119
2022-04-25,0.596208,0.212422,0.575672,0.219352,0.564733,0.197338,0.513443,0.203902,0.493485,0.214223,0.491071,0.194319,0.455669,0.174022,0.443507,0.170558,0.442748,0.167949
2022-04-26,0.568761,0.200297,0.551295,0.206764,0.531493,0.183174,0.510508,0.201426,0.491802,0.212202,0.488118,0.191767,0.452824,0.173261,0.439753,0.169479,0.43981,0.167169
2022-04-27,0.576442,0.199471,0.558093,0.204477,0.540037,0.182346,0.508711,0.199963,0.488711,0.210452,0.486292,0.190258,0.452179,0.17202,0.438966,0.168217,0.439154,0.165899
2022-04-28,0.543725,0.186903,0.532395,0.196934,0.50268,0.183634,0.5067,0.201153,0.48596,0.211726,0.484106,0.191477,0.45175,0.17268,0.438224,0.168998,0.438691,0.166554
2022-04-29,0.523765,0.180869,0.510009,0.186725,0.471727,0.185619,0.503627,0.200935,0.483231,0.210974,0.480985,0.191301,0.449879,0.17269,0.436084,0.168941,0.436784,0.166581
2022-05-02,0.520076,0.178072,0.502272,0.181703,0.467746,0.182698,0.5066,0.203722,0.4857,0.213705,0.483965,0.194257,0.453153,0.174575,0.437932,0.170657,0.440069,0.168539
2022-05-03,0.519971,0.177915,0.500688,0.181412,0.467701,0.182647,0.508249,0.204094,0.485984,0.21349,0.485647,0.194644,0.453571,0.174799,0.437512,0.170503,0.440391,0.168732
2022-05-04,0.514709,0.176863,0.490684,0.179758,0.461198,0.181388,0.50728,0.203444,0.484607,0.212858,0.484622,0.19387,0.453181,0.174641,0.436376,0.170201,0.439946,0.168528
2022-05-06,0.523254,0.177886,0.506706,0.181078,0.472457,0.182384,0.507595,0.203255,0.486947,0.212894,0.484846,0.193669,0.456858,0.175253,0.441053,0.170781,0.443703,0.169161
2022-05-09,0.521681,0.174778,0.508275,0.181885,0.472011,0.179151,0.514041,0.205963,0.495725,0.21675,0.491931,0.196595,0.459267,0.176548,0.443905,0.172033,0.446128,0.170494
2022-05-10,0.524189,0.1761,0.512669,0.182881,0.475444,0.180861,0.505598,0.203977,0.486017,0.214175,0.482541,0.194352,0.458561,0.175982,0.443292,0.171456,0.445406,0.169925
2022-05-11,0.517744,0.17241,0.508485,0.17877,0.468269,0.176206,0.500569,0.201472,0.480716,0.211697,0.4771,0.19177,0.458288,0.175641,0.441035,0.170617,0.444925,0.169528
2022-05-12,0.500548,0.165934,0.490618,0.172758,0.448746,0.169192,0.499958,0.19874,0.481398,0.209276,0.476847,0.189058,0.456547,0.173658,0.439116,0.169446,0.443249,0.167548
2022-05-13,0.512074,0.169951,0.498865,0.177533,0.46963,0.168051,0.504951,0.199228,0.48475,0.209431,0.482211,0.1896,0.456918,0.173856,0.438697,0.169851,0.443646,0.16775
2022-05-16,0.494241,0.164304,0.481529,0.170825,0.446923,0.161306,0.506171,0.199466,0.486305,0.209925,0.483452,0.189872,0.460543,0.175149,0.44103,0.170729,0.447282,0.169036
2022-05-17,0.498519,0.164457,0.487895,0.172004,0.451692,0.161522,0.508134,0.198626,0.48841,0.209614,0.485507,0.188959,0.46102,0.175445,0.44149,0.171504,0.447718,0.169307
2022-05-18,0.496066,0.1643,0.485078,0.1714,0.449245,0.161404,0.512032,0.201134,0.489415,0.211082,0.489679,0.191607,0.462207,0.175099,0.441424,0.170648,0.448783,0.168885
2022-05-19,0.500964,0.162619,0.490709,0.168677,0.456124,0.159942,0.515084,0.19897,0.494096,0.20976,0.493079,0.189405,0.465164,0.174619,0.444863,0.170759,0.451838,0.168427
2022-05-20,0.509383,0.170791,0.495087,0.175077,0.466137,0.16921,0.523507,0.203224,0.504394,0.214176,0.502303,0.194038,0.469048,0.177309,0.448578,0.173039,0.45592,0.171232
2022-05-23,0.508004,0.17077,0.494826,0.17528,0.464557,0.169108,0.523296,0.203535,0.503441,0.214414,0.502036,0.194341,0.466369,0.176454,0.444819,0.171864,0.453035,0.170308
2022-05-24,0.480201,0.174437,0.475672,0.181333,0.443803,0.176428,0.52547,0.205975,0.506022,0.216457,0.504433,0.196882,0.468019,0.177654,0.447156,0.173512,0.45476,0.171549
2022-05-25,0.483854,0.178184,0.482322,0.186624,0.447596,0.180707,0.523759,0.204267,0.503449,0.213853,0.502396,0.195011,0.469043,0.178625,0.448296,0.174847,0.455788,0.172525
2022-05-26,0.481035,0.176597,0.47876,0.185318,0.444326,0.178918,0.513265,0.200396,0.492321,0.209765,0.490412,0.190667,0.469872,0.178954,0.448846,0.175034,0.456587,0.17285
2022-05-27,0.494828,0.178516,0.493084,0.187214,0.459251,0.182264,0.512355,0.200291,0.489614,0.209324,0.489174,0.190464,0.469548,0.178022,0.448225,0.17423,0.456233,0.171882
2022-05-30,0.485466,0.176751,0.482582,0.188446,0.447016,0.179948,0.515676,0.204949,0.493458,0.215523,0.492532,0.195329,0.471014,0.178923,0.450211,0.175843,0.457733,0.172832
2022-05-31,0.48809,0.175441,0.482799,0.185736,0.449107,0.178525,0.512214,0.201571,0.488743,0.210769,0.488585,0.191771,0.471869,0.178537,0.451921,0.175666,0.458611,0.172457
2022-06-02,0.468372,0.184112,0.469001,0.186706,0.44039,0.186852,0.513237,0.203104,0.491828,0.212392,0.489861,0.193448,0.472686,0.179672,0.452693,0.176803,0.459464,0.173632
2022-06-03,0.464707,0.185184,0.460943,0.185948,0.43598,0.18799,0.512882,0.203208,0.490074,0.212193,0.489472,0.193556,0.473375,0.180189,0.453145,0.177502,0.460177,0.174163
2022-06-07,0.466408,0.195645,0.46385,0.191283,0.44041,0.190922,0.518194,0.20481,0.49828,0.213625,0.495338,0.195418,0.475344,0.181395,0.456341,0.178805,0.462321,0.175488
2022-06-08,0.469868,0.197038,0.46593,0.190755,0.443817,0.192404,0.517674,0.204757,0.497342,0.213064,0.494738,0.195361,0.475563,0.181461,0.456664,0.178846,0.462548,0.175562
2022-06-09,0.481015,0.199107,0.472733,0.191211,0.455159,0.194618,0.517299,0.204166,0.496377,0.211906,0.494332,0.194731,0.476209,0.181258,0.457154,0.178393,0.4632,0.17535
2022-06-10,0.491958,0.194514,0.484505,0.189008,0.466398,0.190344,0.519365,0.203422,0.50061,0.212823,0.496785,0.194084,0.477999,0.181101,0.460036,0.179041,0.465097,0.175215
2022-06-13,0.551909,0.224376,0.500354,0.199641,0.465023,0.18567,0.543986,0.218318,0.513148,0.220956,0.506088,0.197727,0.492915,0.19075,0.467381,0.183441,0.470639,0.177538
2022-06-14,0.541606,0.219234,0.486715,0.193021,0.451294,0.179543,0.542486,0.218412,0.512068,0.220661,0.504741,0.19798,0.492378,0.190975,0.467337,0.183841,0.470154,0.177846
2022-06-15,0.552083,0.223768,0.501684,0.200767,0.467883,0.187478,0.546594,0.219178,0.51916,0.222864,0.510286,0.199723,0.493954,0.192697,0.468456,0.186252,0.471962,0.179882
2022-06-16,0.551866,0.225252,0.496442,0.202238,0.466657,0.189655,0.549759,0.220221,0.521093,0.223955,0.513532,0.200927,0.494601,0.1925,0.469142,0.186335,0.472614,0.179724
2022-06-17,0.54695,0.22133,0.490836,0.197488,0.460814,0.185173,0.545833,0.216671,0.516203,0.21929,0.508887,0.196914,0.494108,0.192142,0.468588,0.185926,0.472188,0.179406
2022-06-20,0.551881,0.22064,0.499337,0.197371,0.468428,0.185165,0.552711,0.21592,0.525968,0.218199,0.517734,0.196681,0.498642,0.192359,0.47447,0.18621,0.477272,0.179759
2022-06-21,0.55331,0.222271,0.502946,0.199545,0.471235,0.187631,0.553901,0.216709,0.52823,0.219771,0.518997,0.197509,0.498858,0.19274,0.475048,0.186902,0.477492,0.180142
2022-06-22,0.582543,0.22747,0.52711,0.206244,0.496306,0.193828,0.566072,0.218024,0.538373,0.220907,0.534557,0.199893,0.507255,0.194652,0.481002,0.188819,0.486995,0.182416
2022-06-23,0.588712,0.22272,0.539713,0.202409,0.510118,0.18943,0.56976,0.21601,0.542132,0.218586,0.53967,0.198058,0.50985,0.193311,0.484435,0.18795,0.490056,0.181147
2022-06-24,0.615513,0.241607,0.559994,0.218751,0.548117,0.212562,0.584075,0.223873,0.554583,0.225283,0.555892,0.206772,0.519114,0.198656,0.491662,0.192136,0.500048,0.186842
2022-06-27,0.616087,0.241148,0.567466,0.221001,0.549682,0.21258,0.582005,0.221555,0.55329,0.222404,0.55376,0.204429,0.519114,0.198621,0.491824,0.192313,0.499965,0.18676
2022-06-28,0.617637,0.243273,0.566676,0.220702,0.551204,0.214678,0.582681,0.221734,0.554295,0.222489,0.554452,0.204615,0.519252,0.198712,0.491461,0.192109,0.50007,0.186833
2022-06-29,0.622335,0.245335,0.574119,0.225752,0.56104,0.21845,0.586708,0.222956,0.56032,0.224825,0.55952,0.206166,0.522589,0.199707,0.496165,0.193778,0.50385,0.18802
2022-06-30,0.615435,0.244974,0.570834,0.227916,0.556562,0.21918,0.585062,0.222506,0.561413,0.225024,0.558398,0.206032,0.522859,0.200193,0.497374,0.194766,0.504391,0.188661
2022-07-01,0.613986,0.245037,0.572199,0.230618,0.556276,0.22018,0.585008,0.222485,0.56314,0.226687,0.558693,0.206335,0.523132,0.200467,0.498433,0.196291,0.504824,0.189076
2022-07-04,0.617224,0.244424,0.576581,0.228716,0.560326,0.218832,0.589111,0.22342,0.567716,0.227559,0.563066,0.207241,0.522982,0.200228,0.498682,0.196035,0.504726,0.188822
2022-07-05,0.626242,0.250412,0.584766,0.232746,0.571487,0.225408,0.597403,0.226494,0.576265,0.229589,0.572139,0.210407,0.527605,0.202722,0.502989,0.19818,0.509681,0.191474
2022-07-06,0.63131,0.254658,0.596795,0.236681,0.583627,0.232858,0.599763,0.229137,0.578879,0.23075,0.576092,0.213991,0.530546,0.205106,0.506114,0.199575,0.513244,0.194206
2022-07-07,0.64412,0.257671,0.613805,0.240081,0.597359,0.235535,0.60753,0.230982,0.585943,0.231534,0.584164,0.215801,0.531619,0.205254,0.507913,0.199913,0.514353,0.194379
2022-07-08,0.646699,0.258698,0.61752,0.241349,0.600087,0.236773,0.609949,0.231461,0.590169,0.231934,0.586696,0.216319,0.53242,0.205459,0.509785,0.200386,0.515178,0.194595
2022-07-11,0.640966,0.257173,0.607863,0.239581,0.593592,0.235456,0.604786,0.227126,0.582271,0.225715,0.581107,0.211857,0.532601,0.205517,0.510206,0.200656,0.515381,0.194701
2022-07-12,0.641409,0.254861,0.61286,0.238489,0.595745,0.233746,0.606955,0.227331,0.586773,0.226151,0.583929,0.212256,0.534213,0.205712,0.51304,0.201233,0.517241,0.19499
2022-07-13,0.642201,0.250947,0.613667,0.234742,0.596302,0.229395,0.607825,0.224208,0.58696,0.220906,0.58451,0.208736,0.534577,0.205292,0.513784,0.200973,0.517584,0.194581
2022-07-14,0.642529,0.251575,0.612005,0.235073,0.596679,0.230159,0.606816,0.223877,0.583455,0.220753,0.582931,0.208089,0.533805,0.20541,0.512019,0.201059,0.516734,0.194692
2022-07-15,0.632149,0.247518,0.594525,0.229046,0.584988,0.225514,0.603801,0.222973,0.579409,0.219479,0.579735,0.207135,0.532154,0.205048,0.509693,0.200408,0.514953,0.194288
2022-07-18,0.635935,0.253207,0.603652,0.235234,0.590905,0.232004,0.607289,0.225875,0.586174,0.224026,0.583591,0.210239,0.532885,0.205395,0.510695,0.200557,0.51582,0.194713
2022-07-19,0.635474,0.251497,0.602141,0.230101,0.590272,0.230147,0.610837,0.225924,0.589747,0.223649,0.58723,0.210271,0.532147,0.205088,0.509081,0.200097,0.515047,0.194382
2022-07-20,0.6402,0.25167,0.611865,0.231366,0.595443,0.230348,0.613384,0.224956,0.592843,0.221961,0.589606,0.209142,0.533487,0.204838,0.511581,0.200271,0.516416,0.194178
2022-07-21,0.630908,0.243193,0.598946,0.220766,0.582503,0.219072,0.610078,0.224324,0.586932,0.220585,0.58528,0.20816,0.532367,0.204523,0.509688,0.1996,0.515251,0.193855
2022-07-22,0.637804,0.244386,0.610156,0.222919,0.590801,0.219757,0.604274,0.220373,0.581748,0.21505,0.578024,0.203376,0.533174,0.204092,0.511688,0.199006,0.516146,0.193385
2022-07-25,0.639008,0.245107,0.612121,0.225434,0.591716,0.220813,0.607869,0.221257,0.585805,0.215829,0.581682,0.204273,0.532963,0.203791,0.511442,0.198637,0.515831,0.19305
2022-07-26,0.644431,0.245879,0.617339,0.226088,0.597623,0.221613,0.599403,0.216524,0.577114,0.211733,0.575614,0.201728,0.532958,0.204016,0.511167,0.198934,0.515775,0.193244
2022-07-27,0.649464,0.245771,0.626268,0.227887,0.603453,0.222173,0.594226,0.214283,0.571567,0.208531,0.564965,0.203435,0.533,0.20393,0.511317,0.198932,0.515818,0.193169
2022-07-28,0.64972,0.245237,0.626501,0.22576,0.603348,0.22029,0.592869,0.212027,0.567932,0.205141,0.563191,0.20072,0.532231,0.204185,0.510229,0.199286,0.514971,0.193388
2022-07-29,0.651584,0.248453,0.631563,0.230413,0.605445,0.223517,0.594734,0.213855,0.570454,0.207378,0.565204,0.202693,0.533069,0.204961,0.511587,0.200207,0.515832,0.194213
2022-08-01,0.653787,0.249629,0.635204,0.23181,0.607836,0.224841,0.593703,0.213756,0.567618,0.206597,0.563905,0.20253,0.532084,0.204928,0.509471,0.199954,0.514754,0.194123
2022-08-02,0.652947,0.248969,0.632646,0.230843,0.606352,0.223451,0.595432,0.213332,0.571757,0.206404,0.565973,0.202062,0.532493,0.2047,0.510782,0.200087,0.515258,0.193916
2022-08-03,0.651767,0.247101,0.627504,0.225819,0.602713,0.220268,0.594209,0.211627,0.569179,0.204579,0.564285,0.200074,0.533731,0.205,0.51271,0.200444,0.516518,0.194212
2022-08-04,0.654319,0.248086,0.628888,0.226884,0.605023,0.220726,0.596683,0.212608,0.572236,0.205819,0.566812,0.201164,0.533839,0.204927,0.513046,0.200606,0.516636,0.19416
2022-08-05,0.660979,0.25054,0.639307,0.231051,0.612608,0.223231,0.59989,0.213224,0.576556,0.206131,0.56999,0.201484,0.534096,0.20548,0.513355,0.201235,0.516839,0.194683
2022-08-08,0.66734,0.254998,0.640068,0.23377,0.617194,0.226987,0.594804,0.213162,0.568306,0.205126,0.56375,0.20121,0.534521,0.205881,0.513845,0.201641,0.517261,0.195069
2022-08-09,0.662413,0.25649,0.631177,0.232584,0.610069,0.228002,0.594669,0.214273,0.565259,0.205626,0.563128,0.202295,0.536159,0.206474,0.515154,0.202158,0.518924,0.195649
2022-08-10,0.659949,0.257277,0.631315,0.23539,0.608207,0.229361,0.587115,0.212814,0.557404,0.204071,0.554798,0.200697,0.53509,0.206341,0.513959,0.202189,0.517921,0.195575
2022-08-11,0.661931,0.264197,0.636513,0.242525,0.611152,0.237539,0.591788,0.216602,0.564781,0.208513,0.559987,0.204966,0.537468,0.208601,0.517771,0.204525,0.520439,0.197939
2022-08-12,0.662583,0.263852,0.637879,0.243125,0.611882,0.237077,0.591459,0.216612,0.564257,0.208499,0.559652,0.20501,0.53739,0.208512,0.517507,0.204271,0.520345,0.197843
2022-08-16,0.661111,0.264622,0.633243,0.242164,0.607836,0.236584,0.590235,0.215556,0.56267,0.206264,0.5583,0.203844,0.537821,0.208414,0.518307,0.204131,0.520793,0.197754
2022-08-17,0.651209,0.257153,0.621215,0.23492,0.59641,0.228827,0.587777,0.215573,0.557122,0.205759,0.55537,0.203791,0.537973,0.208373,0.518417,0.204217,0.520949,0.197719
2022-08-18,0.649916,0.257351,0.625221,0.23798,0.596324,0.229602,0.587368,0.215732,0.558821,0.207179,0.555345,0.20407,0.540531,0.209137,0.521252,0.205245,0.52366,0.198538
2022-08-19,0.649825,0.254541,0.622269,0.233614,0.595424,0.225681,0.576268,0.21785,0.548463,0.208075,0.539137,0.201067,0.540904,0.209163,0.522113,0.205357,0.524113,0.198625
2022-08-22,0.65426,0.255581,0.635069,0.238339,0.6023,0.22777,0.581395,0.220112,0.556303,0.21156,0.545195,0.203572,0.541883,0.209871,0.523366,0.206671,0.5252,0.199403
2022-08-23,0.6569,0.257613,0.644673,0.24413,0.60713,0.231181,0.583049,0.221211,0.560195,0.21368,0.547581,0.205064,0.542033,0.211345,0.523717,0.208433,0.525298,0.200972
2022-08-24,0.656848,0.255837,0.643938,0.240603,0.606905,0.229605,0.589482,0.221066,0.567447,0.212964,0.554303,0.205144,0.54183,0.21081,0.523451,0.208105,0.52509,0.20046
2022-08-25,0.659368,0.251429,0.649333,0.235382,0.610192,0.225263,0.587912,0.218866,0.566135,0.21176,0.552284,0.202696,0.538075,0.208295,0.521459,0.206456,0.520678,0.197666
2022-08-26,0.654957,0.250134,0.643596,0.237404,0.6056,0.224801,0.588528,0.218651,0.564555,0.211092,0.552656,0.20265,0.535617,0.207875,0.517381,0.206207,0.517937,0.197229
2022-08-29,0.66218,0.252323,0.651883,0.241685,0.616732,0.228833,0.588948,0.225982,0.564956,0.214055,0.553131,0.210702,0.537807,0.208872,0.519431,0.208057,0.520478,0.198442
2022-08-30,0.669737,0.25199,0.666096,0.243714,0.626138,0.229377,0.595335,0.228096,0.570795,0.215905,0.55945,0.212723,0.539411,0.208673,0.522103,0.208674,0.522087,0.198231
2022-08-31,0.668038,0.247295,0.661179,0.236685,0.622455,0.223488,0.592806,0.230379,0.567331,0.215,0.556464,0.214813,0.53952,0.208225,0.522598,0.208032,0.522226,0.197782
2022-09-01,0.67876,0.252138,0.679378,0.24525,0.638291,0.230878,0.604021,0.234665,0.579894,0.220066,0.570255,0.220063,0.544531,0.210165,0.528148,0.21043,0.527837,0.199971
2022-09-02,0.677223,0.252009,0.677806,0.245677,0.636836,0.230614,0.608641,0.235198,0.584196,0.219754,0.57495,0.220459,0.543895,0.209795,0.527669,0.209973,0.527213,0.199607
2022-09-05,0.670122,0.252117,0.663096,0.242348,0.62828,0.23004,0.607361,0.232537,0.581216,0.21702,0.573605,0.217173,0.544769,0.210179,0.527092,0.209865,0.528103,0.199966
2022-09-06,0.644939,0.234082,0.645054,0.229978,0.618549,0.224678,0.605296,0.230385,0.577212,0.214946,0.571131,0.214649,0.543369,0.209999,0.524196,0.209047,0.526628,0.199763
2022-09-07,0.649526,0.235761,0.652425,0.231451,0.623897,0.226227,0.604315,0.228268,0.576058,0.212451,0.57051,0.21267,0.543744,0.210055,0.525564,0.209641,0.52717,0.199879
2022-09-08,0.642415,0.233525,0.638761,0.222085,0.614345,0.222578,0.603188,0.228488,0.574321,0.211944,0.569316,0.212824,0.543723,0.210538,0.524944,0.209887,0.527093,0.200391
2022-09-13,0.64829,0.243021,0.645536,0.228738,0.626948,0.230228,0.609276,0.235405,0.577322,0.216271,0.583951,0.217276,0.547576,0.213287,0.527542,0.211416,0.531315,0.203378
2022-09-14,0.654668,0.245984,0.657363,0.236853,0.634643,0.233763,0.612596,0.23532,0.583158,0.218847,0.587916,0.217504,0.549322,0.212885,0.530846,0.212979,0.533312,0.203098
2022-09-15,0.647074,0.248173,0.645302,0.238735,0.625178,0.235473,0.610383,0.236197,0.579252,0.219623,0.585177,0.218279,0.550342,0.21325,0.531977,0.213446,0.534383,0.203526
2022-09-16,0.64733,0.254592,0.649392,0.246869,0.62575,0.242933,0.610811,0.239573,0.581445,0.224147,0.585855,0.22212,0.55193,0.215079,0.534939,0.215899,0.536093,0.205501
2022-09-19,0.628176,0.251011,0.634947,0.244305,0.613307,0.236835,0.610181,0.240005,0.58353,0.226287,0.585394,0.222657,0.551604,0.215285,0.534737,0.216743,0.535744,0.205713
2022-09-20,0.624522,0.257425,0.626751,0.250422,0.608151,0.243537,0.611735,0.240514,0.586351,0.226982,0.58712,0.223181,0.552914,0.215952,0.536529,0.217806,0.537089,0.206388
2022-09-21,0.607536,0.246693,0.615961,0.2435,0.586723,0.229977,0.611458,0.242115,0.588741,0.230552,0.586859,0.224896,0.554524,0.216661,0.539293,0.219163,0.538825,0.207173
2022-09-22,0.607191,0.250863,0.615662,0.248623,0.585887,0.233881,0.612101,0.243726,0.591421,0.233855,0.587526,0.226633,0.554043,0.218201,0.538875,0.221466,0.538368,0.208808
2022-09-23,0.606457,0.258029,0.614811,0.251055,0.585359,0.240499,0.611647,0.247886,0.591101,0.236163,0.587226,0.231109,0.554112,0.220568,0.539385,0.222784,0.538601,0.211394
2022-09-26,0.637976,0.283124,0.625248,0.263054,0.589843,0.244039,0.630168,0.262495,0.600609,0.245025,0.609098,0.247609,0.565345,0.22932,0.545343,0.227816,0.550947,0.22078
2022-09-27,0.638985,0.286053,0.619119,0.260632,0.588481,0.246175,0.626826,0.262314,0.595567,0.244706,0.605535,0.247419,0.56444,0.229236,0.544704,0.22779,0.550027,0.220692
2022-09-28,0.649186,0.290877,0.627218,0.264819,0.63992,0.278776,0.630965,0.264627,0.601762,0.249374,0.61036,0.250033,0.567229,0.230437,0.547343,0.229629,0.553118,0.221995
2022-09-29,0.646046,0.293814,0.62374,0.268696,0.636351,0.281829,0.631298,0.265983,0.60244,0.249729,0.610813,0.251436,0.567763,0.23156,0.547792,0.23041,0.553677,0.22311
2022-09-30,0.638508,0.284376,0.616655,0.259057,0.626241,0.270935,0.630055,0.263565,0.600878,0.247075,0.609451,0.248783,0.568236,0.230694,0.548998,0.229884,0.554256,0.222253
2022-10-04,0.654076,0.2962,0.626247,0.268816,0.644329,0.283891,0.641243,0.27198,0.61166,0.25487,0.62218,0.258063,0.57614,0.236005,0.556015,0.234572,0.562515,0.227738
2022-10-05,0.649444,0.295108,0.617898,0.266842,0.639077,0.282922,0.644243,0.272757,0.614059,0.255361,0.625217,0.258754,0.575263,0.235336,0.554344,0.233146,0.561597,0.226989
2022-10-06,0.644711,0.294016,0.613894,0.266752,0.634115,0.281667,0.64338,0.273121,0.613444,0.255956,0.624522,0.259208,0.575197,0.235224,0.554893,0.233172,0.561573,0.226883
2022-10-07,0.64369,0.293362,0.611594,0.264579,0.632954,0.280929,0.639377,0.271746,0.606149,0.253611,0.620089,0.25778,0.572686,0.234425,0.550348,0.231771,0.558821,0.226011
2022-10-11,0.653006,0.306377,0.621501,0.277408,0.642908,0.295521,0.643167,0.276688,0.613357,0.258915,0.624594,0.263376,0.577254,0.239095,0.552819,0.234726,0.563612,0.230938
2022-10-12,0.654733,0.310876,0.621859,0.280941,0.64427,0.30021,0.643244,0.276804,0.612715,0.258079,0.624638,0.263523,0.575265,0.239441,0.549694,0.235109,0.561296,0.23121
2022-10-13,0.658955,0.313464,0.632995,0.287323,0.648877,0.303003,0.645028,0.278327,0.617014,0.2608,0.626576,0.265232,0.573927,0.238881,0.548798,0.234535,0.559901,0.230641
2022-10-14,0.681106,0.329019,0.658015,0.304172,0.674182,0.321033,0.651323,0.284447,0.621306,0.266065,0.633868,0.272137,0.581282,0.243343,0.556063,0.238406,0.567637,0.23532
2022-10-17,0.679559,0.325007,0.648527,0.296264,0.67263,0.316622,0.651049,0.284368,0.621887,0.265736,0.6336,0.272038,0.581205,0.24248,0.555877,0.237415,0.567526,0.234397
2022-10-18,0.683717,0.323247,0.657546,0.294856,0.677249,0.31484,0.653358,0.283244,0.625977,0.264102,0.636362,0.271022,0.582351,0.241563,0.556952,0.236225,0.568729,0.233502
2022-10-19,0.675995,0.324024,0.643006,0.294871,0.668753,0.315483,0.651136,0.283077,0.623642,0.264492,0.634042,0.270896,0.580672,0.240848,0.554014,0.23526,0.566953,0.232809
2022-10-20,0.680022,0.324879,0.649126,0.296524,0.673219,0.316433,0.648558,0.279844,0.620195,0.260647,0.631103,0.267082,0.581772,0.241003,0.555971,0.235618,0.568196,0.233014
2022-10-21,0.675402,0.326432,0.643035,0.299601,0.667873,0.317849,0.650734,0.281283,0.62289,0.262652,0.633314,0.268616,0.581238,0.241117,0.555867,0.23595,0.56769,0.233218
2022-10-24,0.663164,0.318473,0.628052,0.29479,0.654138,0.3096,0.645346,0.279243,0.617629,0.261716,0.627556,0.2666,0.577766,0.239304,0.552735,0.234555,0.564152,0.231443
2022-10-25,0.658434,0.316852,0.623491,0.293493,0.648718,0.30767,0.64611,0.2792,0.618108,0.26167,0.628349,0.266555,0.578026,0.239026,0.552654,0.233906,0.564387,0.231147
2022-10-26,0.657903,0.316272,0.623728,0.293587,0.647931,0.307013,0.648434,0.27944,0.62174,0.262246,0.630863,0.266898,0.578499,0.239113,0.553494,0.234108,0.564864,0.231255
2022-10-27,0.663128,0.317308,0.631406,0.298189,0.654269,0.308491,0.651507,0.280061,0.626353,0.263205,0.634511,0.267662,0.58111,0.240205,0.556535,0.235562,0.567637,0.232389
2022-10-28,0.645112,0.309945,0.6146,0.292035,0.634435,0.300529,0.643812,0.277553,0.62136,0.261928,0.626305,0.265154,0.576586,0.238595,0.55292,0.234626,0.563014,0.230804
2022-10-31,0.645395,0.305017,0.615776,0.28756,0.634443,0.295368,0.644952,0.275729,0.622912,0.260698,0.627518,0.263349,0.576047,0.237546,0.552136,0.233913,0.562445,0.229752
2022-11-01,0.643612,0.306341,0.614343,0.291103,0.632383,0.296715,0.643113,0.276453,0.619475,0.261308,0.62542,0.263935,0.575546,0.237305,0.551423,0.233259,0.561886,0.229474
2022-11-02,0.640042,0.304585,0.60672,0.288411,0.628083,0.294854,0.640105,0.274998,0.613231,0.257856,0.622075,0.262312,0.577241,0.237842,0.551228,0.23306,0.563531,0.229969
2022-11-03,0.638378,0.305818,0.603908,0.29009,0.626263,0.296099,0.640174,0.276005,0.613722,0.260194,0.622173,0.263348,0.575947,0.237177,0.54896,0.232899,0.562117,0.229241
2022-11-04,0.63909,0.30459,0.597974,0.286183,0.626801,0.295105,0.645304,0.277457,0.618511,0.261589,0.627515,0.264879,0.576201,0.236563,0.54909,0.232361,0.562373,0.228619
2022-11-07,0.64173,0.304438,0.601708,0.284563,0.630046,0.295055,0.649433,0.279746,0.622979,0.263838,0.631836,0.267083,0.576316,0.23669,0.549583,0.232604,0.562539,0.228748
2022-11-08,0.638846,0.302597,0.598745,0.280624,0.626782,0.292878,0.644974,0.279526,0.616878,0.262012,0.626835,0.266681,0.576166,0.23679,0.54886,0.232491,0.562332,0.228838
2022-11-09,0.641022,0.299906,0.606021,0.280158,0.629207,0.290174,0.644774,0.278577,0.617623,0.261258,0.626695,0.265635,0.576503,0.236644,0.550108,0.232414,0.562689,0.228685
2022-11-10,0.635868,0.292554,0.595562,0.269701,0.623037,0.281615,0.644336,0.27793,0.618085,0.260265,0.626191,0.264989,0.578111,0.237015,0.552277,0.232862,0.564329,0.229073
2022-11-11,0.646614,0.31294,0.613197,0.28924,0.627258,0.283446,0.649855,0.290164,0.628876,0.271596,0.631511,0.270047,0.582927,0.244722,0.557332,0.238345,0.570676,0.232302
2022-11-14,0.64259,0.31659,0.608875,0.292493,0.62355,0.287629,0.647231,0.291136,0.6243,0.272469,0.628579,0.271025,0.581517,0.244653,0.555777,0.23828,0.569241,0.232273
2022-11-15,0.63606,0.313723,0.604692,0.291598,0.616957,0.284918,0.6397,0.286935,0.614703,0.268094,0.6203,0.2665,0.57922,0.244066,0.552701,0.237597,0.566823,0.231676
2022-11-16,0.632488,0.312547,0.600462,0.291,0.61338,0.284103,0.6371,0.286188,0.611102,0.267585,0.617574,0.265746,0.579267,0.244411,0.552278,0.237975,0.56688,0.232041
2022-11-17,0.637392,0.313667,0.609075,0.292348,0.618354,0.28529,0.639209,0.285474,0.614394,0.266406,0.6198,0.264889,0.577848,0.244143,0.550555,0.23762,0.565326,0.231724
2022-11-18,0.633556,0.312916,0.60042,0.290093,0.614261,0.284435,0.639593,0.285226,0.614737,0.266054,0.62014,0.26458,0.578814,0.244241,0.550598,0.237333,0.566249,0.231776
2022-11-21,0.627117,0.310215,0.587115,0.283157,0.607218,0.28184,0.637796,0.284552,0.612889,0.264949,0.61836,0.26397,0.578405,0.244058,0.550389,0.236903,0.565875,0.231634
2022-11-22,0.626344,0.312057,0.583594,0.284844,0.605627,0.283426,0.63719,0.284625,0.611643,0.264972,0.617778,0.263973,0.57782,0.244014,0.549341,0.236872,0.565227,0.231581
2022-11-23,0.62389,0.313957,0.580191,0.287079,0.602441,0.285294,0.636819,0.283761,0.611168,0.262974,0.61738,0.262934,0.578992,0.244454,0.551554,0.237686,0.566449,0.232033
2022-11-24,0.623095,0.311486,0.582697,0.285459,0.602327,0.284122,0.635066,0.28385,0.609408,0.263235,0.615522,0.263339,0.578927,0.244076,0.551631,0.236905,0.56639,0.231736
2022-11-25,0.610931,0.307818,0.564648,0.279223,0.589279,0.280089,0.633616,0.283027,0.605722,0.261624,0.613971,0.262417,0.580401,0.245176,0.551848,0.23759,0.56792,0.23287
2022-11-28,0.607742,0.308438,0.559649,0.27805,0.583983,0.279926,0.634888,0.283296,0.610278,0.262466,0.61555,0.262813,0.582697,0.245548,0.555666,0.238184,0.570326,0.233264
2022-11-29,0.61003,0.311019,0.565758,0.281422,0.587098,0.284149,0.63489,0.283239,0.610433,0.261183,0.615543,0.262734,0.584506,0.246026,0.559121,0.238937,0.572263,0.233795
2022-11-30,0.597373,0.303858,0.553766,0.272063,0.573111,0.27606,0.634966,0.28207,0.613256,0.260521,0.61568,0.261537,0.58436,0.245595,0.559309,0.238394,0.572118,0.233373
2022-12-01,0.601885,0.309275,0.562808,0.280766,0.578756,0.283147,0.636499,0.285052,0.616134,0.264909,0.617363,0.264819,0.586228,0.24764,0.56092,0.240338,0.574016,0.235477
2022-12-02,0.613258,0.307572,0.583215,0.280225,0.59071,0.280927,0.638308,0.283991,0.619886,0.263356,0.619328,0.263663,0.587311,0.245774,0.562742,0.238043,0.575151,0.233565
2022-12-05,0.611014,0.30519,0.580585,0.277192,0.587585,0.278354,0.622265,0.274133,0.608604,0.256191,0.61313,0.258069,0.58332,0.24407,0.557721,0.235863,0.570847,0.231712
2022-12-06,0.614646,0.305041,0.584363,0.275975,0.591118,0.278451,0.62529,0.274775,0.614359,0.257227,0.616319,0.258999,0.583727,0.244423,0.558352,0.235796,0.571245,0.232126
2022-12-07,0.613964,0.305699,0.581825,0.274281,0.589873,0.27854,0.621525,0.273681,0.608582,0.25335,0.612363,0.257681,0.584633,0.245989,0.558652,0.237125,0.572103,0.233724
2022-12-08,0.602036,0.298388,0.56796,0.267173,0.58194,0.274872,0.621865,0.274161,0.608492,0.253634,0.612642,0.258214,0.583384,0.245165,0.555884,0.235449,0.57074,0.232821
2022-12-09,0.591933,0.297205,0.557886,0.26431,0.570766,0.27336,0.620384,0.274859,0.609418,0.255285,0.61138,0.259097,0.582401,0.244966,0.556478,0.23565,0.569816,0.232675
2022-12-12,0.591067,0.297889,0.556372,0.264987,0.569882,0.273972,0.615757,0.275467,0.601302,0.255727,0.60645,0.259618,0.58182,0.244791,0.555602,0.235478,0.569228,0.232493
2022-12-13,0.585925,0.291112,0.549405,0.255987,0.564032,0.266057,0.613534,0.274267,0.598759,0.254556,0.603911,0.25827,0.581457,0.244065,0.555233,0.234452,0.568837,0.231728
2022-12-14,0.583259,0.291373,0.544477,0.257681,0.561419,0.266918,0.60307,0.273195,0.588979,0.253533,0.592976,0.257223,0.581127,0.244504,0.555158,0.234924,0.568548,0.232221
2022-12-15,0.586433,0.289251,0.549917,0.253951,0.564939,0.264712,0.602663,0.275036,0.589081,0.255408,0.592403,0.259137,0.582243,0.244119,0.557667,0.234696,0.569742,0.231856
2022-12-16,0.586171,0.288098,0.547425,0.251698,0.564442,0.263508,0.593099,0.26961,0.58025,0.249934,0.581213,0.252641,0.58261,0.244046,0.558644,0.234953,0.570129,0.231791
2022-12-19,0.585754,0.285421,0.546928,0.246554,0.563932,0.260496,0.593495,0.270004,0.579141,0.249287,0.581173,0.252746,0.582518,0.244206,0.558696,0.23548,0.570029,0.231962
2022-12-20,0.584658,0.284949,0.543498,0.248581,0.562102,0.259863,0.593303,0.27263,0.578534,0.252075,0.580883,0.25572,0.58231,0.245435,0.55865,0.236617,0.569833,0.233429
2022-12-21,0.536256,0.250413,0.517761,0.230906,0.503812,0.219934,0.588638,0.270817,0.572126,0.249178,0.576146,0.25395,0.581862,0.244935,0.557978,0.235763,0.569373,0.232902
2022-12-22,0.54474,0.254168,0.524847,0.235185,0.513335,0.224179,0.591481,0.272419,0.573755,0.250082,0.579091,0.255658,0.5845,0.246775,0.560686,0.2377,0.572076,0.234794
2022-12-23,0.542065,0.252924,0.525318,0.234265,0.499192,0.214481,0.597036,0.275193,0.579778,0.252351,0.584945,0.258562,0.58517,0.246715,0.56177,0.237885,0.572842,0.234803
2022-12-26,0.545492,0.251144,0.528748,0.233309,0.503152,0.211293,0.597472,0.276107,0.58012,0.253824,0.58554,0.259526,0.586,0.246671,0.562488,0.237667,0.573714,0.234755
2022-12-27,0.544329,0.255976,0.528485,0.238248,0.502285,0.216262,0.594396,0.274746,0.575559,0.251423,0.581418,0.257535,0.586648,0.247149,0.563621,0.238424,0.574379,0.235246
2022-12-28,0.51784,0.238319,0.50839,0.222429,0.466826,0.192993,0.589976,0.271986,0.57066,0.250439,0.576633,0.254441,0.586159,0.246724,0.563581,0.238851,0.573938,0.234905
2022-12-29,0.536334,0.247398,0.532665,0.235,0.488622,0.20295,0.595149,0.275203,0.577254,0.255103,0.581969,0.257819,0.58891,0.248059,0.566919,0.240912,0.576889,0.236364
2023-01-02,0.522813,0.237488,0.52393,0.228578,0.472928,0.192093,0.586494,0.270348,0.569608,0.251567,0.572804,0.252732,0.586305,0.246466,0.565426,0.239848,0.574294,0.234775
2023-01-03,0.523458,0.237806,0.525883,0.229751,0.474072,0.193001,0.586441,0.270093,0.569228,0.251151,0.572808,0.252675,0.585678,0.245609,0.564023,0.23818,0.573637,0.233906
2023-01-04,0.503942,0.219699,0.515098,0.218193,0.452777,0.17337,0.583421,0.26868,0.567681,0.251198,0.569729,0.251389,0.585482,0.245497,0.565561,0.238657,0.573465,0.233859
2023-01-05,0.486434,0.216508,0.507043,0.215685,0.435584,0.171367,0.574258,0.268386,0.563362,0.252121,0.560128,0.251317,0.581388,0.244706,0.564225,0.238207,0.569351,0.233136
2023-01-06,0.491643,0.212869,0.509243,0.210304,0.444782,0.168753,0.580006,0.268537,0.571619,0.253097,0.566745,0.25172,0.583819,0.244908,0.567814,0.238629,0.571946,0.233373
2023-01-09,0.472421,0.202943,0.49628,0.204544,0.444782,0.168753,0.585171,0.272292,0.57875,0.258611,0.572515,0.25597,0.585841,0.2468,0.57104,0.241125,0.574051,0.235353
2023-01-10,0.473399,0.204738,0.495865,0.205989,0.44543,0.1705,0.58261,0.270584,0.573153,0.255386,0.569233,0.253731,0.587477,0.247394,0.572854,0.24183,0.575703,0.235946
2023-01-11,0.458868,0.205255,0.477629,0.208152,0.42817,0.170412,0.57952,0.270815,0.569543,0.256027,0.565978,0.254041,0.587712,0.247144,0.572725,0.241349,0.575912,0.235643
2023-01-12,0.465114,0.206597,0.486802,0.2109,0.434865,0.172661,0.57831,0.272493,0.567041,0.257882,0.56445,0.255796,0.587679,0.247461,0.572447,0.241717,0.575874,0.235977
2023-01-13,0.456408,0.205274,0.475945,0.208729,0.426727,0.171922,0.57825,0.273447,0.567354,0.259192,0.564522,0.256971,0.590619,0.248494,0.574783,0.242274,0.578888,0.237039
2023-01-16,0.455178,0.203729,0.476474,0.207976,0.427202,0.171039,0.574686,0.274343,0.564634,0.261404,0.561176,0.25817,0.590057,0.248736,0.575568,0.242859,0.578365,0.237315
2023-01-17,0.474059,0.2148,0.499221,0.219688,0.4465,0.180096,0.576885,0.276331,0.567077,0.264402,0.563293,0.260078,0.588296,0.247293,0.57316,0.240781,0.576499,0.235792
2023-01-18,0.479212,0.215418,0.505533,0.221287,0.451464,0.180747,0.576626,0.275848,0.566899,0.263705,0.56296,0.259514,0.588975,0.247303,0.574256,0.240815,0.577193,0.235809
2023-01-19,0.477716,0.213877,0.502497,0.219685,0.450357,0.1794,0.576039,0.274715,0.565676,0.262658,0.562239,0.258361,0.588816,0.245791,0.572685,0.238117,0.576965,0.234228
2023-01-20,0.464589,0.211232,0.496209,0.220088,0.433269,0.175639,0.577084,0.275644,0.567438,0.264357,0.563368,0.259391,0.588945,0.246475,0.572497,0.239136,0.577034,0.234906
2023-01-25,0.483715,0.21832,0.509428,0.225551,0.455115,0.184593,0.576458,0.276457,0.5662,0.264745,0.562763,0.260377,0.588925,0.247088,0.57248,0.239781,0.577022,0.235591
2023-01-26,0.488426,0.227445,0.520648,0.23566,0.463554,0.19604,0.578392,0.278176,0.57141,0.268499,0.565341,0.262523,0.5902,0.248339,0.57572,0.241991,0.578427,0.236922
2023-01-27,0.488724,0.226759,0.517941,0.234326,0.463713,0.195033,0.576977,0.277892,0.567921,0.268396,0.563856,0.2622,0.591902,0.248588,0.577242,0.241984,0.580151,0.237163
2023-01-30,0.498892,0.231057,0.531288,0.239359,0.473986,0.199144,0.578409,0.278334,0.570456,0.268812,0.565096,0.262616,0.592947,0.248308,0.578968,0.241391,0.581257,0.23689
2023-01-31,0.500466,0.232536,0.534001,0.240812,0.475088,0.200421,0.577727,0.280072,0.570804,0.271248,0.564189,0.264295,0.590968,0.24855,0.576678,0.241982,0.579139,0.237123
2023-02-01,0.504939,0.240281,0.538801,0.251367,0.481762,0.210278,0.580371,0.282979,0.572845,0.275124,0.566931,0.267505,0.588257,0.248085,0.574226,0.241775,0.576204,0.236607
2023-02-02,0.494612,0.238289,0.522588,0.247238,0.468858,0.207703,0.577093,0.281491,0.567755,0.272724,0.56337,0.266009,0.588384,0.248071,0.573842,0.241413,0.576295,0.236606
2023-02-03,0.495602,0.239044,0.525162,0.250411,0.469809,0.209036,0.576015,0.280377,0.566151,0.271241,0.562238,0.264927,0.583149,0.245327,0.568951,0.239156,0.570622,0.233648
2023-02-06,0.496905,0.245318,0.52604,0.256012,0.46938,0.214975,0.57679,0.280503,0.568037,0.271398,0.56296,0.265115,0.580757,0.245109,0.567456,0.238681,0.567999,0.23334
2023-02-07,0.491245,0.244014,0.515749,0.253019,0.463978,0.214032,0.57194,0.277101,0.560134,0.267119,0.557478,0.261159,0.579793,0.244016,0.564824,0.23668,0.566897,0.232103
2023-02-08,0.4739,0.221801,0.50255,0.237673,0.466895,0.214712,0.573311,0.278541,0.562727,0.269391,0.559173,0.263001,0.580735,0.244927,0.566281,0.237954,0.567907,0.23309
2023-02-09,0.473682,0.219902,0.504815,0.236393,0.466671,0.212707,0.569594,0.278744,0.560576,0.269553,0.555455,0.263192,0.578149,0.244007,0.563549,0.23703,0.565254,0.232163
2023-02-10,0.480968,0.225868,0.509357,0.240958,0.473985,0.218788,0.568148,0.27886,0.558115,0.269547,0.554019,0.263299,0.57767,0.243947,0.563138,0.236995,0.56478,0.232092
2023-02-13,0.485423,0.227802,0.51527,0.242715,0.478408,0.220785,0.567401,0.278526,0.55706,0.268898,0.553395,0.263111,0.576353,0.243361,0.56109,0.236148,0.563277,0.231417
2023-02-14,0.470434,0.222835,0.498263,0.235829,0.46295,0.215773,0.563841,0.277353,0.55406,0.267345,0.549692,0.261966,0.575231,0.243104,0.560465,0.236025,0.562151,0.231178
2023-02-15,0.470575,0.223099,0.497639,0.234781,0.462655,0.21591,0.559595,0.275763,0.549293,0.265112,0.545276,0.260296,0.575932,0.242846,0.562477,0.235879,0.562971,0.230907
2023-02-16,0.477498,0.226163,0.502102,0.239138,0.470122,0.219225,0.558311,0.27521,0.545567,0.263841,0.544412,0.260086,0.574309,0.24358,0.559994,0.236525,0.561291,0.231657
2023-02-17,0.468665,0.227082,0.491742,0.238931,0.461071,0.220219,0.553783,0.276107,0.539336,0.264846,0.539534,0.260932,0.572024,0.244081,0.556436,0.236959,0.558919,0.232218
2023-02-20,0.465009,0.227133,0.490158,0.239671,0.457495,0.22049,0.550708,0.277145,0.536217,0.265802,0.53627,0.262104,0.568874,0.244223,0.55288,0.236608,0.555549,0.232293
2023-02-21,0.462966,0.228367,0.486455,0.241405,0.455267,0.221615,0.54953,0.276106,0.53585,0.264991,0.535261,0.261323,0.568253,0.243914,0.552403,0.236213,0.554936,0.231991
2023-02-22,0.484696,0.238984,0.510513,0.253804,0.478051,0.232548,0.549218,0.27639,0.536721,0.266232,0.534918,0.261476,0.571108,0.245389,0.556672,0.238617,0.558021,0.233567
2023-02-23,0.472553,0.233115,0.493382,0.245664,0.465484,0.226637,0.543945,0.275294,0.528362,0.263045,0.528911,0.260093,0.570416,0.244896,0.555522,0.237524,0.557311,0.233061
2023-02-24,0.467459,0.232455,0.488774,0.244918,0.459992,0.225996,0.543536,0.276354,0.527761,0.263948,0.528203,0.261164,0.569436,0.245007,0.553799,0.237514,0.556281,0.233149
2023-02-27,0.463451,0.234173,0.483332,0.247258,0.455739,0.227791,0.532527,0.271847,0.515852,0.258678,0.516338,0.256333,0.568479,0.245044,0.552431,0.237522,0.555283,0.233187
2023-02-28,0.458287,0.22615,0.475691,0.238381,0.450262,0.219822,0.53275,0.271444,0.515934,0.258835,0.516652,0.25592,0.563108,0.245895,0.547013,0.237586,0.54949,0.233946
2023-03-02,0.436849,0.223981,0.451999,0.237017,0.428292,0.217824,0.53106,0.270012,0.516678,0.258348,0.515042,0.254494,0.561848,0.245709,0.546325,0.237474,0.548185,0.233694
2023-03-03,0.428653,0.222275,0.445568,0.235104,0.419996,0.216015,0.525179,0.267693,0.512699,0.256298,0.509163,0.252171,0.558794,0.244798,0.543739,0.236703,0.545066,0.232778
2023-03-06,0.41592,0.220789,0.425812,0.232628,0.406655,0.214706,0.520537,0.266423,0.506843,0.255046,0.504429,0.251034,0.559699,0.245315,0.544971,0.23704,0.545999,0.233297
2023-03-07,0.411726,0.217784,0.419508,0.228505,0.402399,0.211665,0.519669,0.26669,0.505422,0.254434,0.503408,0.251209,0.556961,0.244456,0.5409,0.235909,0.543042,0.232338
2023-03-08,0.414665,0.221086,0.42343,0.23139,0.405337,0.21499,0.511663,0.262724,0.500894,0.25319,0.500874,0.249603,0.557545,0.244963,0.541349,0.236426,0.543629,0.23286
2023-03-09,0.415918,0.2217,0.420874,0.231936,0.40635,0.215636,0.505971,0.261737,0.493068,0.250166,0.495045,0.24856,0.553705,0.247744,0.536951,0.235575,0.539523,0.23559
2023-03-10,0.429044,0.218449,0.439811,0.230996,0.419932,0.21229,0.510647,0.260373,0.500304,0.25004,0.49985,0.247205,0.556031,0.247142,0.539725,0.235468,0.541916,0.235
2023-03-13,0.434375,0.224508,0.444615,0.23603,0.425374,0.218657,0.509108,0.258058,0.498114,0.247036,0.498434,0.245027,0.554467,0.250507,0.537379,0.236724,0.540227,0.238411
2023-03-14,0.476625,0.224177,0.47271,0.235024,0.427751,0.219346,0.525506,0.256669,0.50853,0.24521,0.515562,0.24367,0.562932,0.249841,0.544079,0.236591,0.54932,0.23785
2023-03-15,0.476147,0.21922,0.467958,0.227359,0.426912,0.21414,0.527697,0.254023,0.511842,0.241966,0.518012,0.241001,0.566383,0.249208,0.548367,0.235833,0.552897,0.237235
2023-03-16,0.469399,0.214193,0.459092,0.220607,0.419784,0.208579,0.52361,0.250801,0.505895,0.237864,0.513746,0.237803,0.565281,0.247232,0.5476,0.234168,0.551764,0.235136
2023-03-17,0.454713,0.207936,0.451762,0.215728,0.405584,0.202205,0.516009,0.246287,0.502354,0.234037,0.50621,0.233439,0.560121,0.245171,0.544638,0.233311,0.546482,0.232983
2023-03-20,0.453341,0.194652,0.448467,0.203149,0.403716,0.187391,0.51455,0.24052,0.499595,0.230262,0.504629,0.227438,0.558753,0.24347,0.542296,0.23141,0.545006,0.231193
2023-03-21,0.453788,0.195087,0.449542,0.203938,0.404112,0.18795,0.485743,0.220418,0.485428,0.220194,0.474519,0.206541,0.558236,0.243604,0.541757,0.23124,0.54448,0.231307
2023-03-22,0.451814,0.192607,0.446117,0.201713,0.401777,0.185198,0.487857,0.220297,0.487912,0.220533,0.476859,0.206476,0.558466,0.244024,0.541543,0.23187,0.544707,0.23175
2023-03-23,0.436761,0.18212,0.428869,0.190979,0.382195,0.173263,0.478846,0.2155,0.480058,0.214837,0.467533,0.20182,0.558161,0.244161,0.540564,0.231401,0.544358,0.23191
2023-03-24,0.429797,0.180446,0.42711,0.190115,0.375357,0.171432,0.477049,0.213814,0.479165,0.213734,0.46554,0.199863,0.554679,0.243913,0.537026,0.231142,0.540674,0.231626
2023-03-27,0.426519,0.178781,0.423426,0.188142,0.372056,0.169665,0.474423,0.214696,0.475162,0.214122,0.463011,0.200718,0.554029,0.243909,0.536009,0.231007,0.540017,0.231638
2023-03-28,0.421047,0.172841,0.413827,0.178407,0.364932,0.163328,0.458789,0.204688,0.462736,0.20486,0.446129,0.189722,0.553217,0.243543,0.535688,0.2308,0.539219,0.231283
2023-03-29,0.400192,0.160304,0.391546,0.16246,0.337887,0.148707,0.460756,0.206591,0.465086,0.207344,0.448407,0.191732,0.553724,0.243768,0.536565,0.231197,0.539763,0.2315
2023-03-30,0.403042,0.16534,0.390731,0.166938,0.338741,0.154036,0.459467,0.20644,0.463941,0.207222,0.446732,0.191461,0.553268,0.244482,0.535947,0.231894,0.539272,0.232202
2023-03-31,0.408238,0.169179,0.400538,0.173308,0.344672,0.158473,0.462576,0.208364,0.468651,0.21034,0.450214,0.19364,0.55473,0.245429,0.53868,0.233565,0.540826,0.233189
2023-04-03,0.406963,0.170812,0.397847,0.173711,0.342722,0.160086,0.449704,0.196914,0.45694,0.20187,0.436858,0.181973,0.553984,0.245645,0.5378,0.233614,0.54006,0.23347
2023-04-04,0.408477,0.170731,0.400073,0.17333,0.34438,0.159938,0.441724,0.194511,0.453169,0.200552,0.428655,0.179558,0.549787,0.244365,0.534886,0.232698,0.535765,0.232172
2023-04-05,0.398965,0.170057,0.38714,0.17146,0.332524,0.158703,0.438933,0.191166,0.447217,0.195543,0.426045,0.176255,0.549637,0.24418,0.534609,0.232568,0.535636,0.231974
2023-04-06,0.397024,0.165616,0.386441,0.166312,0.331846,0.153978,0.427124,0.182929,0.439268,0.188933,0.412782,0.166893,0.550285,0.244316,0.536017,0.232805,0.536325,0.232114
2023-04-07,0.401483,0.166797,0.390669,0.167411,0.336561,0.155008,0.427921,0.18404,0.440892,0.19088,0.413772,0.168214,0.550986,0.244317,0.537579,0.232909,0.53705,0.23211
2023-04-10,0.404889,0.165323,0.397357,0.165729,0.340501,0.153693,0.423358,0.18383,0.435777,0.191092,0.408998,0.167982,0.549353,0.243058,0.535925,0.231583,0.535411,0.230819
2023-04-11,0.410188,0.165066,0.404934,0.16592,0.347092,0.153932,0.428863,0.183445,0.442813,0.191112,0.415162,0.167836,0.551273,0.243586,0.538614,0.232479,0.537479,0.231407
2023-04-12,0.393299,0.159,0.399291,0.163581,0.330989,0.148043,0.413845,0.178637,0.430714,0.186946,0.400035,0.163026,0.547695,0.2421,0.53859,0.232161,0.533876,0.229882
2023-04-13,0.399458,0.160855,0.401395,0.16464,0.33742,0.150424,0.413126,0.177012,0.428574,0.1846,0.399342,0.161305,0.547011,0.242246,0.53699,0.232057,0.533174,0.230056
2023-04-14,0.391542,0.156314,0.390563,0.157289,0.327405,0.14477,0.417767,0.180495,0.434449,0.187494,0.404383,0.164547,0.545003,0.242044,0.535047,0.231884,0.531137,0.229854
2023-04-17,0.387327,0.156133,0.383289,0.15671,0.322007,0.144399,0.418221,0.180733,0.436299,0.188514,0.404916,0.164887,0.544274,0.241625,0.534599,0.231533,0.53041,0.229447
2023-04-18,0.390173,0.159554,0.392619,0.160715,0.326395,0.14853,0.418314,0.181334,0.436283,0.188713,0.405129,0.165419,0.543592,0.241169,0.533284,0.230599,0.529712,0.228962
2023-04-19,0.386924,0.157629,0.387773,0.158932,0.323092,0.146841,0.410294,0.178815,0.428909,0.186339,0.396273,0.162517,0.543751,0.241413,0.533377,0.230824,0.52988,0.229218
2023-04-20,0.386606,0.156869,0.387578,0.160424,0.324687,0.146978,0.419152,0.181731,0.436283,0.189552,0.405331,0.165351,0.542405,0.241267,0.531253,0.230758,0.528487,0.229053
2023-04-21,0.381116,0.153216,0.382469,0.156939,0.320486,0.143748,0.42028,0.185133,0.43877,0.192459,0.406444,0.168763,0.542178,0.241543,0.531798,0.231324,0.528278,0.229333
2023-04-24,0.383662,0.15492,0.389843,0.160684,0.324876,0.145982,0.421065,0.185685,0.440925,0.193575,0.407255,0.169209,0.541626,0.241387,0.53184,0.231133,0.527745,0.229169
2023-04-25,0.369517,0.147407,0.368104,0.15228,0.308091,0.137372,0.420039,0.185383,0.440287,0.193627,0.406223,0.168867,0.540178,0.240584,0.530353,0.230288,0.526299,0.22834
2023-04-26,0.366876,0.141465,0.364745,0.146004,0.304666,0.130495,0.419534,0.18353,0.439707,0.191233,0.405589,0.166791,0.536791,0.237891,0.525913,0.227604,0.522691,0.225426
2023-04-27,0.35539,0.131829,0.353004,0.135146,0.292415,0.120439,0.416452,0.182984,0.436991,0.190179,0.402724,0.166243,0.536277,0.237662,0.525829,0.227659,0.522166,0.225191
2023-04-28,0.357946,0.132222,0.354824,0.136153,0.295827,0.121174,0.413127,0.182295,0.432393,0.189213,0.398804,0.165284,0.535849,0.238048,0.52499,0.227746,0.521725,0.225564
2023-05-02,0.364429,0.133248,0.363695,0.136882,0.302431,0.12235,0.416232,0.183677,0.436523,0.19094,0.402118,0.166858,0.537882,0.23852,0.52791,0.228352,0.523816,0.226043
2023-05-03,0.366151,0.13048,0.361088,0.134089,0.302151,0.120327,0.418546,0.185495,0.439604,0.193477,0.404197,0.168633,0.539743,0.238697,0.531064,0.229156,0.525808,0.226259
2023-05-04,0.363461,0.129078,0.360487,0.132984,0.299648,0.118917,0.414957,0.184344,0.43496,0.192033,0.400685,0.167585,0.538587,0.237418,0.530052,0.22753,0.524618,0.224922
2023-05-08,0.352691,0.122811,0.346513,0.12579,0.286992,0.111688,0.40022,0.168736,0.421204,0.179633,0.371591,0.164187,0.537183,0.236964,0.52833,0.226918,0.523189,0.224466
2023-05-09,0.355682,0.124423,0.347277,0.126378,0.289931,0.113303,0.402038,0.168837,0.423279,0.179549,0.373454,0.164303,0.537271,0.237035,0.528469,0.226985,0.523277,0.224531
2023-05-10,0.359784,0.125541,0.353154,0.130073,0.294286,0.114435,0.405079,0.171278,0.427391,0.183103,0.376581,0.166815,0.535787,0.237166,0.525949,0.227162,0.52172,0.224616
2023-05-11,0.357231,0.125073,0.350241,0.129333,0.29186,0.114047,0.405366,0.171498,0.427775,0.183475,0.376802,0.16703,0.53322,0.236,0.521644,0.225094,0.518989,0.223358
2023-05-12,0.36745,0.12975,0.36156,0.134274,0.303389,0.119167,0.402798,0.171163,0.424725,0.182362,0.373939,0.166691,0.533837,0.236276,0.522828,0.225505,0.519629,0.223601
2023-05-15,0.360267,0.125986,0.350341,0.128497,0.290571,0.114117,0.40227,0.170583,0.423386,0.181324,0.373362,0.166064,0.536239,0.237202,0.525107,0.226318,0.522085,0.224506
2023-05-16,0.348437,0.120305,0.343515,0.123848,0.280538,0.113002,0.400583,0.170352,0.421888,0.181315,0.37142,0.165841,0.53614,0.237864,0.524481,0.226838,0.52186,0.225112
2023-05-17,0.356406,0.114414,0.349966,0.118518,0.287959,0.106765,0.399242,0.168531,0.418668,0.178558,0.369934,0.163951,0.53339,0.237315,0.520864,0.225641,0.518938,0.224511
2023-05-18,0.353725,0.111681,0.345364,0.116096,0.285097,0.104133,0.397318,0.16804,0.415591,0.177971,0.367928,0.163443,0.533118,0.237386,0.520521,0.225692,0.518669,0.224593
2023-05-19,0.352369,0.109611,0.346238,0.11449,0.284439,0.101928,0.394611,0.167033,0.412749,0.17756,0.365131,0.162406,0.530922,0.236381,0.51852,0.22466,0.516404,0.223562
2023-05-22,0.332012,0.0937589,0.325127,0.0963305,0.254815,0.0828259,0.397826,0.167057,0.416873,0.177113,0.368438,0.162486,0.531932,0.23636,0.520254,0.224693,0.517463,0.22354
2023-05-23,0.334546,0.0944616,0.329839,0.0966257,0.256831,0.0834857,0.392815,0.163748,0.410267,0.173505,0.362633,0.158998,0.531603,0.236266,0.519292,0.22433,0.517026,0.223387
2023-05-24,0.332984,0.0959413,0.32434,0.0984226,0.254039,0.0852039,0.389843,0.16401,0.406977,0.174271,0.359301,0.159185,0.529087,0.234727,0.5162,0.222809,0.514321,0.221738
2023-05-25,0.337232,0.0976823,0.329433,0.100532,0.260278,0.0875711,0.390211,0.165532,0.407595,0.176503,0.359891,0.160799,0.528757,0.23463,0.516266,0.22309,0.513998,0.221652
2023-05-26,0.337249,0.0976752,0.329629,0.102101,0.261111,0.0882265,0.387664,0.162127,0.403484,0.172433,0.357174,0.1573,0.527987,0.233555,0.514671,0.221481,0.513127,0.220477
2023-05-30,0.344481,0.100078,0.333625,0.102984,0.268104,0.0906953,0.379604,0.161435,0.391917,0.170911,0.348084,0.156606,0.527547,0.2328,0.513594,0.22042,0.512634,0.219704
2023-05-31,0.350578,0.101487,0.339227,0.103871,0.27518,0.0923057,0.379296,0.161613,0.391755,0.170598,0.347627,0.156735,0.527294,0.232343,0.513234,0.219972,0.512364,0.219244
2023-06-01,0.350803,0.100755,0.339526,0.104078,0.27566,0.0916483,0.373066,0.160879,0.382782,0.169146,0.340699,0.155974,0.526265,0.23216,0.511754,0.219504,0.511294,0.21904
2023-06-02,0.353042,0.103379,0.346925,0.109858,0.278187,0.0944031,0.373014,0.16083,0.383083,0.169888,0.340574,0.15585,0.525419,0.232098,0.51077,0.218934,0.510421,0.218969
2023-06-05,0.348741,0.0965448,0.337557,0.100794,0.271008,0.0861531,0.372635,0.159682,0.38259,0.16852,0.340172,0.154658,0.525008,0.232109,0.510402,0.219309,0.510005,0.218981
2023-06-07,0.344804,0.0976962,0.332997,0.0998003,0.26635,0.0855043,0.370602,0.158766,0.379864,0.1679,0.337797,0.153393,0.52335,0.230595,0.507969,0.217776,0.508265,0.217538
2023-06-08,0.327637,0.103034,0.312218,0.0993322,0.24103,0.0895008,0.371241,0.161446,0.380743,0.168918,0.338296,0.156013,0.523432,0.231242,0.508436,0.218269,0.508367,0.218328
2023-06-09,0.33273,0.0986189,0.316962,0.0978384,0.247267,0.0862502,0.375138,0.163042,0.385275,0.170773,0.342359,0.157646,0.522666,0.230869,0.506863,0.217697,0.507506,0.217874
2023-06-12,0.257658,0.0871534,0.285694,0.094737,0.243609,0.0833825,0.374609,0.161774,0.386388,0.170317,0.341711,0.156302,0.522687,0.23086,0.507399,0.21784,0.507542,0.217869
2023-06-13,0.244405,0.0882755,0.273476,0.0956854,0.229219,0.0843466,0.368862,0.160683,0.37724,0.168137,0.335157,0.15506,0.522547,0.230944,0.507233,0.217767,0.507392,0.217969
2023-06-14,0.256915,0.0919669,0.282952,0.0987123,0.243022,0.0884083,0.369159,0.15903,0.376787,0.166001,0.335885,0.153325,0.521179,0.230504,0.505764,0.216903,0.506013,0.217516
2023-06-15,0.254115,0.0878046,0.282384,0.0958567,0.239104,0.0835702,0.368258,0.157345,0.375725,0.163613,0.334887,0.151554,0.509281,0.223207,0.499139,0.212813,0.50128,0.213965
2023-06-16,0.254972,0.0937353,0.284352,0.100935,0.240102,0.0897521,0.368303,0.15222,0.374586,0.159492,0.334695,0.146125,0.509892,0.223738,0.499652,0.213416,0.501944,0.214559
2023-06-19,0.257735,0.0937619,0.286191,0.10117,0.242838,0.0896622,0.369186,0.152811,0.376924,0.160974,0.3356,0.146743,0.507322,0.223069,0.496055,0.211327,0.499284,0.213802
2023-06-20,0.258387,0.0945515,0.285508,0.101376,0.243497,0.0902639,0.367908,0.152243,0.375905,0.1608,0.334327,0.146155,0.507614,0.223359,0.496749,0.21189,0.499551,0.214101
2023-06-21,0.260337,0.0947257,0.293876,0.103036,0.246373,0.0905656,0.356655,0.144371,0.368162,0.155146,0.321734,0.137666,0.506857,0.223471,0.497038,0.212145,0.498811,0.214206
2023-06-22,0.267064,0.09649,0.297269,0.103685,0.253329,0.0924933,0.35601,0.144093,0.36776,0.154792,0.321073,0.137396,0.50347,0.223135,0.492501,0.211754,0.495304,0.213832
2023-06-23,0.273874,0.0981138,0.305324,0.10604,0.261012,0.0943012,0.356999,0.144051,0.369681,0.154704,0.322394,0.137428,0.503487,0.222966,0.492844,0.211721,0.495253,0.213619
2023-06-26,0.275445,0.101932,0.307741,0.109717,0.261644,0.0980345,0.355112,0.141797,0.365717,0.150702,0.319945,0.134976,0.495886,0.221122,0.486973,0.210225,0.487356,0.211676
2023-06-27,0.268803,0.0987509,0.299265,0.104587,0.25462,0.0946624,0.339013,0.133501,0.350469,0.141732,0.301926,0.12598,0.491547,0.221391,0.481853,0.210478,0.482892,0.211966
2023-06-28,0.268532,0.096844,0.295301,0.0998428,0.25447,0.092667,0.340232,0.13587,0.349484,0.142917,0.302724,0.128505,0.483975,0.217507,0.475275,0.206761,0.47472,0.207719
2023-06-29,0.259546,0.0885997,0.28405,0.0881527,0.244384,0.0837322,0.341731,0.135793,0.352373,0.142994,0.304334,0.128467,0.483713,0.217307,0.47495,0.206142,0.47433,0.207462
2023-06-30,0.266739,0.0883412,0.294806,0.0925286,0.252132,0.083646,0.341544,0.136817,0.35192,0.143423,0.303635,0.129416,0.484281,0.217477,0.476094,0.206487,0.474963,0.207644
2023-07-03,0.286903,0.0976393,0.311455,0.100342,0.274316,0.0938343,0.353174,0.140949,0.359173,0.146532,0.315274,0.133639,0.481433,0.216604,0.47373,0.205648,0.472188,0.206845
2023-07-04,0.285458,0.0987499,0.308373,0.102315,0.273015,0.0948575,0.346504,0.14142,0.352005,0.146908,0.307766,0.13398,0.480878,0.216323,0.473115,0.204933,0.471537,0.206507
2023-07-05,0.276855,0.0999079,0.296087,0.102474,0.258088,0.0856492,0.341272,0.138184,0.344319,0.142646,0.303433,0.13183,0.480298,0.216065,0.471743,0.203781,0.470912,0.206199
2023-07-06,0.287372,0.0997314,0.301771,0.0990696,0.27924,0.0942792,0.349069,0.140394,0.353082,0.144874,0.312831,0.134436,0.4815,0.216668,0.473212,0.20477,0.472216,0.206832
2023-07-07,0.292134,0.105425,0.308734,0.106988,0.276996,0.0916024,0.353277,0.142494,0.359196,0.148018,0.317833,0.136898,0.478428,0.215661,0.471082,0.204297,0.468753,0.20559
2023-07-10,0.267155,0.0964293,0.287796,0.0987501,0.249714,0.0818996,0.351581,0.141058,0.357179,0.145959,0.316248,0.135536,0.473489,0.212579,0.466784,0.20238,0.463594,0.202306
2023-07-11,0.296766,0.10897,0.311786,0.110889,0.269867,0.0903607,0.355955,0.142666,0.363927,0.149028,0.32083,0.137206,0.474281,0.21356,0.468505,0.20387,0.464428,0.203336
2023-07-12,0.297933,0.10847,0.311671,0.112083,0.271957,0.0904265,0.357917,0.142227,0.361972,0.147857,0.322565,0.13679,0.472772,0.213211,0.466073,0.203328,0.462867,0.202953
2023-07-13,0.302762,0.112497,0.315825,0.116418,0.275269,0.094542,0.356512,0.142102,0.358892,0.146739,0.320564,0.136388,0.473468,0.213888,0.467202,0.204408,0.463655,0.203714
2023-07-14,0.327066,0.119356,0.337168,0.125082,0.303412,0.102335,0.361033,0.144119,0.36346,0.149622,0.325366,0.13851,0.47351,0.213918,0.467217,0.204757,0.46379,0.203785
2023-07-17,0.324315,0.12005,0.334678,0.125842,0.300998,0.102999,0.361508,0.146245,0.36499,0.151384,0.325986,0.140826,0.472971,0.214905,0.466196,0.20561,0.463137,0.20475
2023-07-18,0.311569,0.116417,0.325016,0.12297,0.286746,0.0991686,0.355541,0.143838,0.358603,0.14883,0.320004,0.138441,0.470019,0.21393,0.464056,0.20492,0.460154,0.203783
2023-07-19,0.306703,0.117678,0.317986,0.12425,0.282654,0.101634,0.352389,0.141405,0.35452,0.147582,0.316463,0.135852,0.470636,0.21484,0.464503,0.20602,0.460858,0.204783
2023-07-20,0.303065,0.116507,0.313391,0.121454,0.27907,0.100695,0.346375,0.137546,0.347786,0.142881,0.30987,0.131799,0.469093,0.213913,0.461779,0.204578,0.459049,0.203694
2023-07-21,0.297095,0.11475,0.306031,0.119391,0.273659,0.0993755,0.346504,0.137793,0.348837,0.143266,0.310022,0.132056,0.468513,0.214146,0.461669,0.204929,0.458507,0.203976
2023-07-24,0.276163,0.109843,0.299393,0.11931,0.252774,0.0944463,0.329819,0.131596,0.33474,0.139644,0.292166,0.125528,0.461385,0.212353,0.456778,0.204172,0.451252,0.202148
2023-07-25,0.267978,0.108144,0.29097,0.115333,0.245483,0.0938069,0.326286,0.127548,0.328469,0.134381,0.287818,0.120877,0.460141,0.212226,0.455381,0.204068,0.450034,0.202118
2023-07-26,0.289783,0.113047,0.306036,0.117707,0.267293,0.0985469,0.326926,0.123504,0.328292,0.128848,0.29011,0.117034,0.460251,0.212232,0.454754,0.204166,0.450187,0.202133
2023-07-27,0.250979,0.105774,0.299765,0.1205,0.229863,0.092313,0.308676,0.119423,0.325592,0.129834,0.27302,0.113255,0.446584,0.208459,0.450845,0.203866,0.436406,0.198425
2023-07-28,0.239178,0.0993923,0.286303,0.113593,0.217304,0.0856688,0.30756,0.118163,0.324539,0.12823,0.271781,0.111988,0.445125,0.207581,0.449453,0.202987,0.434982,0.197551
2023-07-31,0.231704,0.098553,0.276027,0.111683,0.210949,0.0853643,0.306183,0.116228,0.319968,0.12597,0.267571,0.109532,0.445375,0.207707,0.450078,0.203409,0.435323,0.19773
2023-08-01,0.237658,0.107169,0.275728,0.119768,0.226903,0.0957676,0.306044,0.118398,0.318932,0.128475,0.268022,0.111922,0.444398,0.20817,0.448799,0.204085,0.434394,0.198287
2023-08-02,0.288251,0.124867,0.31313,0.137647,0.235352,0.104914,0.320782,0.121933,0.328317,0.131571,0.270299,0.111965,0.449891,0.209712,0.453172,0.205822,0.440025,0.199778
2023-08-03,0.28379,0.122201,0.308289,0.134524,0.230863,0.102424,0.320373,0.121708,0.327711,0.131535,0.269544,0.111719,0.448243,0.208745,0.451563,0.204924,0.43837,0.198815
2023-08-04,0.280587,0.12005,0.300259,0.128191,0.226928,0.0997131,0.320873,0.120826,0.327619,0.130162,0.269941,0.110549,0.446949,0.208466,0.448983,0.204581,0.437045,0.198563
2023-08-07,0.290517,0.123378,0.308691,0.130291,0.239942,0.104188,0.323469,0.122222,0.329839,0.131227,0.27389,0.1124,0.446631,0.208331,0.448396,0.204608,0.436646,0.198429
2023-08-08,0.283479,0.120771,0.296978,0.12794,0.231848,0.101198,0.326195,0.123562,0.33115,0.132321,0.276591,0.113663,0.445886,0.208494,0.447543,0.204567,0.435852,0.198584
2023-08-09,0.277258,0.118271,0.290719,0.125757,0.226291,0.098784,0.318491,0.120464,0.323181,0.128409,0.266289,0.109925,0.44382,0.207579,0.445402,0.203603,0.433675,0.197616
2023-08-10,0.279541,0.118901,0.293698,0.125915,0.228544,0.0994696,0.313819,0.117557,0.319548,0.125061,0.260696,0.106742,0.443927,0.207585,0.445408,0.203522,0.433746,0.197612
2023-08-11,0.277345,0.11996,0.289697,0.127407,0.22583,0.100433,0.316389,0.115762,0.321681,0.123109,0.263089,0.104672,0.443412,0.207451,0.444373,0.203199,0.433205,0.19746
2023-08-14,0.282013,0.124368,0.299132,0.135476,0.231808,0.105404,0.317309,0.117113,0.324856,0.126765,0.264742,0.106421,0.443976,0.20781,0.445165,0.203982,0.433762,0.197804
2023-08-16,0.301554,0.132221,0.317461,0.142536,0.254348,0.114036,0.326008,0.119708,0.333516,0.129099,0.275604,0.109533,0.444027,0.206243,0.444609,0.202377,0.433644,0.196021
2023-08-17,0.295986,0.132508,0.306439,0.142042,0.248475,0.114587,0.313267,0.112576,0.317901,0.120037,0.259962,0.1014,0.443501,0.206055,0.443762,0.20209,0.433106,0.195831
2023-08-18,0.292537,0.13154,0.303058,0.142321,0.245117,0.113682,0.312914,0.112653,0.317169,0.120077,0.259614,0.1015,0.443233,0.206619,0.443195,0.20222,0.43283,0.19637
2023-08-21,0.292417,0.131849,0.302988,0.14181,0.244796,0.113837,0.311765,0.112749,0.314211,0.119985,0.257871,0.101571,0.443114,0.206589,0.442704,0.202081,0.432745,0.196349
2023-08-22,0.289133,0.131251,0.2991,0.139691,0.24073,0.112872,0.311846,0.112553,0.313975,0.119631,0.257829,0.101333,0.442024,0.20609,0.440774,0.201086,0.431676,0.195873
2023-08-23,0.288956,0.130741,0.296964,0.139704,0.24074,0.112423,0.31117,0.112784,0.31282,0.119761,0.257419,0.101631,0.441607,0.205882,0.439783,0.200588,0.431236,0.195666
2023-08-24,0.29162,0.133938,0.298841,0.14418,0.243846,0.115557,0.315546,0.115268,0.315857,0.121799,0.261789,0.104085,0.439533,0.205103,0.435681,0.198708,0.429167,0.194905
2023-08-25,0.291062,0.137525,0.299536,0.147518,0.243595,0.119795,0.317948,0.116778,0.318766,0.123539,0.264474,0.106006,0.437381,0.203963,0.432008,0.196984,0.426954,0.193752
2023-08-28,0.295348,0.14196,0.303644,0.153347,0.247883,0.124406,0.319102,0.118066,0.32025,0.124724,0.265524,0.107218,0.437027,0.204961,0.431623,0.198426,0.426597,0.194812
2023-08-29,0.295371,0.139865,0.304936,0.151706,0.248403,0.122641,0.320917,0.119095,0.323606,0.126318,0.267513,0.108326,0.43525,0.205269,0.429212,0.198485,0.424723,0.195112
2023-08-30,0.294827,0.14701,0.307501,0.159684,0.247651,0.129761,0.319554,0.117652,0.320201,0.124993,0.265181,0.106438,0.435687,0.205514,0.429911,0.199269,0.425196,0.195487
2023-08-31,0.297963,0.153578,0.311544,0.163598,0.250506,0.135714,0.319327,0.117926,0.320146,0.125587,0.264638,0.106627,0.430709,0.202986,0.424769,0.197003,0.420028,0.192822
2023-09-01,0.293224,0.146363,0.307494,0.158708,0.245312,0.125575,0.308764,0.116929,0.30699,0.122986,0.251717,0.105077,0.426982,0.20211,0.419886,0.195458,0.415994,0.191838
2023-09-04,0.284961,0.143627,0.292658,0.153505,0.235745,0.122691,0.306712,0.113105,0.304746,0.120686,0.249666,0.101481,0.425637,0.202435,0.41849,0.195963,0.414597,0.192194
2023-09-05,0.284392,0.143839,0.289605,0.152754,0.234751,0.122758,0.272091,0.109437,0.287208,0.119415,0.245068,0.0988845,0.419034,0.19933,0.412187,0.192934,0.4077,0.188947
2023-09-06,0.285478,0.14555,0.29165,0.15621,0.23606,0.125234,0.26622,0.111567,0.281689,0.121717,0.238808,0.100911,0.41933,0.199806,0.412351,0.193522,0.407981,0.189417
2023-09-07,0.283622,0.150034,0.293694,0.164983,0.23317,0.129885,0.270696,0.116132,0.286502,0.126675,0.243345,0.10564,0.421212,0.200818,0.415404,0.195239,0.409868,0.190419
2023-09-08,0.281858,0.149513,0.293756,0.165021,0.231281,0.129444,0.268195,0.113869,0.284232,0.124897,0.240174,0.103175,0.420003,0.200189,0.414297,0.194482,0.408663,0.189795
2023-09-11,0.276473,0.144928,0.289249,0.160558,0.226068,0.124937,0.265881,0.115333,0.281652,0.124995,0.237854,0.104574,0.417088,0.198975,0.410459,0.19312,0.405654,0.188548
2023-09-12,0.279482,0.147412,0.294295,0.164067,0.229698,0.127931,0.268806,0.116692,0.285029,0.126935,0.241065,0.106033,0.417784,0.199645,0.411435,0.193902,0.406317,0.189158
2023-09-13,0.275391,0.144857,0.286083,0.158948,0.225305,0.125281,0.266033,0.116315,0.280686,0.12538,0.238139,0.105573,0.411289,0.195692,0.406997,0.191781,0.403867,0.187414
2023-09-14,0.287766,0.150935,0.293838,0.163739,0.238254,0.131863,0.270599,0.118664,0.287908,0.128832,0.243035,0.108146,0.409603,0.19537,0.405141,0.190943,0.402209,0.187107
2023-09-15,0.296462,0.155802,0.301666,0.17036,0.248806,0.137347,0.278315,0.122306,0.292825,0.132136,0.250999,0.111927,0.410462,0.19573,0.406208,0.191534,0.403196,0.187551
2023-09-18,0.293822,0.15625,0.298139,0.17059,0.246037,0.138283,0.279626,0.123767,0.295494,0.134215,0.25263,0.113604,0.409222,0.193311,0.404395,0.18909,0.401939,0.185027
2023-09-19,0.29498,0.156003,0.300268,0.171013,0.247538,0.137981,0.280557,0.125276,0.297558,0.136184,0.253476,0.115105,0.408894,0.192899,0.403902,0.188399,0.401596,0.18461
2023-09-20,0.296671,0.156148,0.301781,0.171951,0.249192,0.13807,0.278087,0.123708,0.294079,0.133645,0.250901,0.113489,0.40782,0.192375,0.40221,0.187541,0.400499,0.184065
2023-09-21,0.313904,0.162149,0.326796,0.181685,0.26972,0.144943,0.288437,0.126633,0.306135,0.136874,0.262339,0.116703,0.410095,0.192382,0.40451,0.187281,0.402821,0.184072
2023-09-22,0.314119,0.16309,0.325685,0.183002,0.269601,0.146159,0.284486,0.122964,0.300248,0.131598,0.258113,0.112939,0.409762,0.190726,0.403356,0.184999,0.402492,0.182414
2023-09-25,0.31084,0.162735,0.321123,0.181928,0.266527,0.14592,0.286213,0.123154,0.30195,0.132906,0.260056,0.113308,0.408015,0.188053,0.401915,0.183407,0.400683,0.179624
2023-09-26,0.314309,0.154843,0.328148,0.175751,0.270812,0.137835,0.29844,0.123163,0.314303,0.134123,0.272988,0.113376,0.392714,0.17522,0.398434,0.178343,0.384906,0.166445
2023-09-27,0.314975,0.154121,0.327102,0.174138,0.2715,0.137196,0.297462,0.123577,0.31353,0.13495,0.271968,0.113739,0.393778,0.175499,0.399707,0.178468,0.386027,0.166739
2023-10-04,0.351127,0.205874,0.357162,0.195694,0.282533,0.141616,0.316338,0.155392,0.324258,0.147323,0.274355,0.11713,0.396742,0.184084,0.401772,0.180778,0.382498,0.165523
2023-10-05,0.344335,0.200961,0.345362,0.191041,0.271123,0.135796,0.313243,0.152289,0.320049,0.144027,0.270907,0.114069,0.397359,0.183168,0.402157,0.180137,0.383113,0.164519
2023-10-06,0.348942,0.195624,0.346786,0.182371,0.274417,0.128575,0.317299,0.152483,0.324926,0.14414,0.275117,0.114455,0.397499,0.183634,0.402324,0.180409,0.383281,0.164987
2023-10-10,0.345128,0.191431,0.344286,0.180822,0.271666,0.124864,0.307167,0.148258,0.315186,0.140124,0.264422,0.110471,0.387636,0.177043,0.394958,0.175158,0.37292,0.157952
2023-10-11,0.340848,0.187318,0.334238,0.17339,0.267249,0.120043,0.316562,0.150424,0.321925,0.141691,0.273947,0.112594,0.389239,0.177573,0.396866,0.175702,0.374628,0.1585
2023-10-12,0.347724,0.191458,0.343595,0.182215,0.27517,0.126053,0.321537,0.153575,0.328005,0.147126,0.279243,0.116223,0.38991,0.178413,0.398421,0.177295,0.375337,0.15947
2023-10-13,0.346985,0.188344,0.344441,0.176907,0.276488,0.123296,0.322089,0.152826,0.329199,0.146055,0.280101,0.115506,0.39097,0.178578,0.399985,0.177537,0.376445,0.159589
2023-10-16,0.336645,0.182296,0.333124,0.170863,0.264864,0.1172,0.324187,0.152208,0.332411,0.146318,0.282565,0.115072,0.384997,0.17206,0.395926,0.173534,0.370047,0.152427
2023-10-17,0.333984,0.180541,0.331139,0.169099,0.261357,0.114126,0.321848,0.151682,0.330067,0.145883,0.279704,0.114266,0.383805,0.171849,0.394362,0.173226,0.3688,0.152136
2023-10-18,0.333548,0.179402,0.332152,0.168179,0.260742,0.112945,0.316758,0.149728,0.326172,0.144531,0.274796,0.112541,0.37955,0.169496,0.389183,0.170363,0.364462,0.149667
2023-10-19,0.352036,0.184638,0.359771,0.174797,0.28624,0.121426,0.32646,0.153295,0.336679,0.14789,0.286048,0.116995,0.376396,0.166258,0.389011,0.169009,0.361078,0.146162
2023-10-20,0.362216,0.184041,0.376912,0.177511,0.301156,0.12206,0.332677,0.153379,0.34308,0.147916,0.293317,0.117244,0.379654,0.166838,0.393123,0.169973,0.364536,0.146829
2023-10-23,0.360151,0.186249,0.37742,0.183589,0.301009,0.127103,0.332189,0.155394,0.341519,0.150716,0.292923,0.119673,0.37708,0.168036,0.390532,0.171886,0.361816,0.14808
2023-10-24,0.380838,0.191735,0.390919,0.185499,0.321556,0.131847,0.336091,0.156532,0.34568,0.151816,0.29674,0.120816,0.378318,0.167411,0.392282,0.171315,0.363137,0.147369
2023-10-25,0.383864,0.19163,0.39575,0.185067,0.325855,0.132174,0.335018,0.155204,0.344672,0.150351,0.295737,0.11948,0.375682,0.166314,0.388721,0.169873,0.360453,0.146215
2023-10-26,0.403948,0.200353,0.408459,0.189563,0.350646,0.144088,0.354438,0.162635,0.359956,0.154866,0.319615,0.128206,0.382491,0.168252,0.39401,0.170549,0.367689,0.148275
2023-10-27,0.438794,0.208436,0.415669,0.188825,0.385158,0.150946,0.354611,0.16329,0.360233,0.155693,0.319734,0.128943,0.384737,0.169766,0.395949,0.171487,0.369926,0.149543
2023-10-30,0.434123,0.210717,0.412208,0.190936,0.381209,0.15396,0.345963,0.160988,0.351072,0.153518,0.311085,0.126824,0.383109,0.16959,0.395064,0.171791,0.368318,0.1494
2023-10-31,0.439258,0.212719,0.418512,0.194053,0.389387,0.157997,0.348683,0.162636,0.351664,0.154994,0.314424,0.128834,0.3859,0.170987,0.397703,0.173388,0.371352,0.150894
2023-11-01,0.435953,0.205778,0.415895,0.185093,0.384541,0.149813,0.349958,0.16387,0.353103,0.15618,0.315709,0.129988,0.381235,0.169439,0.393852,0.172004,0.366337,0.149218
2023-11-02,0.424823,0.204374,0.398825,0.179422,0.36788,0.146448,0.360674,0.168611,0.3604,0.160164,0.327364,0.135681,0.388038,0.172065,0.397954,0.173687,0.37347,0.151998
2023-11-03,0.436897,0.209695,0.415174,0.18604,0.38142,0.151243,0.363825,0.16925,0.365461,0.161796,0.330715,0.136424,0.389023,0.173848,0.399564,0.174976,0.374542,0.153817
2023-11-06,0.536039,0.21504,0.447744,0.188173,0.410856,0.160907,0.432655,0.1771,0.380741,0.161905,0.347101,0.141967,0.420557,0.177195,0.406984,0.175704,0.382896,0.166461
2023-11-07,0.543944,0.214392,0.459662,0.188671,0.425593,0.161656,0.440901,0.177791,0.390889,0.162816,0.359396,0.143771,0.424447,0.17793,0.411438,0.176615,0.387613,0.16728
2023-11-08,0.547342,0.214151,0.470059,0.189593,0.430256,0.161967,0.441029,0.177187,0.391069,0.162338,0.359733,0.143095,0.424696,0.176779,0.411962,0.175065,0.387993,0.166117
2023-11-09,0.556437,0.217051,0.475281,0.191762,0.438896,0.165122,0.440648,0.177012,0.390518,0.162331,0.35934,0.142914,0.424602,0.177353,0.411632,0.175147,0.387909,0.166684
2023-11-10,0.556755,0.217585,0.47765,0.192584,0.439629,0.165793,0.442802,0.177663,0.393163,0.16293,0.361836,0.14366,0.42331,0.177487,0.40987,0.175221,0.386241,0.166736
2023-11-13,0.559396,0.21645,0.479366,0.191485,0.442294,0.16443,0.443626,0.177674,0.394561,0.163766,0.362345,0.143688,0.42377,0.17761,0.410597,0.175626,0.386555,0.16687
2023-11-14,0.564716,0.221878,0.489089,0.199056,0.45262,0.171497,0.448178,0.181898,0.401829,0.170876,0.368567,0.148849,0.425724,0.180189,0.413118,0.179395,0.38885,0.169695
2023-11-15,0.566394,0.225549,0.495583,0.204514,0.456426,0.176385,0.454758,0.186731,0.411446,0.177014,0.377336,0.154965,0.427582,0.181717,0.415265,0.181094,0.39131,0.171432
2023-11-16,0.567418,0.226338,0.50081,0.207024,0.458958,0.178257,0.452834,0.187012,0.407257,0.177613,0.374844,0.15538,0.421908,0.17426,0.409903,0.175724,0.383341,0.158918
2023-11-17,0.570772,0.227942,0.504362,0.207839,0.462692,0.180169,0.452838,0.187229,0.407175,0.178007,0.374729,0.155672,0.423683,0.174284,0.412265,0.175779,0.385141,0.158946
2023-11-20,0.571051,0.22878,0.506998,0.209154,0.463821,0.181561,0.453114,0.187691,0.409202,0.178751,0.375393,0.156228,0.425149,0.174908,0.413814,0.176247,0.38665,0.159601
2023-11-21,0.574805,0.231131,0.518695,0.215006,0.469586,0.18469,0.453845,0.188971,0.410268,0.179927,0.376158,0.157463,0.426347,0.175582,0.415661,0.177157,0.387893,0.160311
2023-11-22,0.576259,0.232559,0.521548,0.216304,0.471374,0.186049,0.45481,0.189568,0.411084,0.180361,0.377064,0.157955,0.424658,0.175222,0.412608,0.176227,0.385966,0.159867
2023-11-23,0.577886,0.233201,0.521457,0.217648,0.472617,0.186809,0.455617,0.191275,0.410869,0.182249,0.377789,0.15983,0.424406,0.175017,0.412296,0.175992,0.385736,0.159662
2023-11-24,0.580129,0.234301,0.524121,0.217051,0.47532,0.1878,0.456169,0.192606,0.412279,0.183425,0.378567,0.161268,0.424859,0.175237,0.412614,0.1765,0.386113,0.159879
2023-11-27,0.580452,0.232276,0.522727,0.213108,0.474705,0.185017,0.457843,0.193021,0.413653,0.184226,0.380245,0.161689,0.424381,0.174954,0.411508,0.175971,0.385575,0.159561
2023-11-28,0.580914,0.231284,0.5207,0.209504,0.474296,0.183069,0.458388,0.191584,0.414662,0.181889,0.380602,0.159854,0.423938,0.174683,0.410453,0.175462,0.385084,0.159266
2023-11-29,0.577361,0.226144,0.513438,0.200231,0.46853,0.177225,0.457194,0.191836,0.411681,0.180734,0.378511,0.160261,0.423462,0.17482,0.40937,0.175434,0.384393,0.159402
2023-11-30,0.579915,0.226353,0.521517,0.201468,0.472222,0.177208,0.460927,0.195396,0.417328,0.183157,0.382845,0.163114,0.424664,0.175175,0.411394,0.17602,0.385711,0.159765
2023-12-01,0.584976,0.227781,0.530085,0.203102,0.478439,0.178955,0.461465,0.193789,0.419584,0.181822,0.383578,0.159956,0.423047,0.173803,0.409549,0.174536,0.383803,0.158241
2023-12-04,0.587601,0.228289,0.526295,0.202009,0.480843,0.180216,0.458974,0.19231,0.413142,0.179508,0.379998,0.158471,0.421205,0.173579,0.406607,0.17453,0.381536,0.157961
2023-12-05,0.585753,0.228291,0.526135,0.205178,0.479149,0.182012,0.458703,0.192793,0.414555,0.181042,0.380006,0.159458,0.421029,0.174664,0.406448,0.175933,0.381275,0.159166
2023-12-06,0.585759,0.227719,0.526037,0.204251,0.479316,0.180893,0.459225,0.192653,0.414435,0.181369,0.380527,0.159415,0.419897,0.172829,0.404141,0.173468,0.379933,0.157161
2023-12-07,0.585186,0.226597,0.523554,0.200539,0.478171,0.178838,0.459073,0.193994,0.414524,0.183014,0.379807,0.160645,0.417403,0.173489,0.400151,0.17388,0.377016,0.15776
2023-12-08,0.593921,0.229777,0.533418,0.204271,0.488493,0.181748,0.462066,0.195129,0.419929,0.185109,0.383893,0.161831,0.41867,0.17405,0.402,0.17438,0.378532,0.158316
2023-12-11,0.601186,0.233191,0.541848,0.208432,0.496126,0.185344,0.462042,0.193915,0.42026,0.18402,0.38389,0.16016,0.417017,0.174031,0.398981,0.173949,0.376646,0.158208
2023-12-12,0.60184,0.232392,0.543799,0.205954,0.496943,0.183575,0.462796,0.193833,0.423053,0.184085,0.384984,0.16009,0.41748,0.173713,0.399577,0.173603,0.377131,0.157866
2023-12-13,0.607091,0.23407,0.55665,0.208824,0.503712,0.186195,0.46383,0.193585,0.425625,0.183367,0.38637,0.160018,0.41831,0.173799,0.401527,0.173532,0.37813,0.158022
2023-12-14,0.604657,0.235003,0.549159,0.209197,0.500322,0.190896,0.468701,0.197287,0.426299,0.185619,0.391868,0.165572,0.418819,0.175282,0.40183,0.174523,0.378691,0.159856
2023-12-15,0.602116,0.233254,0.539729,0.203446,0.492366,0.187631,0.467642,0.197463,0.425714,0.185815,0.390896,0.165788,0.418437,0.17482,0.401257,0.173718,0.378309,0.159352
2023-12-18,0.602057,0.232781,0.53846,0.202804,0.492385,0.186747,0.46588,0.197119,0.422083,0.184546,0.388805,0.165162,0.418961,0.175271,0.401365,0.173923,0.378855,0.159794
2023-12-19,0.600797,0.233502,0.53386,0.203493,0.490523,0.187156,0.464938,0.197284,0.419697,0.184428,0.387452,0.165221,0.418813,0.174861,0.400886,0.173598,0.378446,0.159241
2023-12-20,0.607573,0.236584,0.549915,0.20983,0.503266,0.192288,0.470095,0.199571,0.427638,0.187867,0.394332,0.16808,0.418053,0.17529,0.39936,0.173993,0.377733,0.159669
2023-12-21,0.601245,0.233475,0.53919,0.205052,0.492253,0.18726,0.471017,0.19989,0.43004,0.18896,0.395248,0.168507,0.417681,0.174948,0.398214,0.173149,0.377324,0.159278
2023-12-22,0.601485,0.234487,0.539106,0.204101,0.492496,0.188043,0.471196,0.200379,0.42929,0.189341,0.395249,0.168981,0.417652,0.174424,0.397714,0.172198,0.377254,0.158701
2023-12-26,0.605249,0.235078,0.539642,0.20131,0.49612,0.188325,0.470762,0.200548,0.427902,0.18856,0.394171,0.169134,0.41768,0.17171,0.397374,0.169987,0.37723,0.15569
2023-12-27,0.599245,0.241485,0.528477,0.204525,0.485955,0.193864,0.469816,0.200662,0.424583,0.188065,0.392447,0.168989,0.418365,0.172592,0.398454,0.171299,0.378097,0.156624
2023-12-28,0.603348,0.245264,0.536666,0.208458,0.496491,0.201295,0.473332,0.202661,0.429084,0.189515,0.398028,0.171948,0.419463,0.173175,0.39955,0.171276,0.379494,0.157368
2024-01-02,0.570084,0.197271,0.506661,0.184631,0.453839,0.179792,0.468655,0.199777,0.426807,0.187407,0.393606,0.168993,0.413093,0.168953,0.393148,0.167744,0.372498,0.152755
2024-01-03,0.58185,0.213445,0.528218,0.203741,0.484383,0.197617,0.473209,0.206005,0.431922,0.19374,0.407055,0.195219,0.416915,0.172236,0.397781,0.171432,0.380904,0.166171
2024-01-04,0.582001,0.215842,0.527384,0.207046,0.482398,0.200422,0.473229,0.203307,0.432598,0.19067,0.407586,0.192501,0.417431,0.171674,0.399045,0.170951,0.381585,0.165619
2024-01-05,0.590783,0.219874,0.528103,0.210631,0.490242,0.205091,0.473505,0.203947,0.431977,0.191116,0.407524,0.193011,0.416186,0.17076,0.396612,0.16909,0.380099,0.164588
2024-01-08,0.592875,0.222608,0.529125,0.214929,0.491903,0.208919,0.47184,0.202862,0.428679,0.189114,0.404882,0.191739,0.411951,0.16797,0.392774,0.166013,0.375269,0.161579
2024-01-09,0.591818,0.217006,0.520222,0.204897,0.488104,0.202257,0.47203,0.202243,0.428947,0.189037,0.404946,0.191106,0.413254,0.169542,0.39294,0.166908,0.376456,0.163147
2024-01-10,0.592233,0.216447,0.5206,0.20319,0.487935,0.201343,0.470992,0.199924,0.427932,0.185026,0.403486,0.188551,0.413844,0.169467,0.394283,0.166974,0.377074,0.163052
2024-01-11,0.590189,0.218037,0.51758,0.20314,0.485544,0.203052,0.466525,0.198797,0.420946,0.183079,0.397117,0.187073,0.413477,0.170225,0.392925,0.167157,0.376346,0.163779
2024-01-12,0.601824,0.221387,0.537627,0.20953,0.500935,0.207577,0.471296,0.199273,0.430834,0.184768,0.402838,0.187829,0.420274,0.171899,0.398737,0.168662,0.38312,0.165496
2024-01-15,0.605118,0.224539,0.53556,0.211939,0.503805,0.210893,0.472056,0.199916,0.431798,0.185805,0.404436,0.188754,0.415074,0.171703,0.392476,0.168258,0.377296,0.165193
2024-01-16,0.594906,0.217264,0.518447,0.204142,0.486598,0.200899,0.473224,0.199502,0.435527,0.185661,0.405688,0.188198,0.414043,0.170476,0.390619,0.166547,0.37589,0.163862
2024-01-17,0.601519,0.224172,0.524367,0.211772,0.497732,0.209095,0.481126,0.202604,0.446621,0.190153,0.416083,0.191917,0.419585,0.172671,0.397011,0.169258,0.382266,0.166275
2024-01-18,0.602358,0.218203,0.519654,0.202916,0.496827,0.201973,0.481087,0.20255,0.445676,0.190471,0.415654,0.191788,0.420418,0.172659,0.397887,0.168883,0.383098,0.166239
2024-01-19,0.599226,0.219355,0.513673,0.202407,0.491402,0.203397,0.490731,0.205889,0.450216,0.191585,0.426162,0.195716,0.41914,0.171915,0.396405,0.167782,0.381769,0.165446
2024-01-22,0.597388,0.217589,0.508184,0.198924,0.489272,0.201521,0.49139,0.204928,0.450752,0.19106,0.426688,0.194617,0.417811,0.170873,0.395101,0.166897,0.38023,0.16431
2024-01-23,0.57556,0.203766,0.489319,0.192711,0.455857,0.181965,0.490963,0.205419,0.449388,0.191459,0.426008,0.195075,0.419075,0.170811,0.395515,0.166581,0.381355,0.164202
2024-01-24,0.575,0.203981,0.492051,0.19304,0.456558,0.182403,0.510676,0.209994,0.454551,0.191381,0.447847,0.200739,0.417443,0.169632,0.392357,0.164366,0.379583,0.162959
2024-01-25,0.582599,0.205129,0.497143,0.191942,0.469934,0.185764,0.510998,0.211578,0.455871,0.192896,0.448659,0.202716,0.415513,0.169413,0.390373,0.164107,0.377623,0.162716
2024-01-26,0.574684,0.198867,0.484144,0.182913,0.454504,0.176364,0.510982,0.211386,0.454529,0.192186,0.44849,0.202476,0.415871,0.170381,0.391088,0.164602,0.378109,0.16371
2024-01-29,0.561796,0.191633,0.480846,0.178947,0.444603,0.168894,0.507627,0.206333,0.452333,0.18718,0.445336,0.197215,0.413523,0.168846,0.389051,0.163186,0.375863,0.162148
2024-01-30,0.561709,0.182999,0.473401,0.172428,0.431192,0.155777,0.496855,0.196486,0.439436,0.180661,0.4307,0.186151,0.412291,0.165177,0.38689,0.16164,0.374292,0.158343
2024-01-31,0.542587,0.174753,0.454771,0.16671,0.408428,0.146406,0.492544,0.194192,0.438065,0.180618,0.426678,0.184081,0.407159,0.161657,0.381551,0.158564,0.368567,0.154612
2024-02-01,0.423554,0.151412,0.422379,0.159794,0.376401,0.122955,0.487767,0.187775,0.438671,0.178839,0.426531,0.178242,0.405878,0.159359,0.381716,0.157922,0.368466,0.152493
2024-02-02,0.453085,0.155417,0.433873,0.161501,0.381135,0.130892,0.503787,0.186968,0.450689,0.179934,0.434442,0.183866,0.413502,0.158629,0.383956,0.157573,0.370382,0.154444
2024-02-05,0.452155,0.153455,0.430686,0.159292,0.379825,0.127866,0.505789,0.185501,0.455269,0.179641,0.437013,0.182006,0.414019,0.156399,0.38439,0.155324,0.370983,0.152124
2024-02-06,0.446915,0.151221,0.433189,0.163207,0.376481,0.125748,0.506401,0.185066,0.458232,0.181586,0.437587,0.181451,0.411568,0.153751,0.382138,0.152624,0.368251,0.14922
2024-02-07,0.447617,0.150654,0.433003,0.165346,0.379661,0.125404,0.506845,0.185647,0.460089,0.183426,0.440226,0.182518,0.413924,0.154911,0.384874,0.154154,0.371316,0.150573
2024-02-08,0.443991,0.155841,0.430246,0.169166,0.376901,0.130761,0.507484,0.187363,0.462735,0.185922,0.441872,0.184797,0.414639,0.156074,0.386346,0.155459,0.372294,0.151847
2024-02-13,0.437236,0.149198,0.421076,0.158427,0.368835,0.123427,0.505751,0.185959,0.46066,0.182445,0.441044,0.183613,0.414218,0.155562,0.384679,0.154876,0.372087,0.151439
2024-02-14,0.425464,0.147654,0.404427,0.156921,0.353778,0.121672,0.50178,0.186724,0.454461,0.18339,0.435485,0.184,0.414414,0.156698,0.385271,0.156667,0.372278,0.152572
2024-02-15,0.423558,0.143951,0.403372,0.152728,0.352367,0.117979,0.502162,0.186388,0.45538,0.183058,0.435976,0.183947,0.412905,0.15501,0.382741,0.15462,0.370282,0.150711
2024-02-16,0.422091,0.148218,0.402791,0.156218,0.35365,0.123342,0.50365,0.189687,0.458916,0.186214,0.439673,0.187959,0.415317,0.157161,0.385616,0.156692,0.373518,0.153152
2024-02-19,0.423032,0.146375,0.404371,0.153826,0.355091,0.121281,0.504515,0.188974,0.462107,0.185309,0.441871,0.187486,0.416334,0.156472,0.387419,0.155627,0.374926,0.152504
2024-02-20,0.416123,0.143349,0.395798,0.150336,0.348373,0.118132,0.503239,0.188571,0.462465,0.185897,0.440347,0.186907,0.415612,0.156228,0.387131,0.15574,0.374216,0.152246
2024-02-21,0.416364,0.143235,0.397615,0.151671,0.34861,0.118208,0.503729,0.188769,0.463709,0.186867,0.440961,0.187109,0.417799,0.156955,0.388763,0.156399,0.376402,0.152974
2024-02-22,0.415641,0.143683,0.395107,0.151778,0.348147,0.118908,0.50404,0.189079,0.46324,0.187237,0.440957,0.187577,0.416938,0.156929,0.386813,0.155696,0.375164,0.152938
2024-02-23,0.414326,0.142879,0.393125,0.149355,0.346616,0.118273,0.504426,0.188579,0.463699,0.185893,0.441798,0.187398,0.415266,0.155834,0.38461,0.154123,0.372941,0.151697
2024-02-26,0.410223,0.141504,0.393676,0.148082,0.343767,0.117353,0.501527,0.186545,0.462149,0.182918,0.438579,0.184916,0.415311,0.154979,0.386127,0.153203,0.373206,0.150886
2024-02-27,0.412628,0.142395,0.394628,0.150493,0.346813,0.118751,0.502075,0.185798,0.462736,0.182802,0.438685,0.183942,0.415508,0.15456,0.386453,0.153084,0.373191,0.150407
2024-02-28,0.425137,0.148285,0.412065,0.158702,0.361798,0.125382,0.504793,0.186393,0.468851,0.183732,0.442979,0.184742,0.418153,0.155851,0.390524,0.155302,0.376356,0.151871
2024-02-29,0.420796,0.147971,0.403204,0.157329,0.356672,0.124978,0.503458,0.185783,0.467784,0.183032,0.441702,0.184017,0.412745,0.152828,0.38339,0.151135,0.370355,0.148635
2024-03-04,0.422506,0.159746,0.405674,0.167876,0.3606,0.139347,0.506928,0.192338,0.474897,0.190216,0.447261,0.191749,0.414402,0.156384,0.386036,0.154561,0.372513,0.152522
2024-03-05,0.426741,0.160947,0.413718,0.170721,0.365417,0.140945,0.510128,0.192606,0.477081,0.190671,0.450725,0.192119,0.414184,0.156286,0.385698,0.154694,0.372311,0.152441
2024-03-06,0.423049,0.156869,0.408733,0.167287,0.360104,0.135927,0.509464,0.191831,0.476017,0.189933,0.450092,0.191287,0.414265,0.156019,0.385753,0.154388,0.37246,0.152202
2024-03-07,0.420935,0.156142,0.40749,0.167115,0.358091,0.135207,0.508437,0.191182,0.473798,0.188529,0.448883,0.190529,0.414009,0.15623,0.385076,0.154316,0.372153,0.152406
2024-03-08,0.421723,0.155898,0.408152,0.167137,0.360196,0.135123,0.507971,0.190339,0.473379,0.187696,0.449662,0.189881,0.416956,0.157993,0.388201,0.156226,0.375583,0.154359
2024-03-11,0.420921,0.16043,0.406711,0.172822,0.358821,0.141244,0.511466,0.193051,0.477259,0.19131,0.452949,0.192646,0.419377,0.159299,0.391313,0.158115,0.37806,0.155706
2024-03-12,0.420706,0.161624,0.408435,0.174835,0.359965,0.142796,0.514102,0.194811,0.481589,0.194403,0.456054,0.194644,0.420758,0.15995,0.392961,0.158801,0.379587,0.156409
2024-03-13,0.415776,0.159741,0.402365,0.172147,0.354524,0.140714,0.510897,0.19319,0.477589,0.19095,0.452765,0.192898,0.419942,0.159646,0.392759,0.158452,0.37883,0.156103
2024-03-14,0.406596,0.156033,0.389453,0.169355,0.344249,0.136338,0.5096,0.192636,0.478847,0.19085,0.452458,0.192542,0.418345,0.158259,0.391288,0.156882,0.377528,0.154803
2024-03-15,0.41275,0.153415,0.396783,0.165292,0.3512,0.133544,0.510349,0.191983,0.479718,0.18939,0.4527,0.191678,0.420003,0.158261,0.394776,0.157199,0.379452,0.154816
2024-03-18,0.410059,0.152344,0.394263,0.164313,0.348534,0.132472,0.50827,0.190273,0.474655,0.186905,0.449313,0.189544,0.415659,0.1577,0.388472,0.155798,0.374685,0.154099
2024-03-19,0.412579,0.151888,0.399281,0.163958,0.35174,0.132075,0.508617,0.188913,0.475706,0.185569,0.449657,0.188114,0.415904,0.156776,0.388886,0.154713,0.374939,0.153107
2024-03-20,0.410166,0.14995,0.394085,0.159959,0.348752,0.129944,0.506283,0.188535,0.471088,0.184556,0.447134,0.187655,0.403578,0.155346,0.380636,0.154166,0.360783,0.151321
2024-03-21,0.421953,0.153224,0.405107,0.163497,0.363574,0.133918,0.514401,0.191641,0.483277,0.189265,0.458347,0.19153,0.406113,0.158062,0.383117,0.157086,0.363778,0.154233
2024-03-22,0.42151,0.152668,0.405208,0.163908,0.36298,0.132919,0.509825,0.189083,0.475164,0.186,0.452381,0.188566,0.407538,0.158959,0.384042,0.157868,0.365158,0.155166
2024-03-25,0.414793,0.15066,0.398794,0.162046,0.356304,0.130907,0.506114,0.188261,0.471176,0.18466,0.448398,0.187646,0.40667,0.158221,0.381991,0.156881,0.363941,0.154322
2024-03-26,0.413258,0.150113,0.397639,0.162194,0.354746,0.130326,0.506643,0.187663,0.470053,0.183137,0.449249,0.187125,0.406506,0.159407,0.381654,0.157241,0.363825,0.155549
2024-03-27,0.407336,0.146718,0.388349,0.155985,0.348135,0.126563,0.499269,0.18591,0.459909,0.181324,0.441074,0.185224,0.405355,0.158731,0.381072,0.156824,0.362743,0.154828
2024-03-28,0.398825,0.141175,0.373267,0.149927,0.337696,0.120701,0.498138,0.185979,0.457392,0.180917,0.43962,0.185292,0.4046,0.158716,0.379591,0.156289,0.361802,0.154762
2024-03-29,0.406644,0.142718,0.382292,0.151169,0.345837,0.122132,0.486885,0.165414,0.446544,0.169074,0.424997,0.162569,0.404792,0.158259,0.380463,0.156346,0.362079,0.154382
2024-04-01,0.386503,0.125045,0.360961,0.134464,0.322665,0.113752,0.486616,0.165096,0.447393,0.16934,0.424826,0.16245,0.406495,0.158382,0.381417,0.156512,0.363762,0.154499
2024-04-02,0.384773,0.129379,0.359066,0.140873,0.32048,0.118609,0.48475,0.166586,0.444135,0.172492,0.421927,0.163933,0.407021,0.159088,0.382773,0.157956,0.36443,0.155245
2024-04-03,0.406971,0.140208,0.386912,0.155737,0.344803,0.130651,0.492992,0.172385,0.456521,0.180416,0.431884,0.170849,0.41101,0.161476,0.38851,0.161536,0.368686,0.157814
2024-04-04,0.405953,0.140517,0.385974,0.15651,0.34621,0.131764,0.493059,0.173535,0.45576,0.182745,0.43216,0.172404,0.411535,0.161871,0.389139,0.161793,0.369466,0.158269
2024-04-05,0.415869,0.145707,0.39962,0.160483,0.356681,0.137791,0.496113,0.173508,0.458025,0.179982,0.43461,0.17226,0.413478,0.162464,0.392762,0.162397,0.371575,0.158898
2024-04-08,0.410936,0.144,0.392814,0.15823,0.352271,0.136663,0.493862,0.172066,0.455347,0.178464,0.432208,0.170799,0.411752,0.160927,0.389861,0.159957,0.369566,0.157255
2024-04-09,0.40979,0.143738,0.391477,0.157486,0.350731,0.136502,0.492446,0.172731,0.452285,0.178,0.430458,0.171537,0.412588,0.160751,0.390701,0.160399,0.370453,0.157106
2024-04-11,0.39309,0.140322,0.36851,0.153225,0.332608,0.132561,0.49006,0.172408,0.450565,0.178747,0.427807,0.171059,0.412769,0.16074,0.390696,0.160635,0.37056,0.157033
2024-04-12,0.395141,0.137352,0.372108,0.152028,0.335416,0.129924,0.492205,0.170925,0.453342,0.178603,0.430415,0.169564,0.411292,0.159229,0.389859,0.160346,0.369132,0.15548
2024-04-15,0.392632,0.1357,0.368856,0.148664,0.332619,0.128048,0.48509,0.165104,0.441848,0.172954,0.421209,0.162858,0.410417,0.158786,0.387935,0.160044,0.368155,0.154991
2024-04-16,0.389279,0.133585,0.366472,0.146239,0.328402,0.125894,0.487276,0.167603,0.443372,0.175676,0.424081,0.165686,0.413286,0.159642,0.391143,0.160935,0.37118,0.155891
2024-04-17,0.396041,0.139416,0.373758,0.155138,0.33531,0.132358,0.488947,0.166899,0.446356,0.175694,0.426034,0.165151,0.414978,0.161084,0.393565,0.163259,0.372758,0.157391
2024-04-18,0.411023,0.137726,0.388582,0.156287,0.355587,0.130329,0.492311,0.166474,0.45038,0.176108,0.430815,0.164669,0.415626,0.160128,0.393561,0.162442,0.373615,0.15635
2024-04-19,0.429251,0.148567,0.406762,0.166573,0.374672,0.141732,0.496108,0.169062,0.456629,0.179703,0.435831,0.167949,0.420601,0.162023,0.398766,0.164809,0.378985,0.158396
2024-04-22,0.427844,0.142031,0.412978,0.161569,0.376762,0.134988,0.4826,0.159127,0.448447,0.1739,0.42196,0.156892,0.419995,0.159392,0.400362,0.163603,0.379651,0.155875
2024-04-23,0.428177,0.142644,0.413639,0.16325,0.377081,0.135681,0.483346,0.159146,0.450025,0.174258,0.423038,0.156849,0.420347,0.158834,0.400018,0.162831,0.379655,0.155208
2024-04-24,0.432716,0.144555,0.419831,0.165097,0.384267,0.138533,0.488591,0.160921,0.454054,0.174621,0.430683,0.15961,0.420455,0.159218,0.400244,0.163054,0.380065,0.155704
2024-04-25,0.439586,0.148645,0.425879,0.168778,0.389691,0.142236,0.484599,0.15974,0.449323,0.172516,0.42526,0.158159,0.42027,0.159508,0.400051,0.163282,0.379957,0.15602
2024-04-26,0.447821,0.156991,0.433681,0.176716,0.398375,0.151943,0.484239,0.162886,0.451337,0.175546,0.42586,0.161884,0.419868,0.161238,0.400887,0.164967,0.379933,0.157936
2024-04-29,0.447709,0.156528,0.440511,0.180323,0.400224,0.152676,0.480429,0.161392,0.450662,0.175006,0.418924,0.159851,0.419881,0.160927,0.401349,0.164911,0.380163,0.15768
2024-04-30,0.457358,0.174385,0.449076,0.18312,0.410331,0.172089,0.479977,0.161175,0.44819,0.174068,0.417856,0.159666,0.419911,0.160845,0.400577,0.164235,0.380075,0.157581
2024-05-02,0.462903,0.182146,0.453102,0.190132,0.412453,0.179556,0.437562,0.162383,0.434647,0.174393,0.408973,0.154081,0.419704,0.161312,0.400104,0.16432,0.379885,0.158053
2024-05-03,0.425457,0.185534,0.423629,0.188336,0.392579,0.172508,0.430234,0.162433,0.425772,0.172985,0.399797,0.153639,0.420184,0.161917,0.400396,0.164724,0.380332,0.158668
2024-05-07,0.417536,0.184858,0.416181,0.189466,0.383586,0.17203,0.426252,0.161682,0.421689,0.172685,0.395288,0.15268,0.418971,0.161423,0.399854,0.164556,0.379157,0.158171
2024-05-08,0.419876,0.185906,0.419035,0.187439,0.385563,0.172694,0.426957,0.161713,0.42412,0.172564,0.396105,0.152685,0.420857,0.162229,0.40235,0.165129,0.381191,0.159097
2024-05-09,0.425942,0.181977,0.426852,0.184628,0.391714,0.168313,0.430322,0.161666,0.429515,0.172452,0.399595,0.152567,0.422656,0.162744,0.405768,0.165578,0.383152,0.159634
2024-05-10,0.423402,0.177931,0.419086,0.177702,0.388364,0.163824,0.42759,0.162553,0.425795,0.172305,0.396691,0.153429,0.421076,0.162413,0.402859,0.165095,0.381313,0.159258
2024-05-13,0.418239,0.176716,0.410577,0.176192,0.381817,0.162266,0.422844,0.158952,0.417662,0.166061,0.391081,0.149503,0.419415,0.161794,0.399435,0.16422,0.379433,0.158579
2024-05-14,0.416528,0.170281,0.411625,0.169313,0.379977,0.15515,0.415688,0.155529,0.408086,0.161485,0.38296,0.145799,0.419793,0.161998,0.399431,0.164484,0.379754,0.158822
2024-05-16,0.424036,0.175393,0.424575,0.176449,0.388079,0.160511,0.418232,0.155824,0.412415,0.163114,0.385889,0.146155,0.422064,0.163116,0.403155,0.166531,0.38237,0.160033
2024-05-17,0.427697,0.166848,0.43405,0.170473,0.394125,0.152314,0.422332,0.15477,0.418966,0.164508,0.391223,0.145268,0.424328,0.162735,0.407619,0.167099,0.38527,0.159695
2024-05-20,0.42702,0.170241,0.433889,0.175306,0.39306,0.155837,0.422795,0.154749,0.418843,0.165292,0.391573,0.145243,0.4247,0.162615,0.40772,0.166485,0.385752,0.159628
2024-05-21,0.431331,0.171434,0.439693,0.176806,0.397255,0.156952,0.421925,0.153919,0.417233,0.164226,0.390673,0.144384,0.425324,0.162826,0.409044,0.16693,0.386409,0.159834
2024-05-22,0.424155,0.169632,0.435065,0.17513,0.389871,0.155139,0.418372,0.15281,0.414989,0.163507,0.386889,0.1432,0.422645,0.161864,0.406657,0.166093,0.383645,0.158864
2024-05-23,0.424659,0.170123,0.433832,0.173824,0.39038,0.155358,0.418803,0.153673,0.415702,0.163782,0.387351,0.144141,0.422922,0.162191,0.407515,0.166545,0.383933,0.159187
2024-05-24,0.430713,0.178601,0.440525,0.184964,0.397107,0.164376,0.422134,0.156857,0.420351,0.168671,0.391033,0.147613,0.424986,0.163761,0.41065,0.169128,0.386175,0.16082
2024-05-27,0.438619,0.181322,0.453478,0.190147,0.405466,0.167214,0.4244,0.157939,0.424587,0.169745,0.393758,0.148812,0.42618,0.164847,0.412915,0.170807,0.387544,0.162064
2024-05-28,0.434311,0.180998,0.446633,0.188663,0.400569,0.166648,0.422889,0.158033,0.420794,0.169891,0.392111,0.14894,0.425936,0.164832,0.412472,0.1708,0.387176,0.162014
2024-05-29,0.427884,0.17628,0.437843,0.181171,0.393259,0.161615,0.427738,0.159276,0.427046,0.171563,0.397233,0.150276,0.427699,0.165669,0.414803,0.171855,0.38893,0.16289
2024-05-30,0.436859,0.177403,0.452501,0.18588,0.403289,0.162929,0.430197,0.160925,0.43013,0.173011,0.39993,0.152068,0.428475,0.166405,0.416184,0.172945,0.389685,0.163684
2024-05-31,0.428519,0.16278,0.441305,0.167477,0.393171,0.146767,0.428496,0.160474,0.426937,0.171606,0.398137,0.151617,0.428089,0.166501,0.415486,0.172971,0.389323,0.163853
2024-06-03,0.431197,0.161641,0.446999,0.166,0.396142,0.145632,0.43057,0.160424,0.430934,0.171355,0.40041,0.151528,0.428134,0.165945,0.416722,0.172544,0.389673,0.16331
2024-06-04,0.425935,0.159955,0.441219,0.164235,0.391145,0.143944,0.426259,0.157376,0.426051,0.168658,0.3959,0.148291,0.426265,0.165224,0.414367,0.171225,0.387692,0.162527
2024-06-05,0.431227,0.161932,0.450488,0.167773,0.39714,0.14629,0.427412,0.157639,0.429921,0.169961,0.397371,0.148603,0.427081,0.165346,0.416304,0.171643,0.388706,0.162695
2024-06-07,0.433274,0.164769,0.453597,0.169777,0.399118,0.149161,0.429119,0.159686,0.433687,0.172215,0.3995,0.150813,0.42863,0.16733,0.418694,0.173708,0.390541,0.164816
2024-06-10,0.432971,0.161577,0.456528,0.168388,0.398523,0.14571,0.427921,0.160091,0.430862,0.172585,0.397958,0.151375,0.429266,0.16798,0.419958,0.174703,0.39128,0.165518
2024-06-11,0.43294,0.160318,0.4552,0.167192,0.397764,0.14408,0.427514,0.160244,0.430087,0.172264,0.397602,0.151539,0.430094,0.168368,0.420988,0.175334,0.392142,0.16596
2024-06-12,0.435019,0.162494,0.459196,0.171639,0.399881,0.146332,0.425915,0.160002,0.427563,0.172709,0.395937,0.151286,0.429912,0.167856,0.420431,0.174859,0.391843,0.165425
2024-06-13,0.436885,0.161854,0.461802,0.171672,0.401338,0.145615,0.423676,0.158337,0.424142,0.17234,0.393424,0.149431,0.429747,0.168131,0.42019,0.175018,0.391562,0.165689
2024-06-14,0.427355,0.160915,0.446194,0.169339,0.390788,0.144615,0.421611,0.155701,0.420256,0.169267,0.390967,0.146691,0.430788,0.168629,0.420934,0.175351,0.392711,0.166262
2024-06-17,0.427802,0.161429,0.449205,0.170467,0.390823,0.145041,0.420864,0.155634,0.419698,0.16903,0.390021,0.146579,0.429435,0.167558,0.419845,0.17426,0.391316,0.165188
2024-06-18,0.425701,0.163533,0.450456,0.175645,0.387948,0.14712,0.420343,0.155863,0.419287,0.170171,0.389375,0.146824,0.428108,0.167505,0.417216,0.174033,0.389675,0.165107
2024-06-19,0.431396,0.166704,0.458921,0.180285,0.394344,0.150555,0.421722,0.156399,0.421704,0.170915,0.39093,0.147417,0.42851,0.167903,0.418571,0.174939,0.390304,0.165592
2024-06-20,0.408457,0.157762,0.437731,0.172,0.397229,0.151602,0.418649,0.155004,0.416082,0.16823,0.387399,0.145912,0.428513,0.167894,0.418404,0.175268,0.39033,0.165674
2024-06-21,0.408471,0.157107,0.437454,0.171953,0.397318,0.151068,0.418739,0.154844,0.4163,0.168317,0.387549,0.145765,0.428205,0.168274,0.417789,0.175662,0.389987,0.166124
2024-06-24,0.419336,0.16116,0.449759,0.177759,0.408821,0.155375,0.420202,0.156128,0.418929,0.169588,0.389171,0.147176,0.429133,0.168971,0.419571,0.176545,0.390964,0.166863
2024-06-25,0.419245,0.160599,0.449078,0.177078,0.408673,0.154757,0.42007,0.155613,0.419301,0.169524,0.389077,0.146608,0.428911,0.168039,0.419385,0.175381,0.39077,0.16583
2024-06-26,0.423474,0.161017,0.453482,0.177432,0.412624,0.155133,0.418121,0.154031,0.415733,0.166226,0.386788,0.144896,0.428205,0.167671,0.418707,0.174783,0.390104,0.165471
2024-06-27,0.426373,0.162051,0.458705,0.179373,0.415805,0.15645,0.413995,0.151756,0.409116,0.164376,0.381951,0.142509,0.428116,0.167653,0.417943,0.174373,0.389978,0.165422
2024-06-28,0.426792,0.162992,0.458715,0.180921,0.416348,0.157472,0.418865,0.154124,0.413567,0.165662,0.386882,0.144843,0.428821,0.168067,0.417535,0.174488,0.390802,0.165886
2024-07-01,0.421191,0.16063,0.454073,0.177921,0.410631,0.155156,0.406958,0.145355,0.401952,0.156653,0.373144,0.140303,0.427668,0.167863,0.416322,0.174323,0.389643,0.165682
2024-07-02,0.416333,0.154407,0.449241,0.171348,0.405764,0.148235,0.403857,0.144402,0.398893,0.155459,0.369825,0.139329,0.425144,0.166796,0.414809,0.173347,0.387129,0.164608
2024-07-03,0.399983,0.146516,0.431283,0.163401,0.387707,0.139354,0.407217,0.146334,0.404248,0.15822,0.373773,0.141508,0.425421,0.16723,0.415455,0.174125,0.387582,0.165109
2024-07-04,0.398785,0.143301,0.435812,0.160509,0.38643,0.135875,0.407712,0.14587,0.405999,0.15745,0.374721,0.141039,0.427666,0.167757,0.419182,0.174805,0.390111,0.165684
2024-07-05,0.386791,0.142103,0.4225,0.159363,0.372903,0.134328,0.406981,0.146595,0.40698,0.158429,0.37449,0.141934,0.427609,0.168064,0.420429,0.175728,0.390336,0.166073
2024-07-08,0.385135,0.14332,0.421329,0.159874,0.371661,0.135815,0.403991,0.146367,0.402309,0.157517,0.371556,0.141761,0.426908,0.167823,0.419244,0.17539,0.389547,0.165808
2024-07-09,0.386189,0.143461,0.420431,0.15974,0.37274,0.135898,0.403712,0.146124,0.401357,0.157096,0.371182,0.141497,0.426339,0.167729,0.418348,0.175289,0.388836,0.165685
2024-07-10,0.394542,0.146618,0.427531,0.163128,0.38161,0.139199,0.398531,0.145482,0.393043,0.155561,0.365655,0.140743,0.425656,0.16695,0.41646,0.174352,0.387784,0.164775
2024-07-11,0.39368,0.153759,0.425948,0.169619,0.379832,0.146608,0.400021,0.146547,0.395602,0.157996,0.367439,0.141888,0.425313,0.16695,0.415891,0.174665,0.387516,0.1648
2024-07-12,0.39464,0.152259,0.428027,0.168829,0.381006,0.145377,0.398632,0.144826,0.393637,0.155771,0.365962,0.140229,0.425553,0.166318,0.416611,0.174057,0.387815,0.164195
2024-07-15,0.37362,0.141924,0.406872,0.159102,0.36884,0.137397,0.386443,0.139315,0.38216,0.149646,0.352554,0.134382,0.423786,0.165577,0.414208,0.173029,0.385727,0.163377
2024-07-16,0.360361,0.132022,0.387361,0.144172,0.354895,0.126882,0.385197,0.13807,0.380736,0.148346,0.351211,0.133199,0.42254,0.164466,0.411986,0.170737,0.384438,0.162233
2024-07-17,0.349011,0.134176,0.377563,0.145823,0.343447,0.129348,0.388785,0.139434,0.384693,0.150316,0.355031,0.134578,0.422588,0.164621,0.413032,0.171312,0.384612,0.162424
2024-07-18,0.339805,0.125594,0.362629,0.136226,0.348023,0.126528,0.394898,0.141935,0.389096,0.151666,0.361182,0.137079,0.421347,0.163558,0.410387,0.169279,0.38301,0.161245
2024-07-19,0.323524,0.134254,0.351245,0.142991,0.330173,0.135106,0.393054,0.141853,0.386509,0.151863,0.358978,0.136923,0.421244,0.16365,0.410111,0.169574,0.382731,0.161257
2024-07-22,0.328231,0.146177,0.356552,0.155773,0.334394,0.147283,0.395498,0.146869,0.389448,0.158456,0.361689,0.142065,0.420865,0.164288,0.409363,0.17017,0.382288,0.161876
2024-07-23,0.326873,0.148153,0.354508,0.156683,0.33255,0.148933,0.397183,0.147516,0.390671,0.159204,0.363358,0.142694,0.418132,0.163633,0.40546,0.168995,0.378949,0.161083
2024-07-24,0.322989,0.146016,0.349731,0.154122,0.327728,0.146357,0.397289,0.147747,0.3903,0.159218,0.362973,0.142804,0.418002,0.163349,0.40599,0.168795,0.378873,0.160863
2024-07-25,0.32335,0.141681,0.349459,0.149561,0.322764,0.137164,0.40367,0.15345,0.395331,0.162585,0.369381,0.148851,0.421563,0.165872,0.409812,0.170627,0.382916,0.163571
2024-07-26,0.315214,0.135112,0.337214,0.141716,0.314605,0.130046,0.401204,0.151834,0.394038,0.162341,0.367214,0.147513,0.420462,0.164689,0.40974,0.169462,0.381966,0.162314
2024-07-29,0.330397,0.142817,0.354063,0.149992,0.330632,0.13866,0.410652,0.162491,0.405932,0.167425,0.377643,0.158949,0.422423,0.165774,0.413159,0.171099,0.384417,0.163551
2024-07-30,0.332056,0.144779,0.353661,0.151706,0.332423,0.140975,0.411179,0.16701,0.406732,0.171467,0.376514,0.163311,0.423662,0.166681,0.414065,0.172198,0.385544,0.164431
2024-07-31,0.330252,0.142804,0.34958,0.149263,0.329985,0.138648,0.384476,0.166208,0.390186,0.169421,0.364775,0.158378,0.429528,0.168569,0.416206,0.172328,0.391781,0.166551
2024-08-01,0.335523,0.146287,0.353222,0.152416,0.329901,0.139933,0.382454,0.167991,0.389021,0.17184,0.362508,0.160108,0.431777,0.169037,0.418516,0.173685,0.394114,0.167085
2024-08-02,0.407427,0.185248,0.37439,0.164178,0.327965,0.141865,0.416095,0.186157,0.40287,0.177101,0.373406,0.165046,0.443246,0.175921,0.422369,0.176168,0.403768,0.167672
2024-08-05,0.638087,0.285818,0.394651,0.179708,0.326087,0.149021,0.551761,0.246473,0.416628,0.183197,0.382349,0.167498,0.516237,0.212448,0.433019,0.18027,0.430134,0.178396
2024-08-06,0.658698,0.2939,0.427769,0.195086,0.397365,0.177017,0.565201,0.250311,0.428572,0.187323,0.409828,0.176998,0.525355,0.216237,0.441035,0.184286,0.443057,0.183945
2024-08-07,0.659004,0.289305,0.434902,0.193108,0.408894,0.173125,0.565088,0.247781,0.42785,0.184965,0.411844,0.17428,0.526763,0.216055,0.44168,0.183766,0.445363,0.18393
2024-08-08,0.658426,0.287096,0.435586,0.192663,0.410193,0.171455,0.564184,0.244307,0.427363,0.181481,0.41076,0.169969,0.52667,0.214713,0.440883,0.18187,0.445062,0.182504
2024-08-09,0.659618,0.282297,0.440468,0.190565,0.415485,0.168631,0.568168,0.245331,0.435821,0.185204,0.417329,0.172462,0.524338,0.213821,0.438842,0.180588,0.441404,0.181371
2024-08-12,0.668338,0.290924,0.432095,0.194948,0.407022,0.173825,0.568849,0.244594,0.436099,0.185186,0.416703,0.170862,0.526254,0.21537,0.44183,0.182988,0.443654,0.183114
2024-08-13,0.664831,0.288975,0.423751,0.191363,0.402499,0.17181,0.567364,0.245431,0.431652,0.185997,0.414211,0.171658,0.525844,0.215301,0.441413,0.182997,0.443252,0.183075
2024-08-14,0.663988,0.288858,0.424635,0.192334,0.400259,0.171354,0.569758,0.246094,0.435705,0.187432,0.416602,0.172382,0.526141,0.215229,0.441324,0.183221,0.443345,0.182914
2024-08-16,0.668825,0.286344,0.43119,0.189774,0.409121,0.169808,0.569008,0.243865,0.437371,0.185461,0.41763,0.170603,0.526927,0.214739,0.443077,0.182772,0.444941,0.18279
2024-08-19,0.662342,0.288383,0.421081,0.188104,0.398826,0.17146,0.565818,0.244601,0.433792,0.18542,0.414644,0.172464,0.526721,0.21564,0.442705,0.183623,0.44463,0.183912
2024-08-20,0.660227,0.282306,0.413128,0.176301,0.391987,0.161405,0.566813,0.244332,0.436644,0.186011,0.416448,0.172592,0.527105,0.215397,0.44402,0.183654,0.445332,0.183757
2024-08-21,0.656202,0.280854,0.406287,0.173697,0.386248,0.159311,0.567996,0.244777,0.43667,0.18614,0.41559,0.172129,0.526797,0.215238,0.443739,0.183394,0.444886,0.183511
2024-08-22,0.654151,0.279634,0.405048,0.172697,0.383347,0.157469,0.565423,0.244039,0.431666,0.184687,0.411452,0.170932,0.525382,0.214109,0.440712,0.180796,0.442943,0.182119
2024-08-23,0.651117,0.277999,0.390235,0.167986,0.373335,0.153878,0.561894,0.241655,0.423365,0.179846,0.405712,0.167786,0.52349,0.213399,0.437148,0.179451,0.440036,0.181107
2024-08-26,0.645092,0.277555,0.36842,0.161469,0.356159,0.150911,0.561295,0.241573,0.42239,0.179891,0.40477,0.167706,0.52317,0.213413,0.43664,0.179419,0.439846,0.181246
2024-08-27,0.643798,0.280718,0.369701,0.164409,0.357826,0.155763,0.559148,0.237493,0.41737,0.173054,0.401145,0.162171,0.52356,0.21389,0.43723,0.180104,0.440323,0.181767
2024-08-28,0.630875,0.278524,0.358269,0.163088,0.344392,0.154154,0.552867,0.235959,0.410604,0.171059,0.39421,0.160636,0.520415,0.21299,0.434945,0.179551,0.437279,0.180944
2024-08-29,0.632374,0.280913,0.357386,0.165339,0.343601,0.156734,0.549203,0.234888,0.409103,0.171569,0.390551,0.159951,0.519178,0.212775,0.434526,0.179693,0.43594,0.180752
2024-08-30,0.628472,0.279884,0.348464,0.16384,0.337564,0.155661,0.548411,0.235224,0.408098,0.172125,0.389614,0.160409,0.518652,0.212957,0.433871,0.179869,0.435338,0.180998
2024-09-02,0.616972,0.27235,0.335786,0.15633,0.322441,0.147059,0.542073,0.231128,0.400636,0.168284,0.381414,0.15621,0.516597,0.212107,0.431843,0.179006,0.43279,0.179987
2024-09-03,0.614,0.270208,0.330129,0.153281,0.317176,0.141202,0.53983,0.229255,0.397417,0.165544,0.378348,0.153086,0.516175,0.212214,0.43156,0.178633,0.432449,0.179964
2024-09-04,0.630616,0.278943,0.363825,0.167286,0.380514,0.172787,0.55237,0.236005,0.410025,0.170326,0.403932,0.167384,0.523939,0.216968,0.438275,0.180915,0.443709,0.186565
2024-09-05,0.631979,0.278123,0.366838,0.16654,0.38335,0.172362,0.554058,0.236935,0.412614,0.171605,0.405921,0.168228,0.523964,0.216833,0.437747,0.180588,0.443645,0.186389
2024-09-06,0.632609,0.279734,0.379048,0.172949,0.39106,0.176633,0.555391,0.237693,0.415803,0.173624,0.408517,0.169643,0.524366,0.217017,0.43925,0.180534,0.444477,0.186696
2024-09-09,0.62968,0.280121,0.375745,0.175785,0.387718,0.179081,0.551321,0.238381,0.405905,0.174047,0.402339,0.170653,0.523475,0.217074,0.43834,0.180927,0.443509,0.186808
2024-09-10,0.633434,0.281623,0.3771,0.177193,0.391707,0.180152,0.552804,0.239134,0.406395,0.17444,0.403928,0.171108,0.524143,0.217323,0.438752,0.181057,0.444232,0.187035
2024-09-11,0.616747,0.274892,0.374311,0.174351,0.380009,0.17493,0.543754,0.236621,0.40218,0.173995,0.394513,0.168934,0.521528,0.216453,0.436835,0.180586,0.441669,0.186202
2024-09-12,0.622656,0.277983,0.389491,0.178414,0.396369,0.183281,0.550935,0.241026,0.41386,0.179102,0.407085,0.176028,0.524508,0.217918,0.441572,0.182818,0.446253,0.188384
2024-09-13,0.615563,0.278046,0.393072,0.183074,0.392207,0.18501,0.540332,0.238525,0.404162,0.176368,0.393632,0.17259,0.521861,0.217476,0.44132,0.183227,0.443763,0.187998
2024-09-19,0.613485,0.280331,0.392081,0.187635,0.389258,0.187897,0.53875,0.239291,0.40344,0.178417,0.392187,0.173846,0.520598,0.217062,0.439162,0.182863,0.44238,0.187554
2024-09-20,0.612123,0.280473,0.390105,0.187735,0.385983,0.186847,0.541893,0.240519,0.408247,0.180679,0.395906,0.175294,0.521349,0.21771,0.440407,0.183661,0.443263,0.188309
2024-09-23,0.61119,0.282518,0.38854,0.189456,0.384553,0.188194,0.541281,0.241152,0.4065,0.181196,0.395166,0.175905,0.521938,0.21827,0.441071,0.184315,0.443806,0.188906
2024-09-24,0.613595,0.284651,0.394881,0.192863,0.388655,0.191625,0.544618,0.243281,0.410967,0.182968,0.398445,0.178525,0.521657,0.218376,0.440703,0.183681,0.443524,0.18908
2024-09-25,0.60986,0.279743,0.400105,0.190406,0.393993,0.188019,0.544767,0.241704,0.414904,0.183153,0.401582,0.177706,0.52207,0.217696,0.442546,0.18372,0.444656,0.188556
2024-09-26,0.61918,0.280971,0.422049,0.198728,0.415098,0.193439,0.552795,0.243955,0.425725,0.18804,0.414557,0.181968,0.525084,0.218346,0.445517,0.184958,0.449227,0.189738
2024-09-27,0.618438,0.276901,0.424734,0.199946,0.415559,0.190855,0.551643,0.241947,0.424814,0.187936,0.413144,0.180601,0.52414,0.216954,0.443502,0.184391,0.447874,0.188276
2024-09-30,0.629769,0.276451,0.442322,0.206484,0.43293,0.193338,0.555584,0.238908,0.431397,0.18808,0.418683,0.177725,0.525673,0.215624,0.44681,0.184948,0.45006,0.187064
2024-10-02,0.628396,0.273772,0.441644,0.201498,0.432348,0.189742,0.55156,0.236176,0.422398,0.182041,0.41159,0.173757,0.525416,0.214607,0.446341,0.184282,0.4498,0.186199
2024-10-04,0.625232,0.27512,0.431879,0.201224,0.428257,0.190541,0.550414,0.236427,0.419539,0.181329,0.409317,0.173642,0.525972,0.215564,0.447364,0.185409,0.450385,0.187251
2024-10-07,0.632594,0.279549,0.441863,0.205767,0.439601,0.19627,0.551917,0.239725,0.420926,0.184154,0.41127,0.177333,0.525806,0.216563,0.446586,0.185642,0.450124,0.188368
2024-10-08,0.634578,0.2797,0.442566,0.206371,0.441826,0.19838,0.552198,0.240496,0.420923,0.184713,0.411801,0.179001,0.525492,0.216738,0.446026,0.185565,0.449776,0.188668
2024-10-10,0.635137,0.276765,0.44295,0.204316,0.441693,0.195207,0.551897,0.238629,0.419847,0.183261,0.411448,0.177221,0.526288,0.215946,0.445593,0.184592,0.450421,0.187832
2024-10-11,0.634609,0.275184,0.441775,0.202133,0.440636,0.193763,0.555887,0.238825,0.421611,0.183267,0.415392,0.177781,0.524694,0.215551,0.441669,0.183939,0.448174,0.187394
2024-10-14,0.631133,0.274873,0.438392,0.20247,0.436863,0.193309,0.556494,0.241433,0.41932,0.185311,0.413968,0.180696,0.523677,0.215854,0.440054,0.184173,0.4471,0.187703
2024-10-15,0.629269,0.273021,0.436931,0.201889,0.43476,0.192218,0.555858,0.240425,0.418936,0.184692,0.413366,0.179858,0.518953,0.205932,0.433888,0.178378,0.44024,0.176365
2024-10-16,0.62898,0.273148,0.437472,0.202436,0.434858,0.193028,0.552047,0.239054,0.409498,0.181279,0.40594,0.177036,0.519063,0.206271,0.434582,0.179059,0.440502,0.176762
2024-10-17,0.631406,0.274035,0.439099,0.202933,0.437398,0.193929,0.550145,0.236749,0.404643,0.176075,0.402843,0.173728,0.51816,0.206372,0.432469,0.179208,0.439213,0.176814
2024-10-18,0.631021,0.274156,0.438903,0.202081,0.435754,0.193395,0.546256,0.236473,0.397804,0.175496,0.396984,0.173379,0.518552,0.207173,0.432784,0.179935,0.439596,0.17778
2024-10-21,0.631395,0.275326,0.437051,0.202814,0.434201,0.194413,0.543858,0.235099,0.389977,0.171611,0.392364,0.170994,0.518388,0.207278,0.431601,0.179941,0.439087,0.177904
2024-10-22,0.632079,0.275075,0.445996,0.201495,0.440444,0.193148,0.545642,0.239655,0.391072,0.174008,0.392275,0.17539,0.518901,0.206787,0.431101,0.177587,0.439723,0.177321
2024-10-23,0.63155,0.272068,0.441122,0.193307,0.436487,0.186971,0.54477,0.240096,0.391402,0.174814,0.392099,0.17585,0.518024,0.206793,0.42985,0.177444,0.43882,0.177346
2024-10-24,0.61051,0.264923,0.443927,0.194085,0.412476,0.178087,0.527995,0.234843,0.391993,0.175745,0.37365,0.169784,0.506537,0.203502,0.42836,0.177532,0.425784,0.173519
2024-10-25,0.608536,0.264514,0.440584,0.193246,0.408337,0.177026,0.525652,0.233526,0.388514,0.174346,0.370659,0.167924,0.505985,0.203525,0.428041,0.177651,0.425329,0.173596
2024-10-28,0.600398,0.260904,0.425606,0.185227,0.39387,0.168531,0.52153,0.230323,0.383365,0.169586,0.365233,0.16378,0.505277,0.203089,0.427597,0.177266,0.424476,0.173003
2024-10-29,0.604047,0.26274,0.426009,0.186474,0.397274,0.170692,0.517845,0.228802,0.377225,0.166851,0.360748,0.162077,0.50105,0.200861,0.421207,0.174433,0.418812,0.170184
2024-10-30,0.594183,0.255652,0.423777,0.180847,0.395798,0.165434,0.512826,0.226232,0.381993,0.167528,0.360902,0.161108,0.495936,0.199552,0.41945,0.174244,0.413695,0.168812
2024-10-31,0.59281,0.253678,0.423285,0.177419,0.395457,0.163262,0.512756,0.225599,0.382457,0.166644,0.361015,0.160067,0.495787,0.19838,0.419498,0.172173,0.413535,0.167579
2024-11-01,0.590894,0.253304,0.423197,0.178737,0.394466,0.164512,0.510608,0.224216,0.380868,0.16655,0.358979,0.158965,0.494725,0.198244,0.417546,0.172288,0.412201,0.167567
2024-11-04,0.589526,0.248401,0.426054,0.173934,0.396517,0.159788,0.513368,0.222501,0.385345,0.166084,0.364719,0.157751,0.496163,0.198215,0.419016,0.172138,0.414345,0.167616
2024-11-05,0.570682,0.239135,0.396904,0.162151,0.354332,0.134286,0.511461,0.22227,0.38082,0.165431,0.362637,0.157353,0.491144,0.19589,0.412464,0.170067,0.407265,0.16444
2024-11-06,0.388168,0.150086,0.35976,0.141185,0.3298,0.121842,0.50588,0.218234,0.373484,0.163486,0.356651,0.15282,0.489672,0.193665,0.412054,0.169281,0.406051,0.162125
2024-11-07,0.354142,0.134854,0.333204,0.12722,0.286781,0.102726,0.506385,0.216441,0.375695,0.162122,0.35793,0.151159,0.491696,0.193204,0.414411,0.168801,0.408345,0.161756
2024-11-08,0.345932,0.13813,0.322506,0.126944,0.275017,0.105587,0.505428,0.215932,0.374151,0.16081,0.356828,0.150384,0.488908,0.19206,0.410041,0.166578,0.404232,0.16017
2024-11-11,0.343004,0.137686,0.325123,0.127478,0.272533,0.105307,0.503357,0.214838,0.374061,0.159971,0.355574,0.149499,0.488169,0.191558,0.410072,0.1661,0.403902,0.159724
2024-11-12,0.343032,0.140773,0.322999,0.130419,0.273089,0.108957,0.5042,0.214954,0.376089,0.16117,0.358779,0.151028,0.488721,0.191993,0.411559,0.167207,0.403938,0.160177
2024-11-13,0.364376,0.150587,0.342793,0.138791,0.300027,0.121109,0.512127,0.220567,0.381568,0.166339,0.369655,0.158237,0.492258,0.193674,0.415689,0.169735,0.409747,0.162641
2024-11-14,0.366035,0.152462,0.344094,0.140374,0.301736,0.123236,0.511229,0.220832,0.378918,0.166481,0.368667,0.158899,0.475304,0.195096,0.408185,0.169775,0.396673,0.156763
2024-11-15,0.353884,0.148607,0.332548,0.138129,0.28902,0.119095,0.50452,0.219208,0.374604,0.166041,0.362293,0.15766,0.469616,0.194248,0.402361,0.169228,0.389299,0.155546
2024-11-18,0.354961,0.147679,0.33809,0.138338,0.289588,0.116979,0.508649,0.218651,0.380569,0.165331,0.367986,0.157175,0.469254,0.193396,0.402088,0.168233,0.38873,0.154511
2024-11-19,0.35829,0.148159,0.33954,0.138229,0.29262,0.117034,0.507177,0.21784,0.378237,0.164216,0.366145,0.156025,0.46875,0.193081,0.401727,0.168124,0.38828,0.154203
2024-11-20,0.355092,0.148869,0.334226,0.139428,0.288522,0.117536,0.505111,0.215936,0.373469,0.160132,0.362792,0.153081,0.468528,0.193124,0.401054,0.168026,0.387808,0.154143
2024-11-21,0.355954,0.149766,0.337253,0.140832,0.289387,0.118253,0.50357,0.215711,0.369292,0.158725,0.360692,0.152431,0.468009,0.193589,0.399896,0.1682,0.387103,0.154555
2024-11-22,0.351296,0.148496,0.334818,0.14013,0.284453,0.117152,0.500735,0.214528,0.368186,0.157945,0.357678,0.151173,0.464753,0.191413,0.394907,0.164454,0.383262,0.152126
2024-11-25,0.353116,0.151166,0.3393,0.143292,0.288161,0.12075,0.498642,0.213963,0.364471,0.15688,0.355169,0.150515,0.462055,0.189854,0.391417,0.162529,0.380251,0.150532
2024-11-26,0.35432,0.154864,0.34041,0.147212,0.289834,0.125177,0.495842,0.215487,0.35794,0.157297,0.351604,0.152538,0.461825,0.190178,0.391651,0.163372,0.380278,0.150991
2024-11-27,0.345649,0.149864,0.332182,0.143378,0.280953,0.120131,0.491362,0.214529,0.353223,0.156324,0.347027,0.151542,0.458956,0.189371,0.388526,0.162682,0.377292,0.150063
2024-11-28,0.357361,0.154845,0.340732,0.146255,0.292292,0.124674,0.490388,0.215943,0.349963,0.156518,0.345345,0.152491,0.458167,0.189188,0.387257,0.162492,0.376458,0.14974
2024-11-29,0.374393,0.151989,0.363924,0.145587,0.312414,0.121608,0.499169,0.215873,0.364376,0.157661,0.358366,0.15279,0.461191,0.188561,0.391793,0.161572,0.381011,0.149396
2024-12-02,0.3777,0.152963,0.369588,0.147246,0.31604,0.122454,0.497196,0.215314,0.361781,0.157787,0.35645,0.15226,0.459715,0.188121,0.391714,0.161839,0.379669,0.149032
2024-12-03,0.398732,0.155454,0.394422,0.153244,0.341497,0.125927,0.501073,0.213228,0.368252,0.156297,0.363391,0.150443,0.462852,0.188778,0.396478,0.16248,0.383961,0.150093
2024-12-04,0.403371,0.153632,0.401188,0.151644,0.348325,0.124327,0.499942,0.210265,0.369937,0.154358,0.364978,0.147333,0.462555,0.187845,0.397478,0.161858,0.384393,0.149338
2024-12-05,0.360206,0.124681,0.365894,0.134669,0.314202,0.105296,0.489792,0.205907,0.367131,0.152041,0.357269,0.143594,0.456929,0.18566,0.396181,0.160579,0.379247,0.147288
2024-12-06,0.358015,0.125018,0.362673,0.133986,0.312183,0.105856,0.488534,0.205004,0.366151,0.150933,0.356636,0.143045,0.455457,0.185274,0.394329,0.160447,0.377986,0.147014
2024-12-09,0.397644,0.123178,0.383175,0.130839,0.358511,0.105334,0.503666,0.203242,0.381708,0.151993,0.383988,0.1436,0.466476,0.184804,0.402319,0.16094,0.393272,0.147498
2024-12-10,0.422384,0.121278,0.406249,0.128953,0.387964,0.10431,0.51236,0.2027,0.393174,0.152655,0.39776,0.144015,0.471227,0.184637,0.406042,0.160929,0.399893,0.147741
2024-12-11,0.421832,0.119926,0.40791,0.127818,0.387479,0.103096,0.51327,0.202361,0.394258,0.152583,0.399048,0.143751,0.470029,0.184347,0.404246,0.160257,0.398585,0.147404
2024-12-12,0.436104,0.126119,0.4204,0.135613,0.401688,0.109469,0.515141,0.203779,0.399678,0.15581,0.401561,0.145484,0.470947,0.185282,0.4068,0.162379,0.399747,0.148502
2024-12-13,0.421369,0.112311,0.399531,0.126766,0.384244,0.09357,0.513419,0.202384,0.395767,0.153513,0.399718,0.144211,0.470261,0.184808,0.405511,0.161794,0.398862,0.147882
2024-12-16,0.420013,0.109783,0.395983,0.12336,0.382076,0.0906042,0.513082,0.202363,0.395366,0.153727,0.399643,0.144451,0.470058,0.184914,0.405557,0.162122,0.398748,0.148082
2024-12-17,0.421673,0.108294,0.399423,0.119471,0.383641,0.0892091,0.512674,0.203029,0.3977,0.154623,0.400006,0.145383,0.469761,0.184567,0.405844,0.16174,0.398698,0.147702
2024-12-18,0.423463,0.10789,0.40677,0.118738,0.386242,0.0890805,0.513018,0.202858,0.400618,0.154189,0.400802,0.144979,0.469733,0.184506,0.405953,0.161391,0.398781,0.147626
2024-12-19,0.435787,0.121967,0.427056,0.128458,0.400259,0.105395,0.517641,0.207316,0.412434,0.160281,0.408502,0.152064,0.472745,0.186817,0.411185,0.163582,0.402971,0.150896
2024-12-20,0.442732,0.128279,0.44005,0.14042,0.407694,0.112259,0.522235,0.211097,0.424202,0.168715,0.415588,0.157182,0.475021,0.188696,0.415664,0.167336,0.406171,0.153276
2024-12-23,0.453284,0.1413,0.455704,0.157874,0.419193,0.12627,0.525827,0.215278,0.432841,0.175895,0.420719,0.162559,0.476854,0.190829,0.418183,0.170856,0.408328,0.155634
2024-12-24,0.434097,0.135833,0.433572,0.148946,0.375238,0.125839,0.526356,0.215636,0.432177,0.176105,0.421226,0.162922,0.476338,0.18944,0.41671,0.169684,0.407676,0.154237
2024-12-26,0.436492,0.135276,0.436062,0.147503,0.377758,0.124859,0.528377,0.215668,0.434772,0.17621,0.423646,0.163008,0.476926,0.189302,0.417192,0.169429,0.408343,0.154059
2024-12-27,0.43177,0.135006,0.42843,0.147278,0.371756,0.124385,0.532176,0.217133,0.437626,0.177704,0.428165,0.164898,0.476838,0.189247,0.417978,0.169651,0.408621,0.154149
2024-12-30,0.42758,0.134924,0.423242,0.147092,0.366466,0.124908,0.528929,0.215012,0.432915,0.174746,0.424268,0.162488,0.475674,0.188363,0.416805,0.168527,0.407452,0.153274
2025-01-02,0.426132,0.129383,0.420633,0.142137,0.36515,0.119753,0.526748,0.21298,0.427158,0.172792,0.421791,0.160206,0.474545,0.187516,0.413974,0.166919,0.406124,0.15241
2025-01-03,0.422177,0.120689,0.413515,0.131238,0.361411,0.111218,0.529276,0.21165,0.430112,0.171365,0.425311,0.158968,0.475686,0.187464,0.41597,0.166734,0.407887,0.152465
2025-01-06,0.425483,0.119889,0.42021,0.133196,0.364686,0.110008,0.530689,0.211555,0.434392,0.172388,0.427058,0.159124,0.47592,0.187116,0.417843,0.166935,0.408347,0.152225
2025-01-07,0.425981,0.122352,0.421375,0.134704,0.365264,0.112524,0.531593,0.212031,0.435542,0.172766,0.427821,0.159503,0.476031,0.187284,0.417902,0.166893,0.408425,0.15239
2025-01-08,0.42708,0.122601,0.425098,0.134811,0.366236,0.11256,0.531376,0.211375,0.43605,0.17154,0.427623,0.158652,0.475429,0.186533,0.416821,0.165447,0.407757,0.151565
2025-01-09,0.430609,0.121177,0.428655,0.133466,0.36979,0.111319,0.531887,0.211274,0.436443,0.170996,0.428133,0.158453,0.474256,0.185619,0.41415,0.16434,0.406246,0.150545
2025-01-10,0.42974,0.122219,0.428396,0.133956,0.369023,0.112366,0.53096,0.211476,0.434975,0.170697,0.427131,0.158598,0.475593,0.186012,0.415003,0.164626,0.407569,0.151018
2025-01-13,0.431417,0.12076,0.431764,0.135528,0.371407,0.110951,0.531445,0.210755,0.436854,0.172073,0.428155,0.158408,0.473617,0.183414,0.411893,0.161594,0.404907,0.14795
2025-01-14,0.431811,0.121125,0.430904,0.135423,0.371199,0.111219,0.532574,0.211014,0.437976,0.172812,0.42915,0.158734,0.47351,0.183914,0.410747,0.161763,0.404392,0.148301
2025-01-15,0.433109,0.123512,0.431802,0.138068,0.371868,0.113933,0.533065,0.211798,0.437622,0.173766,0.429272,0.159444,0.474097,0.184276,0.411526,0.162729,0.405079,0.148734
2025-01-16,0.433421,0.129586,0.434555,0.144559,0.37236,0.119795,0.533451,0.21461,0.438224,0.176834,0.429356,0.162466,0.473881,0.18528,0.411151,0.163466,0.404771,0.149851
2025-01-17,0.431807,0.130741,0.429645,0.145268,0.368958,0.120732,0.533778,0.214347,0.439074,0.176092,0.429892,0.1617,0.473685,0.185598,0.410987,0.163484,0.404625,0.150128
2025-01-20,0.429153,0.128015,0.425954,0.141431,0.366299,0.118073,0.53349,0.212064,0.436544,0.171184,0.428589,0.15853,0.472707,0.18546,0.409315,0.16317,0.40349,0.149983
2025-01-21,0.43522,0.131029,0.42198,0.140697,0.37256,0.121364,0.532407,0.212305,0.436314,0.171503,0.42785,0.158824,0.47133,0.185303,0.408226,0.162929,0.402217,0.14988
2025-01-22,0.443918,0.131365,0.434145,0.141073,0.381562,0.121915,0.534808,0.212449,0.440588,0.171448,0.430268,0.15894,0.470809,0.184985,0.406782,0.161783,0.401363,0.149453
2025-01-23,0.454405,0.134613,0.445713,0.143431,0.393183,0.125297,0.535378,0.211398,0.439621,0.16872,0.429974,0.156467,0.472376,0.185308,0.409601,0.162096,0.403159,0.149834
2025-01-24,0.458727,0.135572,0.451869,0.145301,0.397345,0.126062,0.539393,0.212879,0.442367,0.169808,0.43395,0.15791,0.472324,0.185121,0.409175,0.161399,0.40297,0.149589
2025-01-31,0.44754,0.135416,0.438276,0.143122,0.38309,0.12493,0.532399,0.210434,0.434138,0.165913,0.425602,0.154687,0.466585,0.183184,0.402667,0.158736,0.39602,0.147123
2025-02-03,0.475703,0.153338,0.461408,0.154427,0.432314,0.126638,0.542054,0.214584,0.445109,0.169726,0.44131,0.161985,0.474282,0.186617,0.409671,0.161608,0.406413,0.151951
2025-02-04,0.482433,0.155119,0.469868,0.156423,0.438821,0.127993,0.54344,0.214814,0.447817,0.170508,0.443032,0.162461,0.475179,0.186826,0.411428,0.162024,0.407449,0.152253
2025-02-05,0.483063,0.155406,0.468502,0.15618,0.438526,0.128128,0.543679,0.213255,0.448755,0.168273,0.443435,0.160793,0.47725,0.187573,0.414062,0.162733,0.409562,0.153036
2025-02-06,0.482582,0.156272,0.467432,0.158288,0.438063,0.129079,0.531469,0.206161,0.435921,0.162907,0.426309,0.149187,0.476448,0.187506,0.412953,0.162998,0.408677,0.152971
2025-02-07,0.491207,0.162697,0.476114,0.163418,0.4463,0.135716,0.440891,0.160608,0.420495,0.155975,0.416397,0.147278,0.476663,0.187732,0.41336,0.163511,0.408897,0.153224
2025-02-10,0.492594,0.167086,0.476339,0.165886,0.447178,0.139929,0.425309,0.153401,0.407437,0.149635,0.398936,0.13895,0.477978,0.188127,0.414448,0.163782,0.410261,0.1536
2025-02-11,0.49604,0.167885,0.482741,0.167328,0.450878,0.140703,0.423775,0.155116,0.405417,0.151068,0.396717,0.140573,0.478404,0.188132,0.414463,0.163793,0.410633,0.153599
2025-02-12,0.502062,0.170481,0.4879,0.171469,0.45656,0.143355,0.425188,0.156276,0.407537,0.152564,0.398119,0.141719,0.479933,0.188954,0.415815,0.164843,0.412164,0.154437
2025-02-13,0.495398,0.163591,0.474447,0.164758,0.447306,0.134531,0.420779,0.153658,0.399476,0.148989,0.393385,0.138722,0.479687,0.188758,0.415918,0.164859,0.412045,0.154207
2025-02-14,0.47968,0.155985,0.453309,0.154272,0.391505,0.135433,0.420418,0.153121,0.398441,0.147449,0.393076,0.138156,0.482285,0.192987,0.418717,0.166306,0.414813,0.158975
2025-02-17,0.481392,0.151633,0.454908,0.149921,0.392475,0.130072,0.422682,0.152495,0.402234,0.147136,0.395507,0.137522,0.483787,0.194094,0.419878,0.166973,0.415627,0.159953
2025-02-18,0.494263,0.152817,0.46112,0.147954,0.404265,0.130204,0.42202,0.15157,0.400676,0.146013,0.394705,0.136463,0.477568,0.194568,0.413956,0.1665,0.407172,0.159739
2025-02-19,0.497198,0.156499,0.460683,0.151015,0.406645,0.133863,0.422608,0.152064,0.402045,0.146917,0.39512,0.136712,0.477485,0.194316,0.413703,0.166382,0.406962,0.159437
2025-02-20,0.497117,0.157149,0.462455,0.152881,0.406771,0.135062,0.425148,0.151639,0.404237,0.146927,0.397726,0.136123,0.477421,0.194151,0.412856,0.165886,0.406585,0.159107
2025-02-21,0.500119,0.157282,0.464954,0.151946,0.41006,0.13529,0.424674,0.152004,0.402506,0.147084,0.397094,0.136438,0.476975,0.193532,0.411825,0.165103,0.405689,0.158332
2025-02-24,0.499643,0.159002,0.46425,0.155666,0.409787,0.138255,0.425144,0.152552,0.402985,0.148446,0.397535,0.137148,0.476566,0.193061,0.410626,0.164461,0.405117,0.157909
2025-02-25,0.509761,0.162824,0.479002,0.16066,0.423173,0.143499,0.426962,0.153312,0.407264,0.150408,0.399526,0.138031,0.476789,0.193061,0.411173,0.164567,0.405472,0.15795
2025-02-26,0.516155,0.163071,0.481608,0.15827,0.429981,0.143961,0.429071,0.153556,0.410939,0.150911,0.401714,0.138233,0.477414,0.191783,0.411911,0.162744,0.405967,0.156432
2025-02-27,0.518814,0.160143,0.480195,0.152171,0.431472,0.139511,0.430672,0.153894,0.412663,0.15078,0.403349,0.138546,0.477744,0.192143,0.411915,0.163118,0.406205,0.156766
2025-02-28,0.557615,0.17209,0.518259,0.1651,0.501317,0.143568,0.445299,0.157134,0.424973,0.153889,0.414465,0.140816,0.483754,0.192741,0.417292,0.163793,0.414184,0.158065
2025-03-04,0.55845,0.173511,0.52554,0.171328,0.50348,0.146354,0.451271,0.159648,0.430156,0.157343,0.420559,0.143472,0.48319,0.193511,0.416533,0.165349,0.413595,0.158976
2025-03-05,0.547643,0.176387,0.503168,0.171778,0.487436,0.148701,0.453231,0.159188,0.431337,0.155602,0.422476,0.142766,0.483882,0.193232,0.417158,0.164729,0.414167,0.158574
2025-03-06,0.538157,0.173382,0.494236,0.167496,0.47682,0.145526,0.450474,0.157725,0.429327,0.154194,0.419577,0.141281,0.481364,0.192313,0.414858,0.163772,0.411593,0.157623
2025-03-07,0.51607,0.168691,0.472424,0.163196,0.452873,0.140734,0.449532,0.157613,0.428834,0.154813,0.418824,0.141221,0.478398,0.190711,0.413098,0.16288,0.408684,0.156121
2025-03-10,0.513844,0.172017,0.460717,0.164218,0.445789,0.143526,0.450803,0.158035,0.428994,0.154941,0.419896,0.141577,0.478376,0.191082,0.412728,0.163172,0.408633,0.156473
2025-03-11,0.545835,0.187545,0.482423,0.177327,0.476791,0.16084,0.437905,0.14896,0.4214,0.152464,0.411462,0.14171,0.481074,0.192613,0.416707,0.16528,0.411475,0.158318
2025-03-12,0.555131,0.189278,0.490719,0.178598,0.486422,0.162236,0.440399,0.148625,0.424853,0.151981,0.414346,0.141416,0.481705,0.192096,0.417431,0.164535,0.412292,0.157759
2025-03-13,0.507386,0.193299,0.46334,0.177891,0.413411,0.162298,0.438893,0.147339,0.419949,0.148998,0.412583,0.139996,0.480381,0.191204,0.414262,0.162588,0.410563,0.156695
2025-03-14,0.477867,0.188816,0.439467,0.171496,0.371296,0.155671,0.438818,0.145972,0.419782,0.146814,0.412457,0.138633,0.480012,0.190925,0.413844,0.162363,0.410192,0.156436
2025-03-17,0.48564,0.191488,0.448885,0.174375,0.380249,0.158537,0.440435,0.1464,0.423435,0.147554,0.414326,0.139142,0.479537,0.188661,0.413394,0.159186,0.409532,0.153879
2025-03-18,0.480816,0.187601,0.440129,0.169747,0.374088,0.153901,0.447347,0.14921,0.425786,0.150158,0.420843,0.141937,0.479476,0.189251,0.412422,0.160042,0.409325,0.154422
2025-03-19,0.478748,0.186802,0.43678,0.168618,0.371418,0.152324,0.437991,0.141325,0.414052,0.143823,0.410505,0.133312,0.478924,0.188962,0.412087,0.159715,0.408772,0.154161
2025-03-20,0.470087,0.182966,0.427235,0.166604,0.361349,0.14702,0.43499,0.138654,0.409647,0.140934,0.407079,0.130528,0.477354,0.188478,0.410932,0.159657,0.407178,0.153683
2025-03-21,0.464271,0.183165,0.418829,0.168276,0.351705,0.146704,0.434692,0.137358,0.408745,0.139315,0.406669,0.12912,0.476254,0.187858,0.408345,0.158816,0.405854,0.15303
2025-03-24,0.456659,0.180978,0.407763,0.165916,0.34052,0.144086,0.432054,0.136228,0.406598,0.138051,0.403927,0.127971,0.475077,0.186666,0.406388,0.157247,0.404424,0.151547
2025-03-25,0.428948,0.162659,0.375973,0.152452,0.297838,0.118753,0.431232,0.135234,0.40545,0.136213,0.403133,0.126969,0.474017,0.185721,0.404652,0.155739,0.40337,0.150584
2025-03-26,0.407167,0.148893,0.344511,0.132461,0.26077,0.0988657,0.430516,0.134307,0.403175,0.134884,0.40227,0.125958,0.474563,0.185961,0.405213,0.155965,0.403901,0.150797
2025-03-27,0.40547,0.135617,0.348818,0.119259,0.263906,0.0852156,0.433475,0.136116,0.409402,0.137832,0.40501,0.127803,0.476927,0.186356,0.409579,0.156991,0.406679,0.151368
2025-03-28,0.421412,0.138498,0.370116,0.12681,0.292667,0.0920096,0.426976,0.13378,0.407946,0.137041,0.391098,0.119154,0.478096,0.186979,0.411055,0.15853,0.408306,0.152247
2025-03-31,0.453163,0.146662,0.396485,0.132949,0.36535,0.128244,0.439559,0.136578,0.421868,0.139124,0.412014,0.129667,0.483828,0.187588,0.418423,0.159822,0.415879,0.153673
2025-04-01,0.458096,0.150241,0.396764,0.134353,0.368572,0.131802,0.439238,0.13835,0.419785,0.139527,0.411162,0.131376,0.485002,0.187902,0.420472,0.160673,0.417112,0.154114
2025-04-02,0.474855,0.155593,0.420894,0.141648,0.388863,0.13834,0.441056,0.140344,0.423801,0.142276,0.413118,0.13377,0.486226,0.188306,0.4235,0.161639,0.418753,0.15465
2025-04-03,0.474316,0.158069,0.426925,0.146202,0.391059,0.14295,0.440821,0.138891,0.42569,0.142091,0.413291,0.13268,0.483114,0.186545,0.419735,0.160279,0.415028,0.152758
2025-04-04,0.462916,0.167105,0.418346,0.150346,0.378119,0.153001,0.432353,0.139897,0.416545,0.138249,0.404492,0.134017,0.481483,0.188037,0.418783,0.160991,0.413414,0.154866
2025-04-07,0.568093,0.260262,0.443041,0.164921,0.415045,0.159115,0.480754,0.190186,0.432262,0.145965,0.41753,0.135906,0.503922,0.208063,0.427992,0.165395,0.426104,0.161739
2025-04-08,0.560734,0.247282,0.440656,0.163569,0.4071,0.145608,0.478756,0.188004,0.431109,0.146793,0.415571,0.134562,0.50314,0.20575,0.427127,0.165189,0.425332,0.159391
2025-04-09,0.56831,0.252688,0.462338,0.174518,0.42468,0.158927,0.483011,0.193462,0.441474,0.152641,0.421467,0.141707,0.506544,0.207764,0.433027,0.168131,0.429389,0.162421
2025-04-10,0.636481,0.307865,0.491084,0.199244,0.466529,0.166789,0.523485,0.227273,0.457658,0.16456,0.439061,0.144637,0.524845,0.223008,0.441002,0.174344,0.45564,0.186389
2025-04-11,0.633088,0.304201,0.490843,0.200515,0.462762,0.163757,0.521361,0.226769,0.456619,0.165231,0.436799,0.14422,0.523678,0.222345,0.439534,0.174442,0.454334,0.185777
2025-04-14,0.635907,0.307647,0.491423,0.199316,0.46725,0.165351,0.523422,0.227921,0.459914,0.165576,0.439357,0.144576,0.524825,0.222869,0.44163,0.174859,0.455601,0.186262
2025-04-15,0.633268,0.306794,0.494176,0.198619,0.466974,0.164531,0.522849,0.227201,0.459507,0.164463,0.439494,0.144157,0.525154,0.222286,0.44165,0.173626,0.455971,0.185625
2025-04-16,0.632263,0.303696,0.49719,0.198366,0.467434,0.163201,0.523677,0.227838,0.461167,0.166394,0.440708,0.145389,0.523361,0.221311,0.438039,0.17233,0.453824,0.184571
2025-04-17,0.633766,0.300328,0.498824,0.19459,0.468997,0.158641,0.524702,0.228783,0.464119,0.168563,0.442036,0.14702,0.523477,0.221254,0.438046,0.171983,0.453697,0.184468
2025-04-18,0.636377,0.301867,0.5026,0.197499,0.473618,0.161224,0.525841,0.230367,0.463613,0.170205,0.442997,0.148631,0.52301,0.221489,0.436264,0.171919,0.453085,0.184662
2025-04-21,0.63792,0.302859,0.504732,0.198464,0.474549,0.162106,0.52587,0.229779,0.463237,0.168212,0.442631,0.147405,0.523119,0.221605,0.436335,0.171805,0.453167,0.184704
2025-04-22,0.644317,0.302284,0.509629,0.199656,0.481344,0.162373,0.533578,0.231515,0.463558,0.168222,0.4502,0.149063,0.523204,0.22121,0.436254,0.171693,0.45325,0.184364
2025-04-23,0.646943,0.295886,0.517472,0.208096,0.489797,0.164707,0.541065,0.22989,0.47315,0.17245,0.459572,0.150199,0.527393,0.220267,0.44158,0.173752,0.458368,0.184106
2025-04-24,0.647149,0.297083,0.511208,0.208089,0.489164,0.165282,0.547466,0.232266,0.478123,0.174206,0.466258,0.152387,0.52907,0.221519,0.441637,0.174457,0.459765,0.185408
2025-04-25,0.646197,0.298657,0.510021,0.21106,0.487642,0.168541,0.549126,0.233711,0.479931,0.176419,0.468005,0.154518,0.529305,0.221916,0.442167,0.175417,0.460033,0.185891
2025-04-28,0.660692,0.300337,0.519807,0.21237,0.507014,0.170123,0.550681,0.234721,0.476396,0.176103,0.468352,0.154743,0.527464,0.221156,0.438131,0.173782,0.457608,0.184864
2025-04-29,0.642674,0.294393,0.497642,0.202112,0.467437,0.152441,0.553021,0.235306,0.477611,0.176202,0.470894,0.155167,0.52735,0.220053,0.437313,0.171586,0.457455,0.183681
2025-04-30,0.636341,0.293447,0.487995,0.198707,0.456913,0.149171,0.553458,0.235628,0.477591,0.176082,0.471334,0.155298,0.524867,0.219641,0.433271,0.171046,0.454368,0.18318
2025-05-02,0.633437,0.294996,0.481267,0.197664,0.451921,0.150596,0.552981,0.236815,0.474657,0.175718,0.469439,0.155628,0.523634,0.219109,0.429341,0.169118,0.452822,0.182469
2025-05-07,0.635964,0.294656,0.481956,0.195403,0.455272,0.152159,0.552911,0.236606,0.474292,0.176033,0.469271,0.155832,0.523916,0.221093,0.42712,0.170007,0.45189,0.184389
2025-05-08,0.636879,0.29347,0.479303,0.192318,0.456421,0.151257,0.558347,0.238879,0.477899,0.177386,0.474763,0.158613,0.524207,0.221186,0.427164,0.169894,0.452182,0.184448
2025-05-09,0.638165,0.293576,0.484773,0.194494,0.459153,0.152054,0.559239,0.240587,0.478687,0.179428,0.475649,0.160058,0.52543,0.221671,0.428715,0.170495,0.45339,0.18489
2025-05-12,0.633118,0.292153,0.484005,0.196538,0.457417,0.1549,0.559577,0.240856,0.48128,0.18189,0.476788,0.161771,0.52484,0.221383,0.428708,0.170888,0.453057,0.184788
2025-05-13,0.628588,0.290386,0.477393,0.193344,0.452751,0.153166,0.561002,0.24189,0.480881,0.182589,0.478122,0.162887,0.525192,0.220832,0.427071,0.169081,0.453016,0.183921
2025-05-14,0.631652,0.291095,0.479605,0.194521,0.455194,0.154342,0.558814,0.240164,0.474234,0.179779,0.474693,0.16021,0.524605,0.220418,0.425962,0.168469,0.452241,0.183486
2025-05-15,0.633088,0.29543,0.486158,0.198718,0.456022,0.160883,0.552813,0.240831,0.467717,0.179131,0.465531,0.160524,0.525046,0.222527,0.427878,0.17098,0.452834,0.185909
2025-05-16,0.630254,0.296002,0.482734,0.199201,0.450723,0.161148,0.552255,0.23966,0.467119,0.177683,0.464888,0.159048,0.524947,0.222366,0.426792,0.170242,0.452582,0.185612
2025-05-19,0.629673,0.296429,0.488294,0.198879,0.451975,0.162262,0.559601,0.241353,0.475054,0.178161,0.472925,0.160448,0.52558,0.222464,0.428913,0.17077,0.453421,0.185759
2025-05-20,0.626244,0.296618,0.480811,0.197423,0.444519,0.161201,0.55868,0.242676,0.471011,0.179243,0.470874,0.161586,0.525746,0.222069,0.428689,0.170402,0.453704,0.185302
2025-05-21,0.629976,0.297147,0.486964,0.199473,0.45026,0.163066,0.559869,0.242968,0.472761,0.179798,0.472325,0.162094,0.525604,0.221953,0.428414,0.170413,0.453498,0.185236
2025-05-22,0.632221,0.298402,0.495461,0.204801,0.453179,0.164982,0.562139,0.244276,0.478937,0.18369,0.474796,0.163826,0.52537,0.222863,0.428159,0.172422,0.453137,0.186273
2025-05-23,0.631811,0.298786,0.496138,0.204095,0.452873,0.165131,0.561544,0.243814,0.478478,0.183747,0.474187,0.163486,0.525542,0.222969,0.428406,0.172711,0.45329,0.186338
2025-05-26,0.638069,0.298615,0.506331,0.205304,0.465374,0.165771,0.568591,0.245123,0.488497,0.185536,0.483109,0.165115,0.52794,0.223065,0.433103,0.173169,0.456293,0.18657
2025-05-27,0.636236,0.299076,0.502312,0.205005,0.461961,0.165909,0.570697,0.245903,0.487794,0.18454,0.484559,0.16534,0.528099,0.223136,0.433119,0.173153,0.456463,0.186631
2025-05-28,0.632829,0.298498,0.50631,0.208755,0.463645,0.168577,0.57066,0.245469,0.488964,0.18423,0.485264,0.165117,0.527145,0.222122,0.432011,0.172548,0.455786,0.18574
2025-05-29,0.613145,0.295987,0.492712,0.206521,0.427568,0.164356,0.577133,0.246891,0.500715,0.188312,0.494137,0.168243,0.528182,0.222814,0.431773,0.173295,0.45679,0.186608
2025-05-30,0.611401,0.29631,0.490023,0.206227,0.424298,0.164602,0.576469,0.246658,0.501502,0.190391,0.493331,0.168533,0.527174,0.22291,0.430522,0.173442,0.45572,0.186763
2025-06-02,0.611515,0.295088,0.49197,0.20719,0.425611,0.164027,0.57025,0.24782,0.491069,0.191082,0.484841,0.169462,0.526553,0.222365,0.429599,0.172869,0.455134,0.186246
2025-06-04,0.618018,0.296303,0.509175,0.217236,0.444019,0.172734,0.570808,0.247437,0.494933,0.193683,0.48761,0.171045,0.528962,0.22313,0.433033,0.174899,0.458738,0.187485
2025-06-05,0.635133,0.3011,0.517452,0.217493,0.463806,0.176778,0.566213,0.24719,0.486866,0.191272,0.480457,0.169455,0.528712,0.222655,0.43256,0.174055,0.458507,0.186903
2025-06-09,0.635719,0.300368,0.52722,0.220118,0.472592,0.179977,0.568747,0.249306,0.488016,0.193823,0.483582,0.172412,0.528733,0.221669,0.432412,0.172394,0.459064,0.186033
2025-06-10,0.626625,0.297198,0.513115,0.215184,0.458887,0.174498,0.582904,0.255472,0.490075,0.196313,0.497525,0.178196,0.527743,0.221412,0.430698,0.171753,0.457953,0.185729
2025-06-11,0.626045,0.29823,0.508587,0.216972,0.45767,0.17692,0.585234,0.256808,0.49282,0.197896,0.500532,0.180063,0.528118,0.221612,0.432321,0.172401,0.458667,0.186078
2025-06-12,0.625771,0.297696,0.50579,0.217034,0.456695,0.17572,0.568761,0.259699,0.479688,0.197962,0.473383,0.180592,0.527773,0.221225,0.430146,0.17155,0.458122,0.185646
2025-06-13,0.627313,0.293402,0.515368,0.217491,0.462492,0.171745,0.560375,0.255929,0.472785,0.195908,0.459998,0.175417,0.526409,0.219547,0.427633,0.170258,0.456802,0.184041
2025-06-16,0.62596,0.29251,0.507225,0.213403,0.459145,0.1701,0.561719,0.255967,0.474052,0.195785,0.461671,0.175375,0.52634,0.219295,0.428055,0.170102,0.456833,0.18379
2025-06-17,0.625589,0.291628,0.50488,0.210181,0.45866,0.168984,0.560613,0.254522,0.470505,0.192227,0.459822,0.173153,0.526299,0.219718,0.427165,0.170512,0.456594,0.184177
2025-06-18,0.626656,0.292536,0.503255,0.210148,0.459559,0.169963,0.561425,0.255163,0.470233,0.19235,0.460522,0.173629,0.528044,0.220724,0.427998,0.171036,0.458329,0.185174
2025-06-19,0.630684,0.294059,0.507653,0.211092,0.463696,0.171156,0.56048,0.254771,0.468906,0.191842,0.459374,0.172955,0.527269,0.220313,0.426572,0.170516,0.457434,0.184701
2025-06-20,0.635148,0.292962,0.516712,0.208308,0.47022,0.168819,0.561443,0.253648,0.469293,0.190568,0.460083,0.171425,0.527395,0.219265,0.426887,0.168713,0.457588,0.183398
2025-06-23,0.638597,0.292552,0.523216,0.207076,0.476415,0.167976,0.56088,0.252319,0.46769,0.18855,0.459024,0.169527,0.526968,0.218274,0.426647,0.167731,0.457258,0.182191
2025-06-24,0.647114,0.280035,0.535252,0.208272,0.494726,0.158727,0.557479,0.238326,0.462151,0.183991,0.456172,0.155308,0.529183,0.213565,0.430374,0.167623,0.46072,0.177877
2025-06-25,0.645014,0.280547,0.536198,0.210598,0.493012,0.160301,0.549408,0.234605,0.449016,0.176906,0.445367,0.150216,0.52866,0.213427,0.430198,0.167571,0.460312,0.177792
2025-06-26,0.638892,0.280818,0.5228,0.209693,0.482409,0.159167,0.545737,0.230322,0.44358,0.169262,0.440114,0.144075,0.528884,0.213565,0.43158,0.168294,0.460708,0.177969
2025-06-27,0.632697,0.279905,0.508646,0.203655,0.468649,0.15506,0.546093,0.230298,0.445462,0.169631,0.441023,0.144272,0.529302,0.213727,0.43282,0.168728,0.461261,0.178178
2025-06-30,0.612467,0.28264,0.480478,0.199985,0.427187,0.149598,0.544094,0.230449,0.443265,0.170226,0.438758,0.144605,0.529686,0.213781,0.43288,0.168716,0.46171,0.178246
2025-07-01,0.612491,0.286072,0.475484,0.200883,0.423139,0.151369,0.544411,0.232341,0.440733,0.172052,0.437934,0.14625,0.530125,0.214138,0.434038,0.16943,0.462268,0.178631
2025-07-02,0.604532,0.284538,0.455774,0.196391,0.407989,0.147745,0.547472,0.233527,0.44224,0.17255,0.441078,0.147348,0.529206,0.213509,0.432249,0.168199,0.461245,0.17791
2025-07-03,0.609838,0.290633,0.469722,0.206083,0.423876,0.158444,0.552977,0.239371,0.452568,0.179846,0.450284,0.154992,0.532163,0.215218,0.437292,0.171193,0.465203,0.180075
2025-07-04,0.623245,0.291515,0.490591,0.207546,0.44799,0.159693,0.556851,0.241441,0.45908,0.182479,0.455074,0.157321,0.533626,0.215648,0.440839,0.172221,0.467176,0.180621
2025-07-07,0.533358,0.233377,0.457949,0.192621,0.432246,0.171262,0.556082,0.241855,0.455315,0.181588,0.453931,0.157467,0.533025,0.215373,0.439321,0.171486,0.466514,0.180292
2025-07-08,0.524706,0.239732,0.459905,0.195937,0.427187,0.179357,0.547412,0.239306,0.454661,0.181967,0.446972,0.156696,0.530592,0.214955,0.439512,0.171934,0.464594,0.180116
2025-07-09,0.505227,0.231074,0.434233,0.18702,0.400264,0.162424,0.546943,0.239134,0.453626,0.181631,0.446465,0.156659,0.530616,0.214916,0.439511,0.172015,0.464659,0.18011
2025-07-10,0.416486,0.155829,0.412577,0.168611,0.39838,0.164825,0.548218,0.241264,0.457941,0.185572,0.44892,0.159669,0.531388,0.215958,0.44189,0.173656,0.465735,0.181338
2025-07-11,0.422367,0.157292,0.417476,0.168762,0.404567,0.165964,0.549355,0.241557,0.458385,0.186158,0.450074,0.159993,0.531689,0.216062,0.442017,0.173967,0.46604,0.181448
2025-07-14,0.417348,0.156402,0.409865,0.165742,0.398446,0.164624,0.545119,0.240008,0.453057,0.18382,0.445397,0.157955,0.531767,0.215828,0.443057,0.174108,0.466296,0.181245
2025-07-15,0.412573,0.155603,0.402771,0.164649,0.393153,0.163493,0.543498,0.239296,0.451922,0.182954,0.443899,0.157146,0.533062,0.21636,0.442611,0.174217,0.467515,0.181822
2025-07-16,0.404234,0.153303,0.395788,0.163766,0.386173,0.161458,0.540314,0.238114,0.452404,0.182608,0.441986,0.156776,0.531729,0.215958,0.442427,0.174292,0.466386,0.181482
2025-07-17,0.399056,0.1512,0.390624,0.161971,0.380664,0.158954,0.538533,0.235534,0.451378,0.179859,0.440149,0.153582,0.53028,0.215589,0.440557,0.174025,0.464856,0.181111
2025-07-18,0.393749,0.149122,0.387053,0.159321,0.374807,0.156472,0.536355,0.235185,0.449255,0.17959,0.437834,0.15332,0.529828,0.215218,0.439087,0.173452,0.464225,0.180639
2025-07-21,0.390161,0.149786,0.384167,0.160252,0.371387,0.157037,0.536233,0.235322,0.448848,0.179656,0.437687,0.153489,0.529731,0.215234,0.43876,0.173455,0.464125,0.180678
2025-07-22,0.396535,0.150555,0.395752,0.161605,0.378048,0.15766,0.540476,0.235846,0.455647,0.180705,0.442505,0.154126,0.530613,0.215435,0.440993,0.174157,0.465154,0.180907
2025-07-23,0.381701,0.144471,0.381372,0.152102,0.360864,0.149501,0.536797,0.234954,0.452096,0.180219,0.43878,0.153299,0.529513,0.214628,0.441136,0.173359,0.464146,0.180104
2025-07-24,0.378355,0.144904,0.376676,0.1528,0.357397,0.150016,0.534976,0.235725,0.44749,0.180166,0.436409,0.154063,0.529156,0.214454,0.440932,0.17304,0.463765,0.179927
2025-07-25,0.38145,0.143555,0.37893,0.150021,0.360415,0.147252,0.535335,0.235857,0.448041,0.180058,0.436716,0.154007,0.52944,0.214718,0.440935,0.173044,0.46408,0.180189
2025-07-28,0.367545,0.138003,0.372183,0.147409,0.345117,0.141014,0.53119,0.233186,0.448863,0.179568,0.433681,0.152064,0.524848,0.213192,0.439128,0.172563,0.45958,0.178712
2025-07-29,0.365323,0.137655,0.366013,0.147836,0.341972,0.141192,0.51497,0.228375,0.433699,0.174288,0.409099,0.141925,0.525332,0.213561,0.439188,0.173009,0.460033,0.179086
2025-07-30,0.363118,0.137697,0.365358,0.146744,0.340097,0.141133,0.513263,0.228176,0.430531,0.172735,0.407018,0.141037,0.524797,0.213397,0.437973,0.172378,0.459377,0.178886
2025-07-31,0.36688,0.136913,0.371562,0.145892,0.343832,0.140501,0.511387,0.228374,0.429142,0.171915,0.405533,0.141867,0.523812,0.213186,0.438059,0.172329,0.458483,0.178661
2025-08-01,0.457435,0.175961,0.405237,0.164136,0.355349,0.148816,0.542037,0.237859,0.446173,0.179436,0.451324,0.158104,0.535368,0.217314,0.445729,0.176144,0.473689,0.184056
2025-08-04,0.45773,0.172397,0.408393,0.162651,0.356033,0.145074,0.542591,0.237222,0.447994,0.178161,0.452457,0.157269,0.535951,0.216207,0.446121,0.173753,0.474227,0.182743
2025-08-05,0.459918,0.175681,0.410499,0.167778,0.358946,0.148522,0.545156,0.238914,0.454654,0.182942,0.456592,0.160359,0.537765,0.217149,0.44964,0.175755,0.476514,0.183964
2025-08-06,0.466321,0.175906,0.411423,0.166039,0.364617,0.148242,0.545054,0.238974,0.454153,0.182905,0.456505,0.160375,0.538421,0.217444,0.449464,0.175744,0.477109,0.184231
2025-08-07,0.468151,0.178036,0.412542,0.167386,0.366369,0.1506,0.543435,0.238195,0.450044,0.180972,0.454683,0.159451,0.537934,0.217164,0.446915,0.174233,0.476277,0.183666
2025-08-08,0.468658,0.177709,0.411936,0.164822,0.367325,0.149671,0.544417,0.23819,0.452152,0.181122,0.455309,0.159068,0.539693,0.217708,0.447975,0.174529,0.477996,0.184188
2025-08-11,0.462534,0.165396,0.395913,0.150131,0.358567,0.133845,0.543207,0.236909,0.44928,0.178321,0.453679,0.157594,0.538291,0.21649,0.444839,0.172504,0.47627,0.182798
2025-08-12,0.464331,0.16904,0.397202,0.153619,0.35979,0.13766,0.542826,0.237828,0.448141,0.179196,0.452909,0.158358,0.538268,0.216454,0.443684,0.17176,0.476135,0.182708
2025-08-13,0.460248,0.167659,0.388815,0.151811,0.352434,0.134309,0.542479,0.237468,0.448907,0.179273,0.453054,0.158213,0.539085,0.216613,0.445111,0.172143,0.477121,0.182904
2025-08-14,0.46174,0.168427,0.390412,0.152826,0.353176,0.134691,0.542417,0.238039,0.44723,0.179244,0.452417,0.158541,0.538674,0.216113,0.444403,0.171268,0.476643,0.182302
2025-08-18,0.48071,0.177652,0.419017,0.165647,0.382526,0.147822,0.549814,0.24121,0.460089,0.184396,0.462358,0.162624,0.534731,0.213857,0.443939,0.170813,0.471004,0.178964
2025-08-19,0.477316,0.17435,0.412647,0.160062,0.378436,0.142603,0.549758,0.241269,0.462379,0.185419,0.462497,0.162684,0.489204,0.1963,0.436926,0.167535,0.446219,0.155767
2025-08-20,0.478558,0.171821,0.416363,0.157271,0.379799,0.139378,0.550731,0.241065,0.464622,0.184732,0.463698,0.162051,0.482796,0.193792,0.430758,0.164305,0.43839,0.15194
2025-08-21,0.47201,0.172379,0.403652,0.154734,0.370998,0.139598,0.550047,0.2411,0.460005,0.183118,0.462401,0.161691,0.482507,0.194774,0.429624,0.164769,0.437651,0.152741
2025-08-22,0.472681,0.172781,0.402814,0.156304,0.371368,0.139946,0.548987,0.240973,0.457988,0.183653,0.461012,0.16138,0.48288,0.195077,0.429793,0.16506,0.437981,0.152987
2025-08-25,0.476837,0.17638,0.407959,0.16254,0.374284,0.143808,0.550422,0.242547,0.462048,0.187926,0.463186,0.164096,0.482055,0.195115,0.428385,0.165531,0.436979,0.15297
2025-08-26,0.471619,0.173775,0.397353,0.157253,0.365952,0.139216,0.537334,0.240806,0.448368,0.183772,0.444014,0.159612,0.481546,0.194528,0.427518,0.163988,0.436399,0.152246
2025-08-27,0.474506,0.168159,0.39946,0.151186,0.367995,0.130467,0.538332,0.240441,0.448015,0.181949,0.444658,0.15878,0.482192,0.194676,0.428413,0.164127,0.437053,0.15235
2025-08-28,0.472896,0.169481,0.39512,0.151207,0.365106,0.13153,0.538473,0.240982,0.44778,0.182752,0.444594,0.15929,0.481437,0.194087,0.427064,0.16349,0.436223,0.151635
2025-08-29,0.470393,0.163962,0.392698,0.140143,0.358011,0.121736,0.54475,0.242404,0.45349,0.183791,0.451571,0.160723,0.481699,0.194536,0.427254,0.163688,0.436285,0.151865
2025-09-01,0.472419,0.16542,0.40132,0.146153,0.363006,0.125711,0.552897,0.24471,0.459573,0.185659,0.460376,0.163238,0.483637,0.194271,0.429983,0.164066,0.438328,0.151714
2025-09-02,0.467521,0.163721,0.393195,0.144679,0.353016,0.122174,0.553442,0.244417,0.460996,0.185594,0.460993,0.162939,0.483509,0.194428,0.429265,0.164116,0.438084,0.151785
2025-09-03,0.471243,0.162666,0.394686,0.142427,0.356107,0.120832,0.550731,0.242641,0.453014,0.180987,0.456998,0.159968,0.484328,0.194461,0.430246,0.163995,0.438937,0.151822
2025-09-04,0.467576,0.158181,0.386324,0.13812,0.34846,0.115435,0.550206,0.242629,0.447867,0.180311,0.455287,0.159965,0.484666,0.194435,0.430434,0.164007,0.439278,0.151821
2025-09-05,0.466579,0.160612,0.386876,0.142648,0.347597,0.118357,0.549956,0.243236,0.445847,0.181371,0.454856,0.160876,0.485208,0.194924,0.430877,0.164732,0.439809,0.152364
2025-09-08,0.468841,0.164314,0.382523,0.143127,0.345837,0.123594,0.552563,0.244881,0.448989,0.182499,0.457683,0.162319,0.486157,0.195052,0.431983,0.164737,0.440786,0.152488
2025-09-09,0.470247,0.165996,0.382258,0.142531,0.347673,0.125524,0.552469,0.245036,0.446632,0.180721,0.457034,0.162209,0.486171,0.194509,0.431991,0.163764,0.440814,0.151888
2025-09-10,0.471835,0.166674,0.388372,0.144615,0.352779,0.126819,0.552941,0.24451,0.450503,0.180419,0.458739,0.162161,0.48969,0.195566,0.435716,0.165154,0.444648,0.153078
2025-09-11,0.47293,0.166612,0.389542,0.14467,0.35378,0.12669,0.555079,0.245388,0.451923,0.181649,0.460984,0.163057,0.491187,0.196016,0.436412,0.165021,0.44615,0.153432
2025-09-12,0.481702,0.170028,0.403983,0.148879,0.36771,0.130361,0.561625,0.247288,0.460767,0.183853,0.469345,0.165633,0.493246,0.196311,0.440087,0.165744,0.448516,0.153824
2025-09-15,0.475622,0.171013,0.39359,0.15107,0.36037,0.131876,0.561994,0.246843,0.461313,0.182844,0.469665,0.164762,0.494347,0.196865,0.441055,0.166312,0.449598,0.154309
2025-09-16,0.469041,0.170538,0.380861,0.150026,0.348824,0.13122,0.562392,0.246954,0.460454,0.182299,0.469768,0.164768,0.494262,0.196849,0.440606,0.166055,0.449391,0.154231
2025-09-17,0.459107,0.179759,0.37948,0.150855,0.353063,0.129871,0.5666,0.247684,0.467263,0.18378,0.474658,0.165771,0.487836,0.193201,0.436116,0.163341,0.441636,0.148959
2025-09-18,0.460879,0.177396,0.383546,0.149491,0.354241,0.127407,0.566489,0.247941,0.468843,0.184275,0.474529,0.166138,0.487525,0.193201,0.435855,0.163361,0.44138,0.149043
2025-09-19,0.45684,0.175154,0.373682,0.144181,0.3483,0.124794,0.561731,0.247989,0.457709,0.18164,0.467803,0.165241,0.486587,0.192864,0.433123,0.162131,0.440181,0.148499
2025-09-22,0.451705,0.173317,0.364468,0.140904,0.340395,0.122062,0.555232,0.246132,0.446424,0.176444,0.458364,0.162,0.48721,0.192472,0.434219,0.161108,0.440855,0.14806
2025-09-23,0.454729,0.174203,0.367072,0.139988,0.343422,0.122989,0.543494,0.2478,0.430939,0.173543,0.440148,0.160293,0.487076,0.192502,0.433802,0.161009,0.440684,0.148123
2025-09-24,0.457436,0.169836,0.379518,0.138864,0.34942,0.119589,0.544316,0.247966,0.432921,0.173009,0.440867,0.159966,0.491399,0.193581,0.437292,0.161583,0.444978,0.149068
2025-09-25,0.458926,0.171734,0.382763,0.141491,0.351783,0.122044,0.540759,0.247362,0.424783,0.171669,0.435945,0.159118,0.487824,0.191105,0.432255,0.159331,0.440733,0.145842
2025-09-26,0.457641,0.164593,0.386138,0.135701,0.329685,0.106359,0.547056,0.251359,0.434737,0.17508,0.444851,0.163751,0.491435,0.191644,0.437618,0.160495,0.444593,0.146343
2025-09-29,0.450362,0.163227,0.370082,0.131528,0.311753,0.101505,0.551888,0.250861,0.438671,0.174207,0.450331,0.161839,0.492816,0.191419,0.439297,0.159682,0.446052,0.145923
2025-09-30,0.455886,0.165908,0.379752,0.135285,0.318707,0.105078,0.500275,0.209273,0.425729,0.167948,0.399522,0.142502,0.493226,0.191425,0.440287,0.159571,0.446416,0.14591
2025-10-01,0.465678,0.16476,0.37918,0.131879,0.325473,0.102791,0.50201,0.212844,0.42715,0.168774,0.401223,0.145924,0.493472,0.191384,0.440694,0.159218,0.446654,0.145838
2025-10-02,0.472122,0.171687,0.393003,0.140985,0.357734,0.115568,0.494324,0.209014,0.418736,0.166716,0.389832,0.138283,0.493715,0.191631,0.441964,0.160022,0.446916,0.146177
2025-10-10,0.446371,0.159261,0.372389,0.129577,0.326945,0.101249,0.433404,0.156251,0.398588,0.151315,0.369748,0.139731,0.489327,0.191041,0.438447,0.15923,0.441833,0.145392
2025-10-13,0.432486,0.149241,0.368407,0.125154,0.312006,0.0920433,0.429835,0.153752,0.397694,0.149326,0.365686,0.136839,0.482866,0.188612,0.431701,0.156075,0.434344,0.142265
2025-10-14,0.414493,0.146295,0.361698,0.124203,0.292717,0.0888242,0.416903,0.150384,0.38953,0.146637,0.352306,0.133546,0.479395,0.187983,0.429338,0.155067,0.430789,0.141576
2025-10-15,0.426968,0.153867,0.380967,0.135167,0.309215,0.0976849,0.420899,0.153405,0.396397,0.150938,0.357151,0.136606,0.478904,0.18961,0.428611,0.156026,0.430266,0.143219
2025-10-16,0.424818,0.147028,0.374188,0.12776,0.307037,0.0898379,0.413084,0.148486,0.39016,0.147251,0.34825,0.130697,0.476674,0.190252,0.42696,0.156173,0.428334,0.143612
2025-10-17,0.426459,0.145134,0.372012,0.125897,0.308495,0.0887874,0.409308,0.146035,0.385718,0.145567,0.344421,0.128367,0.475218,0.188948,0.426113,0.155228,0.426844,0.142322
2025-10-20,0.438296,0.143181,0.389651,0.126539,0.324204,0.0887732,0.412116,0.145391,0.390704,0.145396,0.348127,0.1279,0.474827,0.187314,0.425429,0.152882,0.42645,0.14031
2025-10-21,0.442068,0.147267,0.392888,0.129612,0.327852,0.0926104,0.41251,0.147198,0.39111,0.146907,0.34855,0.129568,0.475025,0.18799,0.425354,0.153179,0.426638,0.140616
2025-10-22,0.44154,0.145187,0.388442,0.128002,0.32558,0.0904884,0.413478,0.146792,0.393795,0.146557,0.349785,0.129148,0.4757,0.187974,0.427018,0.153825,0.427473,0.140835
2025-10-23,0.451056,0.147542,0.404768,0.133285,0.337731,0.0937189,0.411356,0.144838,0.393864,0.143449,0.347283,0.1259,0.476917,0.188848,0.430579,0.154629,0.428938,0.141449
2025-10-24,0.452196,0.146858,0.410394,0.134763,0.341205,0.0940136,0.409662,0.144067,0.393202,0.143652,0.346235,0.125373,0.476909,0.188215,0.43172,0.154499,0.429123,0.140941
2025-10-27,0.441951,0.143087,0.407483,0.134261,0.332734,0.0917648,0.405456,0.141919,0.392977,0.142545,0.342897,0.12329,0.476105,0.188114,0.432498,0.154992,0.428575,0.141057
2025-10-28,0.463824,0.151352,0.414355,0.136955,0.353798,0.0998092,0.405212,0.142054,0.392198,0.142292,0.342517,0.123505,0.475945,0.18798,0.432421,0.154564,0.428371,0.140893
2025-10-29,0.461797,0.148342,0.410003,0.134392,0.351506,0.0972265,0.401757,0.140847,0.385959,0.140964,0.338806,0.122435,0.4747,0.187425,0.429856,0.15386,0.427065,0.140368
2025-10-30,0.465381,0.154515,0.418009,0.145238,0.357259,0.104991,0.404406,0.144787,0.389767,0.145614,0.341998,0.126871,0.474875,0.188923,0.429871,0.155547,0.427239,0.141908
2025-10-31,0.457192,0.153429,0.405771,0.143867,0.345276,0.102987,0.401253,0.143632,0.38808,0.144619,0.338989,0.125831,0.473266,0.188247,0.428981,0.155176,0.425695,0.141278
2025-11-03,0.344682,0.106055,0.372516,0.121998,0.345276,0.102987,0.400205,0.142994,0.389139,0.14425,0.338038,0.125197,0.471678,0.18819,0.427057,0.155201,0.423769,0.141139
2025-11-04,0.321647,0.105741,0.358772,0.12313,0.320523,0.102684,0.389652,0.141068,0.383075,0.143618,0.327259,0.123385,0.467334,0.186969,0.42442,0.154181,0.419105,0.139914
2025-11-05,0.336722,0.102036,0.374741,0.121383,0.334854,0.0982864,0.397236,0.141158,0.391093,0.144499,0.337117,0.124182,0.474572,0.188764,0.429742,0.155308,0.426822,0.141763
2025-11-06,0.327733,0.0973228,0.375698,0.120966,0.326375,0.0937486,0.397121,0.138897,0.390474,0.14171,0.3368,0.121534,0.475024,0.188342,0.430879,0.155213,0.427404,0.141396
2025-11-07,0.346659,0.110062,0.399553,0.135035,0.345551,0.10668,0.405724,0.145403,0.40369,0.149229,0.347344,0.129081,0.479966,0.191087,0.437761,0.158842,0.432781,0.144414
2025-11-10,0.362685,0.117363,0.412761,0.140705,0.350435,0.112057,0.411651,0.147831,0.409905,0.151099,0.355302,0.131882,0.482903,0.19212,0.441857,0.160274,0.436636,0.145981
2025-11-11,0.363189,0.118693,0.413617,0.142349,0.350847,0.11353,0.408356,0.141184,0.403156,0.144435,0.351403,0.124054,0.48276,0.192643,0.438582,0.159956,0.43593,0.146233
2025-11-12,0.3761,0.118411,0.421709,0.142827,0.36714,0.114233,0.413195,0.141525,0.407759,0.146027,0.358326,0.125101,0.485062,0.192623,0.440392,0.160666,0.438905,0.146489
2025-11-13,0.375864,0.117054,0.420973,0.142531,0.367155,0.113042,0.410827,0.140006,0.404173,0.14558,0.355282,0.123088,0.486598,0.192698,0.442089,0.161111,0.440541,0.1466
2025-11-14,0.401202,0.153962,0.440884,0.165278,0.381208,0.119654,0.422265,0.159515,0.415176,0.157766,0.363737,0.119996,0.489645,0.198674,0.445268,0.166211,0.444044,0.153879
2025-11-17,0.377537,0.143486,0.410588,0.151236,0.353616,0.10757,0.42037,0.158374,0.412741,0.156759,0.361794,0.119013,0.488989,0.198352,0.444423,0.165931,0.443297,0.153607
2025-11-18,0.415217,0.149675,0.43755,0.156535,0.349244,0.105161,0.435545,0.158558,0.421875,0.156255,0.381288,0.120874,0.496982,0.200501,0.452254,0.16859,0.452398,0.15678
2025-11-19,0.410289,0.148796,0.430213,0.154161,0.343728,0.10396,0.433888,0.156958,0.419052,0.153574,0.37935,0.119093,0.496219,0.200943,0.450179,0.168608,0.451523,0.157192
2025-11-20,0.411763,0.148379,0.433808,0.153808,0.344578,0.104536,0.430513,0.156775,0.414811,0.152112,0.375646,0.119233,0.497371,0.201068,0.452275,0.168893,0.45282,0.157507
2025-11-21,0.426463,0.156807,0.452952,0.161509,0.390062,0.115233,0.437827,0.161657,0.425521,0.156903,0.422456,0.139448,0.500046,0.202587,0.456949,0.171317,0.456064,0.160069
2025-11-24,0.427725,0.151151,0.45908,0.153411,0.393162,0.109151,0.440345,0.159307,0.430854,0.154915,0.425261,0.136858,0.498893,0.201156,0.455454,0.169379,0.454622,0.158145
2025-11-25,0.424952,0.150635,0.453252,0.152192,0.390127,0.108638,0.436771,0.157382,0.423973,0.152417,0.421643,0.134778,0.493749,0.198777,0.448798,0.166239,0.448436,0.155277
2025-11-26,0.442173,0.154546,0.470258,0.157072,0.408802,0.113254,0.446815,0.157465,0.435796,0.153539,0.432182,0.134543,0.497947,0.199087,0.45424,0.167203,0.453419,0.155865
2025-11-27,0.442215,0.153804,0.470375,0.155898,0.408908,0.112416,0.445505,0.156937,0.433795,0.152775,0.43061,0.133763,0.500343,0.199234,0.45555,0.166722,0.45586,0.155868
2025-11-28,0.430182,0.152749,0.459582,0.156403,0.394129,0.110842,0.437893,0.153483,0.426843,0.148373,0.422037,0.129642,0.497593,0.199152,0.452773,0.167023,0.452739,0.155817
2025-12-01,0.425616,0.152329,0.448768,0.153442,0.387897,0.109185,0.437048,0.153524,0.42549,0.148487,0.421172,0.129626,0.497741,0.199309,0.452582,0.166987,0.452861,0.155932
2025-12-02,0.422178,0.150995,0.447396,0.151909,0.384439,0.107571,0.434323,0.15218,0.422203,0.146828,0.418448,0.128296,0.497845,0.198963,0.453367,0.166493,0.45315,0.155635
2025-12-03,0.421377,0.150714,0.4465,0.151747,0.383718,0.107234,0.435388,0.151782,0.423266,0.1461,0.419585,0.127933,0.497857,0.198717,0.453658,0.166374,0.453166,0.155401
2025-12-04,0.419701,0.15013,0.447837,0.15167,0.382278,0.105663,0.432961,0.149814,0.421223,0.143837,0.417118,0.125721,0.498647,0.199116,0.454761,0.166413,0.454005,0.155783
2025-12-05,0.411242,0.147931,0.440448,0.149658,0.37342,0.103205,0.427699,0.148662,0.418092,0.143618,0.411733,0.124253,0.497064,0.198745,0.45318,0.165988,0.452321,0.155377
2025-12-08,0.405585,0.146467,0.435022,0.148037,0.36785,0.101839,0.424423,0.149525,0.412616,0.143081,0.407918,0.124945,0.495624,0.197629,0.451073,0.164209,0.450741,0.15408
2025-12-09,0.404955,0.149296,0.434461,0.153891,0.367613,0.105887,0.424514,0.151333,0.411944,0.146351,0.408129,0.127045,0.498044,0.198858,0.453367,0.166069,0.453195,0.155386
2025-12-10,0.405784,0.149032,0.433192,0.154132,0.36855,0.105959,0.424252,0.151256,0.411049,0.146456,0.407865,0.126979,0.498698,0.198787,0.454293,0.16659,0.453809,0.15531
2025-12-11,0.406929,0.149293,0.436062,0.155742,0.370605,0.10709,0.425563,0.15117,0.414866,0.147674,0.40945,0.12723,0.495768,0.199884,0.450034,0.167273,0.450256,0.156307
2025-12-12,0.401452,0.14889,0.427961,0.155164,0.364229,0.106616,0.426645,0.15163,0.415123,0.148448,0.41047,0.127712,0.496688,0.199909,0.450168,0.167356,0.451168,0.156363
2025-12-15,0.401584,0.146798,0.429576,0.155217,0.364507,0.105109,0.423296,0.150225,0.410953,0.148755,0.406963,0.126312,0.493317,0.199191,0.446186,0.166577,0.447177,0.15538
2025-12-16,0.423945,0.155795,0.453924,0.164645,0.393627,0.118105,0.433157,0.155267,0.421517,0.154823,0.418273,0.13263,0.497331,0.201172,0.45028,0.169384,0.451775,0.158007
2025-12-17,0.416164,0.154764,0.437416,0.162926,0.384022,0.11699,0.424868,0.159108,0.412006,0.153107,0.409306,0.13638,0.50219,0.203055,0.450425,0.170006,0.456424,0.159834
2025-12-18,0.42562,0.157716,0.453295,0.16949,0.396845,0.12232,0.431351,0.160262,0.422428,0.15651,0.416895,0.138447,0.505231,0.204034,0.455047,0.171953,0.459914,0.161172
2025-12-19,0.427351,0.157841,0.454406,0.168651,0.397787,0.122246,0.430477,0.159523,0.419934,0.154314,0.415572,0.137521,0.494939,0.204814,0.448965,0.171781,0.44723,0.161525
2025-12-22,0.429624,0.166442,0.457546,0.180011,0.400576,0.13183,0.430124,0.16447,0.41885,0.160837,0.415013,0.142812,0.490723,0.206255,0.445794,0.174355,0.441902,0.163078
2025-12-23,0.432638,0.166626,0.464763,0.18085,0.404451,0.132165,0.432773,0.164749,0.424512,0.161624,0.41792,0.143055,0.49206,0.206565,0.448102,0.174689,0.443291,0.163371
2025-12-24,0.429663,0.171453,0.45496,0.180719,0.40028,0.13903,0.432877,0.165712,0.424432,0.160256,0.418223,0.144897,0.491546,0.206383,0.446581,0.173036,0.442621,0.162777
2025-12-26,0.427799,0.171663,0.453873,0.180734,0.397949,0.139302,0.432857,0.165814,0.424344,0.160341,0.418477,0.145148,0.491412,0.206476,0.446292,0.173087,0.44245,0.16278
2025-12-29,0.41601,0.166563,0.43382,0.17103,0.382425,0.1324,0.426906,0.159353,0.417118,0.152432,0.412044,0.13844,0.491788,0.206022,0.447117,0.172488,0.442949,0.162244
2025-12-30,0.414875,0.165648,0.432151,0.169412,0.382284,0.131955,0.421081,0.158128,0.407247,0.150342,0.405597,0.137126,0.491001,0.205549,0.445257,0.171936,0.441985,0.161856
2026-01-02,0.405319,0.162289,0.42111,0.166387,0.371215,0.127954,0.41742,0.157005,0.405558,0.150194,0.401712,0.13596,0.487631,0.204398,0.441691,0.171083,0.438417,0.160738
2026-01-05,0.408557,0.161197,0.427789,0.166098,0.374528,0.12663,0.425625,0.157265,0.410939,0.149544,0.409867,0.136108,0.484072,0.201603,0.437823,0.168805,0.434268,0.15734
2026-01-06,0.404508,0.160397,0.420365,0.165617,0.3704,0.125497,0.425758,0.158911,0.410565,0.152094,0.41012,0.137826,0.480097,0.199796,0.431233,0.165685,0.429657,0.155193
2026-01-07,0.406722,0.16358,0.423351,0.168634,0.373068,0.128531,0.418411,0.154599,0.404232,0.148172,0.402641,0.13355,0.474966,0.196466,0.426264,0.161259,0.424107,0.151373
2026-01-08,0.412182,0.167514,0.430993,0.173112,0.379374,0.133033,0.417974,0.154135,0.405712,0.148019,0.40244,0.133243,0.474213,0.196088,0.425938,0.161069,0.423433,0.151082
2026-01-09,0.423314,0.172928,0.439188,0.178115,0.390614,0.138088,0.418482,0.155964,0.405851,0.149595,0.402815,0.13502,0.472437,0.196222,0.424525,0.161737,0.421657,0.15147
2026-01-12,0.41515,0.17205,0.427718,0.176059,0.381934,0.136741,0.417373,0.157708,0.404515,0.151284,0.401744,0.136773,0.470654,0.196512,0.421245,0.161729,0.419614,0.151794
2026-01-13,0.418108,0.174348,0.430037,0.178534,0.3846,0.139209,0.418613,0.157102,0.40351,0.150049,0.402447,0.135796,0.471465,0.196465,0.423592,0.162631,0.421063,0.152147
2026-01-14,0.420102,0.177473,0.426453,0.178166,0.386787,0.141751,0.417992,0.156594,0.400735,0.14866,0.402248,0.135318,0.470138,0.197211,0.421722,0.162242,0.419726,0.152793
2026-01-15,0.416044,0.177589,0.422118,0.175191,0.382443,0.141562,0.421272,0.155572,0.404737,0.147701,0.405529,0.134391,0.469785,0.196974,0.421135,0.161893,0.419193,0.152494
2026-01-16,0.415015,0.176726,0.422503,0.172977,0.381459,0.140814,0.422287,0.155891,0.40719,0.147969,0.406518,0.134722,0.469296,0.19715,0.419405,0.161493,0.418528,0.152586
2026-01-19,0.410385,0.174584,0.418702,0.169886,0.376984,0.137979,0.418137,0.152502,0.401473,0.144759,0.402049,0.131103,0.467257,0.195338,0.419091,0.160559,0.416882,0.15093
2026-01-20,0.398012,0.173285,0.397489,0.165066,0.361448,0.136126,0.414945,0.151576,0.397669,0.1437,0.398653,0.130123,0.465871,0.194804,0.417721,0.160068,0.415504,0.150456
2026-01-21,0.382871,0.166546,0.389245,0.161468,0.34672,0.129357,0.398944,0.146101,0.394618,0.141966,0.382459,0.124575,0.455783,0.191243,0.415504,0.159272,0.405613,0.147242
2026-01-22,0.372935,0.163121,0.381444,0.158105,0.336738,0.1256,0.393217,0.144692,0.390068,0.140747,0.376648,0.123262,0.452937,0.190322,0.413951,0.158835,0.402825,0.146427
2026-01-23,0.37216,0.163747,0.379086,0.157687,0.335338,0.125839,0.400665,0.147504,0.392409,0.141576,0.383775,0.125929,0.450841,0.189711,0.411948,0.157585,0.400853,0.145855
2026-01-26,0.353352,0.153893,0.374205,0.15471,0.316094,0.116207,0.38479,0.140542,0.387963,0.139175,0.367416,0.119171,0.441084,0.185925,0.40986,0.156621,0.391298,0.142094
2026-01-27,0.352628,0.148941,0.373785,0.148875,0.315311,0.110577,0.385458,0.140349,0.390448,0.140002,0.368296,0.119262,0.440559,0.184986,0.409587,0.15549,0.391143,0.141361
2026-01-28,0.350142,0.147679,0.373254,0.147985,0.31352,0.109507,0.380142,0.140142,0.385917,0.140372,0.362723,0.119143,0.437693,0.183006,0.408244,0.153761,0.388641,0.139377
2026-01-29,0.355702,0.152739,0.38191,0.153179,0.319217,0.11484,0.343359,0.127866,0.374428,0.134224,0.321154,0.103942,0.439115,0.184731,0.410822,0.155509,0.390458,0.14166
2026-01-30,0.365293,0.157693,0.391971,0.159393,0.330648,0.121856,0.343336,0.133351,0.374727,0.138908,0.321493,0.110469,0.438698,0.186411,0.41207,0.157527,0.390408,0.14422
2026-02-02,0.398631,0.177889,0.397983,0.168604,0.333035,0.133843,0.372883,0.148799,0.385226,0.14286,0.329339,0.115588,0.452166,0.193917,0.419544,0.160964,0.419873,0.169668
2026-02-03,0.436969,0.186344,0.425464,0.175168,0.359623,0.161326,0.398019,0.154853,0.399571,0.145393,0.341682,0.131433,0.462467,0.196078,0.424543,0.162193,0.439564,0.186998
2026-02-04,0.427929,0.178709,0.406008,0.162375,0.347617,0.152799,0.398579,0.1539,0.401272,0.145537,0.342526,0.130853,0.46226,0.196263,0.423357,0.162074,0.439362,0.187309
2026-02-05,0.431828,0.176835,0.411657,0.161577,0.352447,0.150658,0.403949,0.154414,0.407531,0.147189,0.349826,0.131994,0.464212,0.196122,0.426645,0.162865,0.441608,0.187317
2026-02-06,0.432925,0.178061,0.422207,0.169343,0.354861,0.153085,0.405425,0.156171,0.413071,0.151451,0.352038,0.134436,0.467042,0.19704,0.429939,0.164892,0.444712,0.188444
2026-02-09,0.447564,0.183309,0.43697,0.173675,0.373728,0.160627,0.419008,0.160677,0.424896,0.154988,0.369048,0.140488,0.466247,0.196424,0.42896,0.16447,0.443899,0.187902
2026-02-10,0.440765,0.183751,0.430748,0.172494,0.365676,0.160488,0.414258,0.160264,0.420806,0.154259,0.363889,0.139985,0.463956,0.196225,0.426809,0.163967,0.441501,0.187655
2026-02-11,0.4257,0.163392,0.411739,0.149614,0.344627,0.134999,0.412497,0.159431,0.420778,0.153785,0.362164,0.139093,0.462904,0.196384,0.425532,0.16361,0.44043,0.18785
2026-02-12,0.431246,0.167661,0.422753,0.153578,0.35295,0.140236,0.407389,0.158137,0.413367,0.149655,0.356412,0.137355,0.464726,0.197187,0.428914,0.163976,0.442436,0.188682
2026-02-13,0.411748,0.167376,0.403742,0.152327,0.325163,0.138614,0.407747,0.159816,0.414678,0.151446,0.356772,0.139625,0.465065,0.197562,0.430336,0.165037,0.442839,0.189172
2026-02-19,0.42134,0.182291,0.415134,0.167212,0.340365,0.157064,0.41382,0.169232,0.420663,0.15952,0.364983,0.150467,0.468381,0.201461,0.433917,0.169367,0.446746,0.193398
2026-02-20,0.418432,0.183197,0.412738,0.166612,0.337901,0.15835,0.411335,0.168907,0.419545,0.159345,0.362681,0.15029,0.467098,0.201197,0.433252,0.16923,0.445507,0.193155
2026-02-23,0.408851,0.175303,0.401175,0.161588,0.323096,0.146519,0.41241,0.169207,0.422437,0.160967,0.364043,0.150555,0.466972,0.20088,0.433077,0.169368,0.445398,0.192768
2026-02-24,0.39584,0.174587,0.380911,0.159858,0.308137,0.145564,0.407437,0.166607,0.41593,0.15693,0.35883,0.147833,0.465154,0.20026,0.431559,0.168783,0.443503,0.192112
2026-02-25,0.39531,0.17472,0.381474,0.159648,0.308544,0.145711,0.40646,0.165994,0.414582,0.156136,0.358286,0.147265,0.464581,0.199405,0.431412,0.167627,0.443041,0.191242
2026-02-26,0.385482,0.176375,0.3673,0.158603,0.297694,0.147417,0.405199,0.167982,0.413276,0.15703,0.357807,0.149453,0.463486,0.200505,0.431002,0.168612,0.442089,0.192414
2026-02-27,0.38111,0.174686,0.36187,0.156603,0.294068,0.145881,0.401653,0.166784,0.409219,0.155804,0.354352,0.148251,0.460767,0.199706,0.428429,0.167835,0.439344,0.191599
2026-03-03,0.454546,0.168847,0.399137,0.159249,0.353987,0.171621,0.44191,0.163864,0.422123,0.156719,0.381129,0.163664,0.48047,0.197929,0.435402,0.168057,0.451145,0.198454
2026-03-04,0.657634,0.237908,0.433761,0.175887,0.388489,0.177462,0.594914,0.211668,0.434133,0.164576,0.399642,0.16783,0.573382,0.225576,0.443295,0.172101,0.461845,0.200401
2026-03-05,0.700583,0.259788,0.463809,0.193214,0.457676,0.170488,0.633761,0.227868,0.449261,0.172877,0.441446,0.164211,0.601995,0.234545,0.451183,0.176356,0.481792,0.19847
2026-03-06,0.696997,0.260819,0.456369,0.192829,0.452923,0.171263,0.631378,0.228251,0.445832,0.172933,0.438742,0.164479,0.600733,0.234404,0.450194,0.17602,0.480444,0.198304
2026-03-09,0.708027,0.259783,0.483422,0.205093,0.492261,0.175889,0.641796,0.227799,0.460913,0.17951,0.465048,0.165488,0.607794,0.231003,0.455165,0.178114,0.493202,0.195207
2026-03-10,0.711585,0.261477,0.497152,0.211934,0.500638,0.179425,0.642478,0.228286,0.466982,0.182917,0.468286,0.166528,0.608266,0.230404,0.458691,0.180569,0.494725,0.194718
2026-03-11,0.713005,0.261833,0.50056,0.21219,0.502563,0.180029,0.640785,0.227829,0.465054,0.182064,0.466299,0.165979,0.607461,0.230011,0.45794,0.180174,0.493824,0.194291
2026-03-12,0.713474,0.261168,0.502181,0.207978,0.503292,0.178917,0.640875,0.228181,0.465924,0.182485,0.466476,0.166225,0.603932,0.229392,0.451326,0.178306,0.487803,0.192995
2026-03-13,0.71352,0.261228,0.509406,0.209684,0.505543,0.179777,0.642254,0.228546,0.46839,0.183105,0.468421,0.166796,0.604404,0.229368,0.452262,0.178019,0.488554,0.193047
2026-03-16,0.712286,0.260085,0.507425,0.206793,0.504001,0.177938,0.641397,0.227841,0.46896,0.182315,0.468006,0.166096,0.604382,0.229073,0.452991,0.177975,0.488659,0.192745
2026-03-17,0.712393,0.260811,0.509385,0.206297,0.504834,0.178226,0.641121,0.227251,0.466897,0.180855,0.467435,0.165258,0.606462,0.229409,0.4559,0.178214,0.491219,0.193162
2026-03-18,0.716952,0.261399,0.521288,0.20726,0.515705,0.180333,0.644419,0.226965,0.476583,0.181683,0.474796,0.166044,0.611279,0.230119,0.462613,0.178966,0.498037,0.194317
2026-03-19,0.717447,0.261319,0.518228,0.204418,0.513749,0.179609,0.646218,0.227622,0.484863,0.184336,0.479208,0.167763,0.612474,0.230497,0.466997,0.180341,0.50028,0.195092
2026-03-20,0.71789,0.262731,0.518695,0.205932,0.514532,0.1801,0.644934,0.227497,0.478733,0.183466,0.476817,0.167342,0.611364,0.229757,0.462804,0.178215,0.498609,0.194066
2026-03-23,0.731226,0.292292,0.530461,0.216722,0.557166,0.22899,0.658738,0.24743,0.492968,0.193077,0.509201,0.196885,0.62214,0.242208,0.468686,0.183201,0.517258,0.210257
2026-03-24,0.732204,0.291823,0.539932,0.219422,0.560684,0.229031,0.660301,0.247402,0.499312,0.194758,0.512757,0.197237,0.623331,0.241699,0.472226,0.184201,0.519419,0.209872
2026-03-25,0.733755,0.290481,0.545394,0.217295,0.563948,0.227835,0.661567,0.248311,0.503468,0.197044,0.515565,0.198689,0.624956,0.242741,0.476588,0.185753,0.521886,0.21113
2026-03-26,0.731678,0.290183,0.546335,0.2194,0.562767,0.227886,0.661122,0.248207,0.507088,0.198155,0.516265,0.19888,0.624653,0.242633,0.477336,0.186034,0.521908,0.211105
2026-03-27,0.730798,0.287046,0.544207,0.217226,0.561463,0.224025,0.660471,0.248757,0.50236,0.197871,0.514886,0.199375,0.624421,0.242285,0.477006,0.185266,0.521652,0.210759
2026-03-30,0.732339,0.287805,0.55636,0.217862,0.568374,0.226034,0.662242,0.248241,0.508627,0.19785,0.519682,0.199611,0.625927,0.241949,0.481072,0.185842,0.524632,0.210702
2026-03-31,0.737999,0.284372,0.579158,0.21633,0.583788,0.222719,0.665576,0.245158,0.51199,0.193128,0.527262,0.196501,0.631129,0.241316,0.489,0.185631,0.53281,0.210484
2026-04-01,0.747039,0.287329,0.595973,0.221104,0.606507,0.230529,0.674038,0.248373,0.523238,0.196172,0.545038,0.202795,0.638447,0.243486,0.495581,0.186777,0.544946,0.214051
2026-04-02,0.754899,0.287906,0.61889,0.227627,0.624153,0.23338,0.677684,0.248368,0.531115,0.198526,0.554141,0.204161,0.642134,0.243671,0.501352,0.188486,0.551462,0.214884
2026-04-03,0.754362,0.287587,0.614879,0.227406,0.623091,0.233098,0.676986,0.248235,0.53034,0.198694,0.553398,0.203899,0.642177,0.243997,0.501006,0.189139,0.551433,0.215237
2026-04-06,0.754567,0.287299,0.616412,0.226929,0.623562,0.232655,0.676083,0.247431,0.527384,0.197041,0.552099,0.202784,0.64185,0.244018,0.500416,0.189025,0.551036,0.21524
2026-04-07,0.757296,0.288381,0.617763,0.227033,0.626799,0.233829,0.678954,0.248879,0.529344,0.198457,0.555472,0.204522,0.640646,0.243983,0.495612,0.187858,0.549297,0.21506
2026-04-08,0.763618,0.296645,0.631567,0.239187,0.642101,0.246848,0.687384,0.255559,0.542538,0.207956,0.570717,0.213753,0.644618,0.245413,0.497082,0.190118,0.556025,0.217261
2026-04-09,0.765946,0.296968,0.640417,0.24076,0.645679,0.24747,0.692691,0.257095,0.550041,0.210078,0.577329,0.215656,0.642797,0.245945,0.493011,0.189572,0.553036,0.217483
2026-04-10,0.768036,0.297163,0.644847,0.243268,0.648811,0.24824,0.692652,0.257021,0.549277,0.210172,0.577107,0.215596,0.643061,0.246398,0.49312,0.190344,0.553302,0.217971
2026-04-13,0.773685,0.299541,0.654998,0.246912,0.655661,0.250965,0.696063,0.258389,0.553073,0.211787,0.580913,0.21712,0.642732,0.246368,0.491268,0.18998,0.552767,0.217891
2026-04-14,0.775748,0.299979,0.657829,0.249249,0.658583,0.251749,0.69867,0.259942,0.556331,0.213129,0.58415,0.218825,0.643002,0.246789,0.491235,0.189685,0.553023,0.218272
2026-04-15,0.777208,0.301792,0.660111,0.250228,0.660779,0.253876,0.698648,0.260635,0.556973,0.213641,0.584335,0.219613,0.644499,0.245824,0.49426,0.189319,0.554953,0.217276
2026-04-16,0.778084,0.302527,0.659964,0.249731,0.662285,0.254888,0.698911,0.260914,0.558728,0.2143,0.584852,0.220044,0.635497,0.234736,0.488961,0.187,0.540404,0.202792
2026-04-17,0.782598,0.306682,0.663244,0.253397,0.667576,0.259623,0.698852,0.261764,0.558055,0.214767,0.584621,0.22089,0.635918,0.237118,0.489203,0.187576,0.540876,0.205311
2026-04-20,0.78496,0.308288,0.668037,0.255868,0.6705,0.261499,0.697876,0.261725,0.552328,0.213826,0.582915,0.22069,0.634527,0.236518,0.483989,0.18549,0.538654,0.20428
2026-04-21,0.793269,0.311832,0.670711,0.257863,0.682585,0.266201,0.697429,0.261526,0.551143,0.213082,0.582433,0.220346,0.625463,0.228249,0.476526,0.179195,0.5252,0.193436
2026-04-22,0.798899,0.313567,0.678395,0.259834,0.690758,0.268659,0.699252,0.262116,0.552216,0.212888,0.584589,0.220918,0.626057,0.228603,0.47716,0.178965,0.525908,0.193801
2026-04-23,0.802132,0.314078,0.68653,0.26296,0.695711,0.270074,0.699467,0.262454,0.552791,0.213621,0.584859,0.221436,0.625796,0.228444,0.476825,0.178916,0.525643,0.193722
2026-04-24,0.813855,0.320799,0.694866,0.267324,0.712911,0.279048,0.699111,0.262796,0.552624,0.213701,0.584455,0.221685,0.625227,0.22855,0.475865,0.178981,0.524934,0.193801
2026-04-27,0.813989,0.320787,0.691663,0.266081,0.712552,0.27898,0.698346,0.261318,0.549379,0.209773,0.583254,0.219898,0.624153,0.227865,0.472844,0.177384,0.523365,0.192878
2026-04-28,0.818119,0.322353,0.692452,0.26537,0.718599,0.281288,0.69871,0.261518,0.549011,0.209,0.58385,0.22006,0.622936,0.227104,0.470964,0.176288,0.522094,0.19206
2026-04-29,0.818993,0.322496,0.692181,0.26355,0.719383,0.281306,0.699304,0.261742,0.549568,0.208866,0.584532,0.220356,0.62282,0.227076,0.470427,0.175995,0.521933,0.192028
2026-04-30,0.824645,0.32244,0.704739,0.262675,0.728229,0.281202,0.704331,0.262992,0.560601,0.211302,0.591946,0.222121,0.624199,0.227883,0.475492,0.177981,0.524341,0.193108
2026-05-04,0.821311,0.322336,0.688455,0.253953,0.718265,0.277841,0.701722,0.263392,0.552435,0.210147,0.588096,0.22237,0.623397,0.227848,0.475852,0.178343,0.523786,0.19312
2026-05-06,0.811891,0.322609,0.667596,0.251777,0.699335,0.275439,0.699243,0.262354,0.551657,0.209579,0.585161,0.221157,0.619448,0.227073,0.472147,0.176317,0.518987,0.191977
2026-05-07,0.811721,0.326334,0.66617,0.254076,0.698434,0.279069,0.697496,0.26097,0.542346,0.204602,0.582036,0.219103,0.618862,0.227074,0.470604,0.176267,0.518269,0.191961
2026-05-08,0.809429,0.326662,0.654433,0.251023,0.692938,0.278592,0.695974,0.260849,0.537496,0.202748,0.579379,0.218667,0.617531,0.227161,0.470114,0.175776,0.516882,0.19205
2026-05-11,0.805357,0.323495,0.639892,0.243913,0.685815,0.273954,0.691591,0.259054,0.533442,0.201178,0.574186,0.21679,0.614154,0.226159,0.467005,0.174619,0.513059,0.190957
2026-05-12,0.801578,0.319471,0.635797,0.238412,0.679447,0.267975,0.692898,0.259345,0.537557,0.201462,0.575941,0.217186,0.614835,0.225898,0.469728,0.175047,0.514614,0.190908
2026-05-13,0.797817,0.318214,0.63505,0.238513,0.674514,0.26656,0.6884,0.258355,0.534228,0.200506,0.570738,0.215873,0.611908,0.225229,0.468374,0.174551,0.511513,0.190115
2026-05-14,0.800754,0.319274,0.641672,0.240077,0.678949,0.26791,0.687632,0.25169,0.529808,0.190652,0.568591,0.207566,0.612526,0.225199,0.470853,0.174735,0.512631,0.190196
2026-05-15,0.804669,0.329668,0.657246,0.256765,0.689783,0.284665,0.692472,0.260524,0.5431,0.199542,0.578536,0.219515,0.616632,0.231078,0.477777,0.179123,0.519589,0.197701
2026-05-18,0.803558,0.32723,0.658806,0.256249,0.688972,0.281902,0.689149,0.259764,0.537122,0.198521,0.573337,0.218347,0.616363,0.230344,0.479963,0.180323,0.51997,0.197235
2026-05-19,0.803681,0.318282,0.662187,0.242059,0.691175,0.270698,0.690641,0.25805,0.544825,0.198157,0.577537,0.216754,0.617595,0.228839,0.482414,0.178991,0.522715,0.195871
2026-05-20,0.806036,0.32134,0.678479,0.253331,0.696051,0.275348,0.691617,0.259987,0.552916,0.203946,0.580071,0.219276,0.619362,0.229741,0.487492,0.181297,0.525542,0.197153
2026-05-21,0.81082,0.326135,0.69164,0.260616,0.712295,0.283499,0.697388,0.262504,0.557332,0.205763,0.591233,0.222755,0.625541,0.232352,0.494332,0.184407,0.536086,0.201044
2026-05-22,0.809827,0.328598,0.696473,0.266463,0.711323,0.286582,0.695094,0.26438,0.55344,0.207945,0.588984,0.225082,0.624617,0.233036,0.494887,0.185096,0.535612,0.201956
2026-05-26,0.811438,0.330041,0.694972,0.268005,0.712816,0.288265,0.694588,0.264771,0.551914,0.207985,0.588402,0.225536,0.623619,0.231135,0.491636,0.182319,0.53438,0.199809
2026-05-27,0.809841,0.329579,0.690212,0.268152,0.709637,0.287303,0.690822,0.264479,0.544167,0.207297,0.583085,0.224909,0.62187,0.231343,0.489828,0.182886,0.532551,0.200059
2026-05-28,0.810906,0.330702,0.698375,0.274588,0.711445,0.288969,0.689528,0.265013,0.547295,0.210484,0.581928,0.225593,0.620542,0.231376,0.489245,0.184024,0.531163,0.20013
2026-05-29,0.800938,0.336193,0.674132,0.27477,0.685793,0.293242,0.6892,0.265088,0.546355,0.210358,0.58182,0.225705,0.619028,0.231191,0.487642,0.183806,0.529468,0.199905
2026-06-01,0.724217,0.304666,0.647507,0.256971,0.657892,0.286254,0.686973,0.264475,0.543979,0.210418,0.579109,0.224998,0.617236,0.230821,0.485934,0.183534,0.527462,0.1995
2026-06-02,0.675663,0.285962,0.629559,0.242727,0.631317,0.274539,0.686886,0.26338,0.547353,0.210248,0.579372,0.223808,0.616565,0.229396,0.485458,0.181215,0.526929,0.197921
2026-06-04,0.674443,0.282928,0.627789,0.239086,0.629759,0.27094,0.683804,0.262139,0.544394,0.209096,0.575821,0.22242,0.614975,0.228447,0.483646,0.17991,0.525144,0.196885
2026-06-05,0.64923,0.274883,0.608453,0.234914,0.600526,0.261222,0.680422,0.262207,0.547436,0.212812,0.57357,0.223033,0.61278,0.228847,0.483442,0.181884,0.523777,0.197621
2026-06-08,0.695295,0.318685,0.6201,0.253743,0.621129,0.265966,0.701613,0.285867,0.562434,0.226824,0.611427,0.254458,0.63098,0.246376,0.490531,0.188884,0.551763,0.21933
2026-06-09,0.705379,0.316543,0.638637,0.256499,0.637761,0.2653,0.705933,0.285095,0.573144,0.228441,0.619148,0.254137,0.634356,0.245333,0.49571,0.188908,0.557073,0.218523
2026-06-10,0.704612,0.316879,0.641884,0.262631,0.638157,0.267048,0.705985,0.286053,0.577284,0.231397,0.62,0.25552,0.634562,0.246249,0.497054,0.190816,0.557656,0.219642
2026-06-11,0.697714,0.312747,0.632683,0.256033,0.629292,0.26192,0.702978,0.284466,0.573849,0.229357,0.616353,0.253656,0.63268,0.244919,0.495484,0.189298,0.555457,0.218131
2026-06-12,0.701707,0.317618,0.639281,0.26258,0.635714,0.269138,0.703976,0.286643,0.576566,0.23217,0.618607,0.256418,0.634232,0.246684,0.497991,0.191418,0.557898,0.220253
2026-06-15,0.704684,0.325022,0.649176,0.273657,0.640616,0.279085,0.705152,0.290609,0.582551,0.237224,0.621096,0.261297,0.636235,0.24947,0.500841,0.193317,0.56059,0.223475
2026-06-16,0.697213,0.326107,0.634209,0.27343,0.630365,0.279602,0.705076,0.291801,0.581032,0.237611,0.620926,0.262456,0.635353,0.249313,0.499804,0.193409,0.559572,0.223279
2026-06-17,0.682848,0.323176,0.612196,0.266721,0.612975,0.274882,0.699206,0.290153,0.568319,0.233181,0.612794,0.260006,0.631827,0.248397,0.495702,0.192367,0.555329,0.222156
2026-06-18,0.679827,0.320368,0.610077,0.264997,0.610543,0.272235,0.697436,0.289005,0.5686,0.232839,0.611324,0.258697,0.630698,0.247165,0.495491,0.191655,0.554447,0.220921
2026-06-19,0.660513,0.297032,0.597691,0.255032,0.579712,0.235734,0.697683,0.290098,0.569325,0.233566,0.611671,0.259919,0.631202,0.247634,0.498368,0.192885,0.555333,0.221595
2026-06-22,0.65264,0.292832,0.583097,0.249518,0.570185,0.23068,0.695332,0.287609,0.568078,0.231516,0.609156,0.257143,0.629246,0.246012,0.497054,0.19185,0.553348,0.219841
2026-06-23,0.676017,0.3164,0.598848,0.266376,0.595425,0.237717,0.705054,0.296912,0.57941,0.238883,0.639318,0.266221,0.639055,0.254724,0.502679,0.197636,0.578972,0.228715
2026-06-24,0.673964,0.314238,0.599199,0.263186,0.592408,0.234179,0.702583,0.295966,0.576379,0.23775,0.636384,0.265169,0.638012,0.254308,0.502893,0.197532,0.577967,0.228296
2026-06-25,0.669035,0.312524,0.595736,0.262293,0.586962,0.232502,0.699127,0.293148,0.573375,0.235589,0.63247,0.26188,0.635116,0.252984,0.500919,0.196295,0.574809,0.226885
2026-06-26,0.678585,0.323142,0.607697,0.273675,0.601914,0.250404,0.703626,0.298365,0.584401,0.242109,0.639759,0.269081,0.639156,0.256573,0.507556,0.199662,0.580617,0.23153
2026-06-29,0.662696,0.324965,0.587926,0.277209,0.58303,0.254033,0.698786,0.298567,0.583116,0.244045,0.636164,0.269695,0.638117,0.257052,0.507907,0.200397,0.581068,0.232505
2026-06-30,0.642017,0.319537,0.563595,0.270899,0.554952,0.243983,0.696815,0.296622,0.580951,0.242562,0.634064,0.26742,0.636252,0.255739,0.50577,0.199822,0.579213,0.231087
2026-07-01,0.631379,0.317844,0.544759,0.265386,0.535704,0.238145,0.697374,0.296377,0.582278,0.242975,0.6348,0.267245,0.635458,0.255371,0.50415,0.199792,0.578248,0.230732
2026-07-02,0.606305,0.306049,0.536357,0.261551,0.510229,0.227739,0.684748,0.292095,0.576343,0.242236,0.621399,0.26296,0.626214,0.25262,0.499675,0.199018,0.568511,0.227958
2026-07-03,0.607331,0.302742,0.541376,0.259758,0.511698,0.224874,0.684357,0.290741,0.57742,0.240477,0.621081,0.261677,0.625854,0.251728,0.500566,0.198284,0.568201,0.227051
2026-07-06,0.603286,0.301489,0.536882,0.26002,0.507447,0.224082,0.684008,0.291012,0.577172,0.241351,0.62077,0.262053,0.62417,0.251388,0.498014,0.197992,0.566317,0.226695
2026-07-07,0.581381,0.295237,0.511642,0.248259,0.478856,0.212447,0.681677,0.29108,0.575769,0.242259,0.618455,0.262344,0.622147,0.251358,0.496062,0.198538,0.56429,0.226766
2026-07-08,0.590145,0.30584,0.526949,0.26102,0.494751,0.229688,0.685473,0.296524,0.585809,0.248718,0.624463,0.269369,0.625414,0.25571,0.502338,0.202876,0.568948,0.231916
2026-07-09,0.58541,0.301286,0.520708,0.254871,0.490523,0.224822,0.685089,0.294777,0.586416,0.247086,0.624254,0.267512,0.624207,0.25447,0.501637,0.201588,0.567754,0.230612
2026-07-10,0.591909,0.301624,0.531776,0.255875,0.499697,0.225783,0.689281,0.295858,0.59325,0.248627,0.629489,0.26885,0.626186,0.254748,0.506032,0.202307,0.570389,0.231042
2026-07-13,0.588628,0.301655,0.534074,0.260054,0.561679,0.280014,0.68749,0.295846,0.59761,0.251907,0.628767,0.269565,0.624287,0.254027,0.506006,0.202033,0.568993,0.230614
2026-07-14,0.585946,0.301948,0.530027,0.261709,0.559522,0.280686,0.687839,0.296919,0.599129,0.254515,0.629646,0.270879,0.623402,0.254101,0.503732,0.202406,0.568073,0.23075
2026-07-15,0.593374,0.303413,0.54302,0.264559,0.568267,0.282477,0.690219,0.298019,0.60549,0.256359,0.633002,0.272231,0.625939,0.254878,0.508919,0.204013,0.571451,0.231775
2026-07-16,0.589595,0.30086,0.540903,0.264519,0.564517,0.280275,0.689677,0.299536,0.606885,0.25909,0.633074,0.274171,0.626425,0.25513,0.509912,0.204561,0.572291,0.232231
2026-07-20,0.600302,0.306972,0.560299,0.276875,0.578137,0.288772,0.694947,0.304116,0.617926,0.266313,0.640796,0.280319,0.630706,0.258673,0.516493,0.208682,0.578158,0.236641
2026-07-21,0.603697,0.306995,0.561702,0.277266,0.581691,0.288947,0.700767,0.305606,0.621224,0.26809,0.647298,0.282099,0.63005,0.257628,0.514337,0.207195,0.577412,0.235581
2026-07-22,0.602574,0.307912,0.559188,0.278268,0.580238,0.289736,0.702582,0.306469,0.6221,0.268543,0.649417,0.283077,0.629349,0.257477,0.513439,0.206847,0.576664,0.235418
2026-07-23,0.60735,0.30704,0.570708,0.278274,0.585697,0.28873,0.705031,0.306195,0.627864,0.268824,0.652781,0.282942,0.631665,0.257534,0.5175,0.207408,0.57979,0.23565
2026-07-24,0.603894,0.306913,0.569847,0.280903,0.583074,0.289655,0.708042,0.309815,0.631925,0.273165,0.657143,0.287333,0.630392,0.258339,0.518773,0.209098,0.579131,0.236806
2026-07-27,0.605479,0.308604,0.573051,0.284591,0.584523,0.291219,0.708293,0.310169,0.63138,0.273659,0.657372,0.287635,0.631114,0.258536,0.518143,0.208771,0.579713,0.236916
2026-07-28,0.625159,0.323263,0.594793,0.303042,0.585616,0.293217,0.716989,0.317599,0.642819,0.282915,0.671823,0.298727,0.638182,0.264369,0.524874,0.214099,0.591452,0.245242
2026-07-29,0.630786,0.323923,0.607017,0.306946,0.594139,0.295278,0.719233,0.31861,0.649225,0.285395,0.675551,0.300231,0.64152,0.26563,0.531121,0.21641,0.595994,0.246941
2026-07-30,0.623683,0.318622,0.596083,0.30089,0.585528,0.289553,0.717607,0.317325,0.646273,0.282584,0.673414,0.298492,0.639356,0.26469,0.529422,0.215848,0.593659,0.245969
2026-07-31,0.634563,0.327754,0.607617,0.309254,0.60762,0.308768,0.712785,0.320471,0.64724,0.283766,0.67896,0.306297,0.638161,0.266428,0.533075,0.218545,0.601737,0.25237
2026-08-03,0.629443,0.327167,0.59835,0.308827,0.601447,0.307963,0.704831,0.32041,0.63511,0.282803,0.668963,0.305516,0.635206,0.265738,0.531215,0.218515,0.598287,0.251544
2026-08-04,0.627954,0.329374,0.599047,0.311576,0.600437,0.31065,0.703375,0.322671,0.634569,0.285386,0.667434,0.307867,0.634708,0.266553,0.532233,0.220137,0.597933,0.252459
2026-08-05,0.630793,0.330395,0.606892,0.314912,0.603912,0.312391,0.70359,0.324055,0.634204,0.287312,0.667512,0.309488,0.634966,0.267321,0.533923,0.221811,0.598299,0.253372
2026-08-06,0.629582,0.328188,0.607085,0.313082,0.602455,0.309922,0.701222,0.322569,0.629891,0.28493,0.664607,0.307753,0.634884,0.267342,0.53321,0.221525,0.59811,0.253409
2026-08-07,0.628035,0.329959,0.603606,0.313356,0.600764,0.311817,0.697501,0.321118,0.622204,0.281889,0.660004,0.305887,0.633973,0.26692,0.532465,0.221103,0.597159,0.252972
2026-08-10,0.627819,0.327003,0.602436,0.311831,0.6008,0.308874,0.694696,0.318625,0.620912,0.280517,0.656846,0.303274,0.63144,0.265535,0.531329,0.220811,0.594492,0.251563
2026-08-11,0.625556,0.325647,0.597708,0.310921,0.597541,0.307361,0.695179,0.317862,0.621269,0.281005,0.657192,0.302618,0.631436,0.265527,0.530537,0.221172,0.594424,0.251642
2026-08-12,0.617771,0.318519,0.583768,0.301029,0.587962,0.298786,0.69373,0.316884,0.617166,0.280039,0.655162,0.301497,0.626984,0.263424,0.52327,0.217395,0.588688,0.249179
2026-08-13,0.620227,0.323301,0.588328,0.303434,0.590742,0.303981,0.694243,0.318108,0.616624,0.280102,0.655677,0.302853,0.627114,0.264398,0.523663,0.218518,0.588791,0.250282
2026-08-14,0.61998,0.326478,0.585096,0.306426,0.590203,0.307398,0.693891,0.315075,0.614466,0.274208,0.654978,0.299409,0.626866,0.263664,0.523209,0.217043,0.588472,0.249485
2026-08-18,0.621258,0.325472,0.584677,0.304796,0.591717,0.306418,0.695478,0.315496,0.619793,0.276246,0.657057,0.300055,0.62756,0.264138,0.527048,0.218601,0.589493,0.250093
2026-08-19,0.611757,0.322183,0.569267,0.300068,0.57768,0.301769,0.694881,0.316626,0.619626,0.278651,0.656519,0.301407,0.627392,0.264919,0.528418,0.220548,0.589413,0.251029
2026-08-20,0.605461,0.317827,0.562683,0.294934,0.569789,0.296887,0.693332,0.316091,0.618687,0.278396,0.654646,0.300818,0.624902,0.26418,0.526207,0.220062,0.5866,0.250211
2026-08-21,0.602854,0.316767,0.560273,0.294749,0.567006,0.295933,0.692368,0.316368,0.617893,0.279438,0.653495,0.301172,0.623845,0.264285,0.526241,0.220645,0.58556,0.250373
2026-08-24,0.600344,0.314047,0.559214,0.29114,0.564537,0.29317,0.689153,0.31363,0.61392,0.276305,0.649868,0.298148,0.621059,0.262919,0.524108,0.219443,0.582528,0.248913
2026-08-25,0.601612,0.315675,0.559463,0.292326,0.566233,0.29507,0.690325,0.314537,0.615919,0.277695,0.651235,0.29922,0.620226,0.262901,0.523276,0.21947,0.581642,0.248921
2026-08-26,0.604823,0.316282,0.559036,0.290685,0.569601,0.29547,0.68485,0.317522,0.605172,0.278393,0.643303,0.30235,0.619767,0.262794,0.522878,0.219516,0.581148,0.248807
2026-08-27,0.605501,0.317909,0.559499,0.292098,0.570826,0.297528,0.643869,0.30492,0.591542,0.271236,0.631131,0.294311,0.617991,0.262318,0.51802,0.21776,0.57905,0.248248
2026-08-28,0.60666,0.319386,0.558827,0.293144,0.572085,0.29913,0.619991,0.297455,0.578919,0.26484,0.6034,0.285609,0.617668,0.262239,0.516516,0.217259,0.578671,0.248162
2026-08-31,0.607185,0.320609,0.559123,0.295111,0.572468,0.300514,0.620943,0.296911,0.580406,0.264816,0.604416,0.285042,0.617241,0.262356,0.516063,0.217671,0.578196,0.248291
2026-09-01,0.60973,0.321476,0.554656,0.291075,0.574338,0.301253,0.614026,0.295153,0.57007,0.261148,0.59637,0.282775,0.616849,0.262246,0.515699,0.217802,0.577773,0.248181
2026-09-02,0.576901,0.294645,0.540213,0.27882,0.53169,0.26893,0.613696,0.297512,0.570633,0.264681,0.596053,0.285395,0.617983,0.264577,0.519831,0.221916,0.579334,0.25085
2026-09-03,0.560946,0.295285,0.519805,0.27715,0.511274,0.269532,0.612476,0.297018,0.568607,0.264078,0.594793,0.284897,0.616539,0.263807,0.517435,0.220405,0.577763,0.250053
2026-09-04,0.556024,0.29241,0.511355,0.270939,0.505133,0.265918,0.61035,0.295486,0.566561,0.262969,0.59247,0.28329,0.615243,0.263306,0.515783,0.219955,0.576331,0.249511
2026-09-07,0.559779,0.293844,0.516781,0.270554,0.509633,0.267309,0.610575,0.294853,0.566672,0.260929,0.592622,0.282498,0.614936,0.262992,0.515673,0.219232,0.57597,0.249142
2026-09-08,0.555613,0.289714,0.509299,0.264585,0.502411,0.261475,0.61143,0.295301,0.569097,0.261925,0.593643,0.282975,0.615549,0.263034,0.518443,0.219855,0.576715,0.2492
2026-09-09,0.546631,0.279088,0.496309,0.252206,0.490122,0.247779,0.609337,0.294644,0.56695,0.261196,0.591438,0.282248,0.614552,0.262842,0.516788,0.219482,0.575648,0.248992
2026-09-10,0.547643,0.278685,0.497807,0.251357,0.491057,0.247191,0.606176,0.294895,0.559982,0.260971,0.587684,0.282369,0.614458,0.263078,0.515562,0.219336,0.575483,0.24921
2026-09-11,0.555528,0.280605,0.506241,0.254601,0.499877,0.249318,0.604269,0.295788,0.556493,0.260943,0.58559,0.283177,0.613737,0.263106,0.515889,0.220009,0.574793,0.249261
2026-09-14,0.556943,0.284114,0.506741,0.256749,0.502555,0.253254,0.603181,0.29597,0.556008,0.261582,0.584435,0.283343,0.612906,0.262936,0.516046,0.220443,0.573975,0.249081
2026-09-15,0.554384,0.282425,0.498977,0.252952,0.499692,0.250952,0.59184,0.284157,0.543528,0.253277,0.57109,0.269846,0.612263,0.262924,0.515408,0.22026,0.57329,0.249053
2026-09-16,0.558638,0.288132,0.50267,0.256453,0.504379,0.256967,0.589756,0.284838,0.538318,0.252601,0.568409,0.270363,0.611867,0.262816,0.514968,0.219848,0.572814,0.248907
2026-09-17,0.530235,0.268531,0.47554,0.237119,0.462702,0.230555,0.588414,0.284552,0.533747,0.250623,0.566747,0.26991,0.611882,0.263006,0.514865,0.219861,0.572841,0.249083
2026-09-18,0.531108,0.269375,0.473486,0.23784,0.462352,0.231484,0.588268,0.284653,0.531886,0.250254,0.566462,0.270019,0.61154,0.262933,0.514,0.219955,0.572428,0.24899
2026-09-21,0.534323,0.271928,0.476541,0.240384,0.466788,0.234262,0.58778,0.284974,0.531699,0.250557,0.565859,0.270315,0.611323,0.262701,0.512434,0.219155,0.572067,0.248707
2026-09-22,0.520672,0.262475,0.455954,0.230054,0.447133,0.220976,0.586951,0.286673,0.528435,0.250901,0.564685,0.271874,0.611272,0.262727,0.512846,0.219331,0.572023,0.24874
2026-09-23,0.502771,0.253644,0.445621,0.222841,0.418154,0.207263,0.581357,0.287953,0.517887,0.251826,0.558125,0.2731,0.610563,0.262309,0.510876,0.218747,0.571179,0.248269
2026-09-28,0.505946,0.254007,0.447295,0.224021,0.421885,0.207979,0.568683,0.283207,0.503974,0.247622,0.542929,0.267482,0.609715,0.261217,0.510001,0.217887,0.570256,0.247178
2026-09-29,0.50506,0.254682,0.448199,0.226058,0.420504,0.208754,0.562989,0.282822,0.494909,0.246177,0.535937,0.266719,0.609165,0.261039,0.509685,0.218434,0.56968,0.247034
2026-09-30,0.520991,0.261886,0.452906,0.229224,0.437273,0.21638,0.562065,0.282456,0.493775,0.245017,0.534966,0.266303,0.608255,0.260843,0.507254,0.218046,0.568655,0.246815
2026-10-01,0.514459,0.264356,0.445392,0.231427,0.429658,0.219883,0.559979,0.281903,0.492918,0.245189,0.532833,0.265813,0.606742,0.260554,0.506055,0.218002,0.567063,0.246524
2026-10-02,0.51986,0.264321,0.447601,0.22987,0.435603,0.21973,0.559458,0.280499,0.491948,0.24413,0.532363,0.264353,0.606466,0.260052,0.505477,0.217764,0.566769,0.246024
